id,name,active,scrambles,solution,algo_type_id,algo_type,cube_type,group_name,img_link,colors,rotate,pro_only
333_oll_4,4,checked,"R L' B R' U2 R B L' B R U2 D2 R2 L2 U2 D2
R L' B R' U2 R B L' B R U F2 B2 D2 F2 B2 U R2 L2
R B U2 B' R' U2 R' F R F U' F2 U' R2 U F2 U F2 U' R2
R' U2 F' U2 L F' L' F2 R U D2 F2 D' B2 D F2 D' B2 D'
B' R2 F R U2 F' R B L2 U L2 F2 U F2 D' L2 B2 U' B2 D
B' R2 F R U2 F' R B L2 U F2 U' L2 D L2 D' B2 U F2 B2
B' R2 F R U2 F' R B L2 U L2 B2 U L2 U' B2 L2 D' B2 D
F' L' U2 L2 F' L' F U2 F R2 U R2 D' F2 U' L2 U' L2 D F2
R' F' R L' B U2 R2 L F' U B2 U R2 D' R2 D' L2 F2 D2 B2
R' F' R L' B U2 R2 L F' U F2 U2 R2 U L2 D L2 F2 U F2
F' R L' B R' U2 L U2 F U' R2 B2 U' B2 R2 D' R2 D R2
F' L' U2 L2 F' L' F U2 F' U2 R2 U R2 U R2 U2 R2 U' F2
R2 U2 B' R' B R F R' F U2 F2 R2 F2 U' B2 U' F2 U B2 U
R2 F' D2 B L' U2 B' D2 F R2 U R2 F2 R2 F2 U F2 R2 F2 U2
L' B2 R B U2 R' B L' U F2 U2 L2 U' F2 U2 L2 F2 U F2",M U' r U2 r' U' R U' R' M',3_oll,OLL,333,Dot,,"#3F464F,#000000,#000000,#000000,#3F464F,#3F464F,#3F464F,#3F464F,#000000,#3F464F,#000000,#3F464F,#000000,#3F464F,#3F464F,#3F464F,#000000,#3F464F,#000000,#000000,#3F464F",0.0,
333_oll_20,20,checked,"R L' F2 D2 B R L U B2 D' L2 D' B2 U B2 U F2 U' L2 U2
R L' F2 D2 B R L U B2 D' R2 L2 D2 R2 D B2 U F2 B2 L2
R L' F2 D2 B R L F2 B2 L2 D F2 B2 U F2 B2 D F2 U' D2
R L' F2 D2 B R L' F2 D F2 R2 L2 U B2 U B2 U B2 D2
R L' F2 D2 B R L U' F2 L2 B2 D' L2 F2 U' B2 U D2
R L' F2 D2 B R L U B2 R2 F2 D F2 U F2 L2 F2 B2 U D2
R L' F2 D2 B R L F2 U' L2 D' R2 U' B2 R2 F2 R2 D L2
R L' F2 D2 B R L D L2 F2 U' B2 L2 D R2 U F2
R L' F2 D2 B R L U B2 U B2 U R2 D B2 U' D
R L' F2 D2 B R L F2 L2 D F2 R2 F2 L2 F2 U' R2 B2 R2 D2
R L' F2 D2 B R L F2 U' R2 B2 L2 F2 D F2 U R2 U R2
R L' F2 D2 B R L U R2 D L2 U2 B2 L2 B2 D F2 U' F2 L2
R L' F2 D2 B R L U F2 U D2 B2 L2 D' B2 D B2 U2 F2
R L' F2 D2 B R' L D' R2 D' L2 F2 U' R2 U R2 U' R2 U L2
R2 U2 F B' R F B U2 R2 F2 D' R2 D' B2 U' F2 D2 B2 U'",r U R' U' M2 U R U' R' U' M',3_oll,OLL,333,Dot,,"#3F464F,#000000,#3F464F,#3F464F,#000000,#3F464F,#000000,#3F464F,#000000,#3F464F,#000000,#3F464F,#000000,#3F464F,#000000,#3F464F,#000000,#3F464F,#3F464F,#000000,#3F464F",0.0,
333_oll_28,28,checked,"F U F' R' F2 U' F' U R L2 F2 R2 D' L2 B2 L2 D R2 L2
R F D B2 R D2 F U' L' U D F2 R2 U' F2 D B2 D' F2 U2
R U' D F R2 F' U D' R U F2 R2 F2 U' R2 F2 U2
R U R' B' R2 U' R' U B R2 F2 U2 R2 F2 R2 U2 F2
R' F' L U2 L' F R B2 U' L2 U2 B2 U B2 U L2 B2 U B2 U2
R L F R2 F R L B2 R2 D' B2 L2 F2 U2 R2 U' R2
R L F U2 F R L F2 R2 F2 R2 F2 D' F2 D R2 L2 U2 R2
R F R' F2 L F' L F2 U R2 U' F2 U2 F2 R2 B2 D R2 D B2
R L F U2 F R L U L2 B2 U2 D R2 U' B2 U' B2
R' F' L U2 L' F R F2 U F2 R2 L2 U' R2 D F2 B2 R2 D' F2
R F R' F2 L F' L B2 U2 B2 L2 F2 D R2 D R2 U' F2 D F2
R L F R2 F R L U R2 B2 U' L2 D R2 L2 D2 L2 F2 U
R' B' D' F2 R' D2 B' U L U B2 D2 F2 U' D2 B2 D L2 D2 B2
F U F' R' F2 U' F' U R L2 D' R2 F2 U' R2 U L2 U' B2
R' F D B2 R D2 F U' L D F2 U' F2 U2 B2 L2 D L2 F2 B2",r U R' U' r' R U R U' R',3_oll,OLL,333,Corners Oriented,,"#3F464F,#3F464F,#3F464F,#3F464F,#000000,#000000,#000000,#3F464F,#3F464F,#000000,#000000,#3F464F,#000000,#3F464F,#000000,#3F464F,#000000,#3F464F,#3F464F,#000000,#3F464F",0.0,
333_oll_26,26,checked,"R U R2 U' R2 U R U2 F2 R2 F2 U2 F2 R2 F2 U
R U R2 U' R2 U R L2 D' R2 D' R2 D' R2 D' R2 D' L2
F' D' B D F' D' B U R2 L2 B2 U' R2 D B2 U2 B2 L2 B2
F' D' B D F' D' B U B2 U' F2 R2 U' F2 L2 F2 R2 B2 U2
R U R2 U' R2 U R L2 F2 U' B2 R2 F2 D' B2 U
R U R2 U' R2 U R F2 U' L2 B2 R2 D' B2 L2 U
R U R2 U' R2 U R F2 R2 B2 U' R2 F2 R2 D R2 L2 D'
R U R2 U' R2 U R U' F2 R2 F2 U F2 R2 F2 U'
R U R2 U' R2 U R U F2 U L2 B2 R2 D B2 L2
R U R2 U' R2 U R U' F2 L2 B2 D' B2 L2 F2 U
R U R2 U' R2 U R U' F2 R2 B2 D' F2 B2 U' B2 L2 B2
R U R2 U' R2 U R U F2 R2 F2 U' F2 R2 F2 U'
R U R2 U' R2 U R U F2 U R2 U' R2 D R2 D' R2 F2
F' D' B D F' D' B U R2 F2 L2 D2 L2 F2 R2 U B2 D F2
R' U2 R U R' U R' U R2 F2 U2 F2 U R2 D' F2 D F2 U2 R2",(R U2 R') U' R U' R',3_oll,OLL,333,Cross,,"#3F464F,#3F464F,#3F464F,#000000,#3F464F,#000000,#000000,#3F464F,#3F464F,#000000,#000000,#000000,#3F464F,#3F464F,#3F464F,#000000,#3F464F,#000000,#000000,#3F464F,#3F464F",0.0,
333_oll_13,13,checked,"R2 B' R F R F' R2 B R2 F2 D2 L2 D L2 D F2 R2 U' R2 U'
F U2 B' R' F R' B D R2 F2 L2 U2 F2 U' B2 U F2 U' L2
R' F2 D F' D' F' R F2 U F2 L2 U L2 F2 U' F2 U
L2 F' L B L F' D2 B R2 B2 U2 L2 U B2 R2 D' B2 U' L2 U
R U F' L2 B' L2 F U R B2 U R2 D' R2 D B2 U' R2 U'
R L2 B' L2 B L2 B' R U R2 F2 U B2 U' B2 D F2 U
B L2 F B2 R' F R' B' L2 F2 U B2 U' B2 D B2 D' R2
F2 U' B L F L F' L2 B' U R2 D2 B2 D' B2 D' R2 F2 U2
R' F' L F' R' D2 L' B2 U F2 U' F2 L2 U' L2 F2 D' F2 B2 R2
R2 F D R U R' U' D' F U D' L2 F2 R2 U2 R2 D R2 U B2
R U B' U2 F' L2 F U R' F2 U' L2 U F2 R2 U B2 U' R2 U'
R' F' L F' R' D2 L D2 R2 F2 U' B2 U F2 U' R2 F2 D' R2 B2
B' R' F R' F' R2 B U2 R2 U R2 D' R2 D B2 U' B2 R2
R B' R2 F R B2 U2 L2 B U' R2 D' R2 U' B2 R2 F2 D2 R2
B' R' F R' F' R2 B R2 U F2 R2 F2 U2 F2 R2 F2 U R2",F U R U' R2 F' R U R U' R',3_oll,OLL,333,Knight Move Shape,,"#000000,#000000,#3F464F,#3F464F,#3F464F,#3F464F,#3F464F,#000000,#3F464F,#000000,#000000,#000000,#3F464F,#3F464F,#000000,#3F464F,#3F464F,#3F464F,#3F464F,#000000,#000000",0.0,
333_oll_19,19,checked,"R B' R B2 U L' B L' F2 U L2 B2 R2 D2 B2 U B2 D' R2 U'
R B' R B2 U L' B L F2 B2 R2 F2 U' F2 U' F2 U R2 F2 U'
R L' B' R' F' L2 F L' F2 U' B2 L2 D' F2 R2 U' D' B2 R2 B2
R L' B' R' F' L2 F L D' L2 F2 D F2 D F2 U' F2 L2 U2 L2
R B' R B2 U L' B L B2 U' R2 U' R2 U' R2 U2 R2 U' R2
R B' R B2 U L' B L U R2 D L2 U' L2 U2 B2 D' R2 B2
R B' R B2 U L' B L F2 D B2 L2 D' B2 D F2 U F2 L2 F2
R B' R B2 U L' B L B2 U F2 B2 L2 D L2 F2 B2 U' R2 U'
R B' R B2 U L' B L U' B2 R2 D L2 U F2 U F2 D' L2 U'
R' L F' L' B' R2 B R' U' D F2 L2 U F2 R2 F2 L2 B2 U' F2
R B' R B2 U L' B L' F2 U' R2 D' R2 U F2 D2 F2 L2 B2 U
R B' R B2 U L' B L U' F2 U' F2 U' F2 U2 F2 B2 R2 U'
R B L U L' U B' U2 R U R2 U R2 U' R2 U R2 U2 R2 U
R U' B2 U B2 U L' B' R L U F2 B2 U B2 U' F2 U' R2 U'
L F' L F' R2 D2 L B L' F2 D F2 R2 U F2 U' L2 B2 U' B2",r' R U R U R' U' M' R' F R F',3_oll,OLL,333,Dot,,"#3F464F,#000000,#3F464F,#3F464F,#000000,#3F464F,#000000,#3F464F,#000000,#3F464F,#000000,#3F464F,#000000,#000000,#3F464F,#3F464F,#3F464F,#000000,#3F464F,#000000,#3F464F",0.0,
333_oll_39,39,checked,"F2 R' D F D' F' R U F2 U' R2 B2 U' L2 B2 R2 U F2 D'
F2 U R' L2 B' R2 B R' L2 U2 R2 U R2 L2 B2 R2 D' B2 L2 U2
R2 B2 R U' F' U F R' U B2 R2 D B2 D' B2 R2 U' R2 U'
L' B L U2 B U2 B' U B2 U2 R2 U B2 U2 R2 U' B2 U2 R2 U
R2 F2 R' B U B' U' R U R2 D' R2 D B2 U' F2 B2 R2 U
R B' R' U2 F' L2 F R2 U' B2 R2 F2 D' F2 U2 R2 B2 R2
R B' R' U2 F' L2 F L2 B2 U L2 B2 L2 U B2 U2
F U' R U2 R' U F' U2 F2 U F2 U' F2 U2 F2 U F2 U' F2 U'
F U2 F R' F' R U2 F U2 F2 U' F2 U' F2 U
F U' R U2 R' U F' U R2 L2 D B2 D' R2 L2 F2 U' F2 U F2
R2 F2 R' B U B' U' R' U' B2 U B2 D' B2 D B2 R2 D F2 R2
F U2 F R' F' R U2 F' L2 F2 U2 L2 U L2 U F2 L2 U
F R' F' U B2 L U L' U B2 U2 R2 U B2 D' R2 D B2 R2 B2
R' F U' F U F' R' F2 U' F2 R2 U R2 U' B2 U B2 D' R2 D
R F R2 F' R B2 U2 B2 R2 U' R2 U2 R2 B2 U' B2 U R2",L F' L' U' L U F U' L',3_oll,OLL,333,Big Lightning Bolt,,"#000000,#000000,#3F464F,#3F464F,#3F464F,#3F464F,#000000,#3F464F,#3F464F,#000000,#000000,#000000,#3F464F,#3F464F,#000000,#3F464F,#3F464F,#000000,#3F464F,#000000,#3F464F",0.0,
222_oll_7,7,checked,"L' U' L y U L U L'
R' U' R y U R U R'
R U R' U' F' U' F
R U R' y U' L' U' L
F R F' U' R' U' R
L' U' L y' U R U R'
R' F' R U F U F'
F U F' U' R' F' R
F U F' U' L' U' L
R F U' F' U' R' F",L U' L' U' y' L' U L,2_oll,OLL,222,,,"#3F464F,#3F464F,#3F464F,#000000,#3F464F,#000000,#3F464F,#3F464F,#000000,#3F464F,#000000,#3F464F",0.0,
333_oll_30,30,checked,"F R U R' U' F U F2 U F2 U' F2 U L2 U' L2 D F2 D' F2
F R U R' U' F U R2 L2 U F2 U F2 U2 L2 U R2 U2 F2 U
R B' R D B2 L' B L B2 L2 U R2 D' F2 D L2 F2 U L2 F2
R B' R D B2 L' B L D2 R2 U R2 B2 U B2 U' B2 D R2
R2 B' R U2 R' U2 R' B U2 B2 U2 R2 F2 D B2 D' F2 U2 R2 B2
F L' B2 D' R' D B2 L F' U L2 U' F2 U F2 U L2 F2 U2 F2
B U L U' L' B U F2 D2 R2 U' R2 U' F2 D2 B2 L2 D' L2 D
L' B' L U L' B L U B2 U2 B2 U' L2 D F2 D F2 D2 L2
B U L U' L' B U B2 U2 L2 D' R2 D' F2 R2 D2 L2 U' B2 U
R2 B' R U2 R' U2 R' B R2 L2 F2 U F2 U' F2 L2 U2 B2 R2 B2
F' U' L' U L F' U R2 U2 F2 U' R2 U R2 D2 L2 B2 D L2 D
R B L' U2 F2 L B' R' B2 D' B2 U R2 U' F2 B2 U L2 U' B2
F2 R2 B' R D R' D' B R2 D' L2 U F2 U' L2 U F2 L2 D
R' U' R' U R B' R B L2 F2 U L2 B2 R2 D B2 U
L U L U' L' B L' B R2 L2 F2 D2 F2 R2 B2 U' B2 L2 B2",F R' F R2 U' R' U' R U R' F2,3_oll,OLL,333,Awkward Shape,,"#3F464F,#3F464F,#3F464F,#000000,#3F464F,#000000,#3F464F,#000000,#3F464F,#000000,#000000,#3F464F,#000000,#3F464F,#000000,#3F464F,#000000,#3F464F,#3F464F,#000000,#3F464F",0.0,
333_oll_46,46,checked,"F' U' L' U L F R2 U' R2 U R2 B2 R2 U B2 U' R2 B2
R2 F2 B' D R D' R' B U2 R2 F2 U F2 U2 R2 U' F2 R2 U2
B' U' R' U R B R2 F2 R2 L2 B2 L2 U R2 L2 D R2 L2
L2 F' B2 D L D' L' F U2 B2 L2 B2 L2 U B2 U2 L2 U' B2 L2
R2 F B2 D' R' D R F B2 U2 R2 F2 U F2 U2 R2 U' F2 R2 U2
R U B' U' R' B' U B R2 F2 R2 U' R2 L2 D' R2 B2 L2 U2
F R U R' U' F U' R2 B2 L2 D L2 B2 R2 U2 F2
R2 F B2 D' R' D R F' U2 R2 B2 U' B2 U2 R2 U B2 R2 U2
R U B' U' R' B' U B U' R2 U' F2 L2 B2 D' L2 F2 U
B U L U' L' B U' R2 U' F2 L2 B2 D' L2 F2 U B2
B U L U' L' B U F2 R2 U' L2 B2 R2 D' L2 U' B2
F R U R' U' F U R2 F2 R2 U2 R2 F2 R2 U F2
F' L F U2 R B2 R' U' F2 L2 U' R2 L2 B2 U B2 U' R2 U F2
R F R F2 L F' L D2 R2 D' R2 D' R2 L2 D R2 D' F2 R2
F L F2 L' F U R2 D R2 D' F2 R2 U' R2 F2",R' U' R' F R F' U R,3_oll,OLL,333,C Shape,,"#3F464F,#3F464F,#3F464F,#3F464F,#000000,#000000,#3F464F,#000000,#000000,#3F464F,#000000,#3F464F,#000000,#3F464F,#000000,#000000,#3F464F,#000000,#3F464F,#3F464F,#3F464F",0.0,
333_oll_51,51,checked,"F' L2 B' D2 F2 R B' R F U2 B2 U R2 U' R2 D R2 D' F2 D2
L F2 L2 B L F2 L2 B R2 U F2 R2 B2 D F2 U2
R B2 R2 F R F2 L2 F U R2 D R2 L2 U' L2 U2 L2 F2 L2 U'
R U2 L' F' B' U2 B' L F' R' B2 U R2 U' R2 D' B2 D F2 U2
R D L2 D2 B' D B R U' B2 U R2 F2 D' R2 L2 B2 D' R2 F2
F' L2 F U L2 D R' F R F2 D' F2 U2 F2 L2 F2 U L2 U F2
R' U2 R U2 R' B L' B D2 L' D2 L2 U R2 U' R2 U' B2 U2 R2
F' D' L' U' L' U L2 F2 U2 F D2 R2 U D2 F2 D F2 R2 U' F2
L F2 R2 F L F2 R2 F R2 U' B2 R2 F2 D' B2 U2
F' U' L' U L U' L' U L F' U2 R2 B2 L2 D' L2 B2 R2 U F2
R D L2 D2 B' D B R D2 R2 L2 U R2 D L2 D L2 D R2
L F2 R2 F L F2 R2 F D' R2 B2 R2 D R2 F2 L2 F2 R2 F2
F R U2 F2 B2 L D2 L F R2 L2 D' L2 F2 L2 U F2 R2 D
F R2 B2 R F' R2 B2 R B2 U' B2 U R2 D' R2 D B2 R2
F R2 B2 R F L2 F2 R' F2 U' B2 U R2 D' R2 D L2 F2 R2 B2",F U R U' R' U R U' R' F',3_oll,OLL,333,I Shape,,"#000000,#000000,#3F464F,#3F464F,#3F464F,#3F464F,#3F464F,#000000,#3F464F,#000000,#000000,#000000,#3F464F,#3F464F,#3F464F,#3F464F,#3F464F,#000000,#000000,#000000,#3F464F",0.0,
333_oll_27,27,checked,"F' U B U' F U B U F2 R2 U R2 U' R2 D R2 D' F2 B2
R U2 R' U' R U' R U' R2 U R2 B2 R2 U B2 U' R2 B2
R D L' D' R D L U2 B2 U2 L2 U L2 B2 U B2 D' B2 U2 R2
R D L' D' R D L' U L2 U L2 U2 L2 D' R2 U R2 U R2 U2
R U2 R' U' R U' R F2 U' F2 U F2 R2 B2 D L2 D' B2
R U2 R' U' R U' R U2 F2 L2 B2 D' B2 L2 F2 U R2
R U2 R' U' R U' R U' F2 R2 F2 U2 F2 R2 F2 U' R2
R U2 R' U' R U' R U2 F2 L2 B2 D B2 L2 F2 U' R2
R U2 R' U' R U' R B2 U B2 U' B2 R2 F2 D' L2 D F2
R U2 R' U' R U' R U' F2 L2 B2 D B2 L2 F2 U2 R2
R U2 R' U' R U' R U F2 R2 F2 U2 F2 R2 F2 U R2
R U2 R' U' R U' R U F2 L2 B2 D' B2 L2 F2 U2 R2
R' U L U' R U L F2 U' L2 D L2 D' B2 U F2 B2 L2 U
R' U' R U' R' U2 R L2 U L2 D' B2 R2 U' R2 D B2
R D L' D' R D L D' R2 L2 B2 U' B2 U B2 D' B2 D L2",R U R' U R U2 R',3_oll,OLL,333,Cross,,"#000000,#3F464F,#3F464F,#3F464F,#3F464F,#000000,#3F464F,#000000,#3F464F,#000000,#000000,#000000,#3F464F,#3F464F,#000000,#000000,#3F464F,#3F464F,#3F464F,#3F464F,#000000",0.0,
333_oll_43,43,checked,"B L U L' U' B U R2 F2 L2 D' L2 F2 R2 U2 B2
F' L' U' L U F R2 U R2 U' R2 F2 R2 U' F2 U R2 F2
R U B' U' R' B' U B U' R2 U2 F2 L2 B2 D2 L2 F2 U'
R2 F2 U' R' F R2 F' R U2 B2 D' B2 U' B2 D2 F2 L2 B2 R2 U'
B' U' R' U R B R2 U F2 L2 B2 D' B2 L2 F2 U2 R2
F U R U' R' F U' R2 B2 L2 D L2 B2 R2 U2 F2
R' U' R' F' B2 L F' D L' B2 U R2 U' F2 B2 D L2 D' B2 R2
R U R F2 B L' B D' L U D' B2 U R2 B2 U D' L2 B2 D'
L2 F2 B D' L' D L B' U2 B2 D R2 D2 F2 D' F2 D F2 B2 U
B' U' R' U R B L2 U' F2 R2 B2 D2 B2 R2 F2 U' L2
R U R F2 B L' B D' L U2 F2 B2 D2 R2 U' F2 B2 D F2 B2
F U R U' R' F L2 U' L2 U L2 F2 R2 D B2 D' R2
F U R' U' F R' U R' U R2 F2 R2 B2 L2 U' R2 D' F2 L2 D'
F2 U F' U R U' R' F U' F2 U' F2 U R2 B2 D' L2 D B2 R2
F R L2 U R' U' L2 F D' F2 U' F2 L2 D' B2 L2 D2 F2 R2 U",F' U' L' U L F,3_oll,OLL,333,P Shape,,"#3F464F,#3F464F,#3F464F,#000000,#3F464F,#000000,#000000,#3F464F,#000000,#3F464F,#000000,#000000,#3F464F,#000000,#3F464F,#3F464F,#000000,#3F464F,#3F464F,#000000,#3F464F",0.0,
333_oll_34,34,checked,"R F R2 F' R U D' L2 D R2 D' L2 U' D R2
L2 U L B' U' B U L U B2 U' B2 U' L2 B2 U2 B2 U' L2 U
R F R2 F' D L2 D' R F2 B2 U' L2 U B2 D2 L2 U' R2 B2 D'
L B L2 B' L U' L2 U F2 D2 B2 D B2 D F2 L2
R2 U B' D R D' R' B' U B2 U' L2 U B2 R2 U2 L2 U F2 D
F2 R2 B R' B2 R B U' L2 U' F2 L2 D' R2 B2 U' F2 L2 D2 L2
F' R' F' R2 B' R B U2 F2 U F2 U' F2 U' R2 U2 F2 U R2
F2 U' L D' F' D F L D' L2 U' F2 L2 D L2 U' F2 U' F2 U2
R F R F2 L F' L' U2 B2 D B2 U' F2 U B2 L2 B2 R2 U' F2
R' U' R' U R B' R B' R2 U' B2 D B2 D' R2 U B2
F U F U' F' L F' L' F2 L2 U' F2 U2 L2 F2 L2 U2 L2 U' L2
R F R F2 L F' L B2 D B2 L2 D2 B2 L2 D' B2 D' F2 U'
F' U2 F' L F L' U2 F R2 U2 F2 U' R2 U' R2 F2 D R2 D'
F2 R' F U2 F' U2 F' R F2 B2 R2 D F2 R2 U B2 R2 D R2 L2
F R' F' U2 L' B2 L F2 B2 D F2 U F2 L2 U B2 U' F2 U R2",R U R2 U' R' F R U R U' F',3_oll,OLL,333,C Shape,,"#3F464F,#000000,#3F464F,#000000,#3F464F,#3F464F,#3F464F,#000000,#3F464F,#000000,#000000,#000000,#3F464F,#3F464F,#000000,#3F464F,#000000,#3F464F,#3F464F,#000000,#3F464F",0.0,
333_oll_47,47,checked,"R D L2 D2 B' D B R D2 F2 R2 U' R2 F2 L2 D2 R2 U'
R D L2 D2 B' D B R L2 B2 L2 D B2 L2 B2 D' R2 U' L2 U'
R' F R' D R2 B2 D2 R' F' R' B2 D' L2 U2 F2 L2 D' F2 U F2
F D' F2 L' U' L U2 F2 D F U2 R2 U' R2 U' F2 R2 U R2
L F2 R2 F L F2 R2 F' U B2 R2 F2 D L2 D F2 R2 L2 B2 U
L F2 L2 B L F2 L2 B U2 D2 F2 U2 B2 R2 B2 U2 R2 D2
R U2 B' R F2 B' L' B' L B' L2 U' L2 D F2 R2 D' R2 U R2
R B2 L F' D2 F B' L' B' R' B2 R2 U L2 U' F2 D2 F2 R2 B2
F' L2 B' D2 F2 R B' R F D2 F2 U' R2 U L2 U' R2 U B2
L F2 R2 F L F2 R2 F R2 F2 L2 U F2 R2 F2 U' F2 R2 F2
R B' R' B R2 U' F' B2 U' F U D2 F2 L2 D F2 D B2 U'
L F2 L2 B L F2 L2 B' U2 F2 R2 B2 D2 R2 U R2 L2 D R2 L2
L U L' U' L2 U2 B L' B' D L2 D' L2 U2 L2 B2 U B2
R U' B' U' R' U F' R2 D2 B' D2 B2 R2 U' F2 U' F2 U F2 U
R U2 R2 F' R U F' L' U' L' U F2 D' F2 D R2 U' R2 L2 F2",R' U' R' F R F' R' F R F' U R,3_oll,OLL,333,Small L Shape,,"#000000,#3F464F,#3F464F,#3F464F,#3F464F,#000000,#3F464F,#000000,#000000,#3F464F,#000000,#000000,#3F464F,#3F464F,#3F464F,#3F464F,#3F464F,#000000,#000000,#000000,#3F464F",0.0,
333_oll_32,32,checked,"R U R U' R' F R' F L2 U R2 U' L2 F2 B2 D L2 D' B2 U'
F2 U F' U R U' R' F U2 L2 U2 R2 B2 D B2 R2 U' L2 F2 U2
F' U' F' U F R' F R U' R2 F2 L2 D R2 B2 R2 D' R2 L2
R F2 B U B' U' F2 R U F2 U' R2 U R2 U F2 U' R2
R' B' R2 B R F2 D B2 U' B2 R2 U2 D' F2 R2 F2
F R' U R' U' R F U' L2 D B2 R2 D' L2 U2 F2 R2 F2 U'
R2 B2 L B' L2 B L U R2 U2 L2 U L2 U R2 U' B2 R2 U
F U' R' F' U2 B2 D L' F2 R2 D' B2 L2 B2 R2 D' B2 L2 U L2
R' B' R' B2 L' B L B2 U F2 U2 B2 L2 D L2 B2 U' F2 R2
R' B' R2 B R U D2 B2 L2 B2 D' R2 B2 U B2 D' F2 U'
R' L' D2 R F' L2 F L U' F2 U F2 R2 U B2 U' R2 U' F2
F R' U R' U' R F U2 R2 F2 R2 F2 U F2 U F2 U R2 U
F U' R U2 R' U F U' L2 U2 F2 U L2 U2 F2 U' L2 U2
F2 R2 F L' U' L U F B2 L2 F2 D R2 F2 B2 L2
F U R' U' F R' U R U L2 B2 U2 F2 B2 U' R2 U B2 R2 D2",L U F' U' L' U L F L',3_oll,OLL,333,P Shape,,"#3F464F,#3F464F,#000000,#3F464F,#000000,#000000,#3F464F,#3F464F,#3F464F,#000000,#000000,#3F464F,#000000,#3F464F,#000000,#3F464F,#3F464F,#3F464F,#3F464F,#000000,#000000",0.0,
333_oll_2,2,checked,"L U2 R' F U2 R' F' L' D' B2 D' F2 D B2 D' L2 F2 D2 R2
R' U2 L F' U2 L F R D B2 D F2 D' B2 D R2 F2 D2 L2
R U2 L' B U2 L' B' R' U' F2 D2 B2 R2 D B2 L2 U L2 D
R U2 L' B U2 L' B' R' U F2 D2 R2 D B2 L2 U' L2 D2 R2 D'
R' U2 L F' U2 L F R L2 U' B2 L2 U B2 U' B2 U' L2 U2
B2 L' B' L' U2 L' B L U2 R2 D F2 U' F2 D F2 U L2 D2 R2
R' U2 L F' U2 L F R U L2 B2 U2 B2 D' B2 R2 U' R2 D
B2 R B R U2 R B' R' U2 L2 D' F2 U F2 D' F2 U' R2 D2 L2
R' U2 L F' U2 L F R' D' L2 U' B2 U L2 F2 D' R2 D2 R2 L2
R' U2 L F' U2 L F R' F2 R2 U L2 B2 U' R2 D R2 U B2 U2
F' L F L U2 F' L F U' F2 U2 L2 U' F2 U2 L2 U F2 U2
R' U2 L F' U2 L F R U' B2 U' L2 U B2 U L2 B2 U B2 U'
L2 B L B U2 B L' B U' L2 F2 D' R2 U L2 B2 D' R2 D2 L2
R' F2 L F L' F B' R2 B R U B2 D2 F2 D F2 D B2 U' R2
R D2 R2 F' U' L F' U2 F2 R D L2 D2 B2 R2 U' F2 U' R2 U'",r U r' U2 r U2 R' U2 R U' r',3_oll,OLL,333,Dot,,"#000000,#000000,#000000,#3F464F,#3F464F,#3F464F,#3F464F,#3F464F,#000000,#3F464F,#000000,#3F464F,#000000,#000000,#3F464F,#3F464F,#3F464F,#000000,#3F464F,#000000,#3F464F",0.0,
333_oll_21,21,checked,"R U B2 R' B2 R2 U' R' U L2 F2 R2 U L2 U L2 U' F2 U' L2
R U B2 R' B2 R2 U' R U R2 B2 L2 D2 B2 L2 U F2 U R2 F2
R U B2 R' B2 R2 U' R' B2 L2 D2 L2 U L2 D R2 D R2 L2 U2
R' U' F2 R F2 R2 U R F2 L2 D2 F2 L2 U B2 U R2 B2 U
R U B2 R' B2 R2 U' R U2 L2 D' R2 F2 U' D2 F2 L2 D' B2
R U B2 R' B2 R2 U' R L2 F2 R2 D2 R2 L2 U' L2 D' R2 D' L2
R U B2 R' B2 R2 U' R F2 L2 B2 D L2 F2 B2 U' R2 U' R2
R U B2 R' B2 R2 U' R U2 F2 B2 D L2 B2 D' B2 L2 D L2 F2
R' U' F2 R F2 R2 U R' L2 B2 R2 D2 R2 L2 U L2 D R2 D L2
R U B2 R' B2 R2 U' R U' F2 D B2 D' F2 B2 R2 B2 R2 U2 R2
R U B2 R' B2 R2 U' R U R2 B2 R2 U2 F2 L2 D B2 D L2 F2
R U B2 R' B2 R2 U' R' B2 R2 U2 R2 U F2 L2 D' L2 F2 U
R B2 R' U F2 L' D' L U2 L2 D' L2 U' R2 U' R2 F2 U'
R U' L' U' B2 L U' R U' F2 U L2 D2 R2 D' B2 D L2 U F2
R D L2 B2 D' B2 D' R L2 U R2 U D2 R2 U L2 U L2 D' R2",R U2 R' U' R U R' U' R U' R',3_oll,OLL,333,Cross,,"#000000,#3F464F,#000000,#3F464F,#3F464F,#000000,#3F464F,#3F464F,#3F464F,#000000,#000000,#000000,#3F464F,#3F464F,#3F464F,#000000,#3F464F,#3F464F,#000000,#3F464F,#000000",0.0,
222_oll_5,5,checked,"F' U L2 F2 U L'
F' U R2 F2 U R'
R' F U2 R2 F U'
L' U F2 L2 U F'
F' U F2 R2 U R'
F' R U2 F2 R U'
F' R F2 U2 R F'
R' F R2 U2 F R'
R' U R2 F2 U F'
R' F U2 R2 F R'",L U' F2 L2 U' F,2_oll,OLL,222,,,"#3F464F,#000000,#3F464F,#000000,#3F464F,#3F464F,#3F464F,#3F464F,#3F464F,#000000,#000000,#3F464F",0.0,
333_oll_50,50,checked,"L F2 R2 F L F2 R2 F R2 U2 L2 B2 R2 D2 B2
B2 R B R' L2 F' D2 F L2 U2 L2 U F2 U L2 U' B2 U R2 D
R B2 L2 B R F2 R2 B' U2 B2 L2 B2 U2 L2 U R2 L2 D R2 L2
F2 L F R2 L' F' R2 F' R2 U' F2 D' F2 D R2 F2 U R2 U F2
R U2 R2 D' F' R2 U2 R2 F R U R2 B2 L2 D' L2 B2 D R2 U2
R D L2 D2 B' D B R D2 L2 D' B2 L2 D' L2 B2 R2
F L' B2 D' R' D R2 B2 L F R2 F2 B2 L2 U' L2 U L2 U B2
F2 R' F' R B2 D2 B' L2 B D2 L2 D L2 B2 U2 F2 D' F2 D F2
R D L2 D2 B' D B R F2 R2 U2 B2 U R2 F2 D2 R2 U'
L F2 L2 B L F2 L2 B R2 U' B2 L2 F2 D' F2
L F2 L2 B L F2 L2 B R2 F2 B2 U' B2 R2 F2 D' B2
F D' F2 U L' U F' L2 D' L U B2 U' B2 D L2 D F2
R2 U' R' F R' U2 F U2 F' U R2 U2 F2 U F2 R2 D R2 D' R2
F U' R' F R2 U R2 D R' D R2 L2 U L2 U' R2 D2 R2 F2 U2
F R2 F2 L F R2 F2 L D2 B2 U F2 R2 L2 U' F2 D L2 U' B2",r' U r2 U' r2 U' r2 U r',3_oll,OLL,333,Small L Shape,,"#3F464F,#000000,#000000,#000000,#3F464F,#3F464F,#3F464F,#3F464F,#000000,#3F464F,#000000,#000000,#3F464F,#000000,#3F464F,#000000,#3F464F,#3F464F,#3F464F,#3F464F,#000000",0.0,
222_oll_4,4,checked,"L D' L2 y' L2 D' L
R F' R2 U2 F' R
F U' F2 R2 U' F
F U' R2 F2 U' R
R F' U2 R2 F' U
F U' F2 R2 U' R
F R' U2 F2 R' U
F R' U2 F2 R' F
R F' U2 R2 F' R
R U' R2 F2 U' F",L' D L2 y L2 D L',2_oll,OLL,222,,,"#000000,#3F464F,#3F464F,#3F464F,#3F464F,#000000,#3F464F,#000000,#3F464F,#3F464F,#3F464F,#000000",0.0,
222_oll_1,1,checked,"R B U B' U' R'
L F U F' U' L'
F' R' U' F R F
R' F' U' F U R
F U F U' R' F'
R' U' F' R U R
R F R F' U' R'
F R F U' F' U'
R F U F' U' R'
R' F' R' F U F",R U B U' B' R',2_oll,OLL,222,,,"#3F464F,#3F464F,#3F464F,#000000,#3F464F,#000000,#3F464F,#000000,#3F464F,#000000,#3F464F,#3F464F",0.0,
333_oll_35,35,checked,"R' B' R2 B R U' F2 R2 U F2 L2 D2 L2 U F2 U2 L2 D' B2 L2
L' U B L U2 R2 D' F R2 U B2 U2 R2 D' L2 D' F2 L2 D' R2
F L F2 L' F R2 U L2 U' B2 D' B2 U L2 F2 U F2 U' R2
R' B' R2 B D' L2 D R' U2 F2 U2 D B2 D2 F2 L2 D F2 R2 F2
R' B' R' B2 L' B L U2 R2 B2 R2 U2 B2 U R2 U R2
R U R U' R' F R' F U' B2 U B2 D' R2 D R2 F2 U2
L U F' U' F' U F U' L' U F2 D R2 D' F2 R2 U' F2 U R2
R' B' R' B2 L' B L F2 U2 R2 F2 R2 U2 F2 U' B2 U' R2 B2
F' R L' U' L U R' F U F2 U' F2 D R2 U B2 U B2 D' R2
F R' U R' U' R F U' F2 U F2 U' B2 D2 F2 L2 D' L2 D' B2
F R' U R' U' R F' U F2 D' L2 U F2 L2 U L2 F2 L2 F2 D
R2 U' F D' R' D R F' U R2 U R2 U' R2 D B2 D' B2
R B' R' U2 F' L2 F U' R2 U' B2 U' F2 B2 D F2 U R2
R' U2 R' F R F' U2 R U' R2 U B2 L2 D' F2 D L2 B2
R U B U' B' R F2 B2 R2 L2 U' B2 U B2 D' B2 D F2 L2",R U2 R' R' F R F' R U2 R',3_oll,OLL,333,Fish Shape,,"#3F464F,#000000,#3F464F,#3F464F,#000000,#3F464F,#3F464F,#000000,#000000,#3F464F,#000000,#000000,#3F464F,#3F464F,#3F464F,#000000,#000000,#3F464F,#000000,#3F464F,#3F464F",0.0,
333_oll_56,56,checked,"F2 U F R' F U2 R' U2 R B2 L2 D' R2 F2 D F2 R2 D2 L2 B2
R F' B L' B L' F B2 R U' F2 U B2 U' L2 D' F2 D B2 D'
R F' B L' B L' F B2 R U' F2 U B2 D' B2 U' F2 U R2 U
F2 U F R' F U2 R' U2 R B2 L2 D R2 F2 D2 B2 L2 U' R2 F2
F2 U' F' L F' U2 L U2 L' B2 R2 D L2 F2 D' F2 L2 D2 R2 B2
F U R' U' F D R' U R' U F2 L2 F2 U' F2 U B2 D2 L2 U2
R U B2 U' L' B' L B' R F2 B2 D' L2 D F2 B2 R2 D' R2 D
R' F' B L F' L F2 B' R' U B2 U' F2 U L2 D B2 D' F2 D
F U R' U' F D R' U R' D' F2 B2 D' B2 D B2 L2 U D B2
B2 U' B' R B' U2 R U2 R' F2 L2 D R2 B2 D' F2 L2 U2 R2 B2
R' F R' F U' D2 F' D2 F U F2 R2 U' B2 U B2 U' B2 U' B2
R' U' F2 U L F L' F R F2 L2 U' L2 D F2 R2 U R2 D'
R B' R' F2 D' L2 B L2 B' L2 D F2 U2 R2 U' B2 U' B2 U R2
B2 R B R' L2 F' D2 F U' L2 D F2 D' R2 U2 L2 F2 R2 L2 F2
R B2 L2 B R F2 R2 B' U L2 B2 R2 F2 D B2 D' F2 D B2 R2",(r' U' r) U' R' U R U' R' U R r' U r,3_oll,OLL,333,I Shape,,"#3F464F,#000000,#3F464F,#000000,#3F464F,#3F464F,#3F464F,#000000,#3F464F,#000000,#000000,#000000,#3F464F,#000000,#3F464F,#3F464F,#3F464F,#000000,#3F464F,#000000,#3F464F",0.0,
333_oll_9,9,checked,"R' B' R U' R U B U' R B2 U B2 D' R2 D
R' B' R U' R U B U' R' B2 U' R2 D R2 F2 U R2 F2 B2 L2
R U2 R' F' U F' L' U' L F2 D R2 D' F2 R2 U' F2 U R2 F2
L U' F' U' L U D F L2 D B2 R2 U D2 B2 L2 F2 U L2 U'
R B2 D' B D B R U F2 U' R2 B2 D B2 U2 R2 F2 R2 U'
L F R' F R F2 L F2 B2 U F2 U' F2 D F2 D' B2 L2
B' R2 F' B2 L F' L B' R2 U' L2 U F2 B2 L2 D' R2 D B2
L2 B L' F' L' F L2 B' D L2 D' F2 R2 D R2 F2 B2 U B2 U2
L F' U' F' L U D F B2 U' F2 R2 B2 U' L2 D L2 D2 F2 D
R B2 D' B D B R D F2 L2 F2 L2 F2 D' R2 U' L2 U
L2 B L' F' L' F L2 B D' B2 U L2 U L2 U' L2 B2 D B2 U
L F R' F R F2 L U' L2 U2 F2 U L2 U L2 U' F2 L2 U2 L2
F U2 F R' D R F' U2 F R2 F2 B2 U B2 U' F2 D' R2 F2 U2
R2 B' D' R' U' R U D B U2 F2 U' F2 U' F2 U2 F2 U' R2 U'
B U' L' U' B U D L' D R2 L2 U R2 U' L2 D2 L2 B2 U",R U R' U' R' F R2 U R' U' F',3_oll,OLL,333,Fish Shape,,"#3F464F,#3F464F,#000000,#000000,#3F464F,#000000,#3F464F,#3F464F,#3F464F,#000000,#000000,#3F464F,#000000,#3F464F,#3F464F,#3F464F,#000000,#3F464F,#000000,#000000,#3F464F",0.0,
333_oll_42,42,checked,"F2 R' F U2 F' U2 F' R U B2 U L2 U' B2 U B2 L2 F2 B2 U
L' U' B' U B L F2 U' R2 B2 L2 D L2 B2 R2 U2 F2
R' U' F' U F R U2 R2 U F2 L2 B2 D' B2 L2 F2 U2 R2
B2 R2 L' D B D' B' L U2 R2 U' B2 U2 R2 F2 L2 B2 D' L2 F2
R' F' U' F U R F2 U2 R2 B2 L2 D' L2 B2 R2 U F2
R U B U' B' R B2 U B2 U' B2 R2 F2 D' L2 D F2
R U B U' B' R U F2 L2 B2 D' B2 L2 F2 U2 R2
F U R' U' F' R' U R U2 F2 R2 B2 D' F2 B2 U' B2 L2 B2
F2 L F' U2 F U2 F L' U' F2 U' B2 R2 F2 R2 U' B2 D L2 D'
F U R' U' F R' U R' L2 B2 U L2 B2 D R2 U' L2 D F2 L2
R' F' U' F U R F2 U R2 B2 L2 D' L2 B2 R2 U2 F2
F R B' U2 L2 B R' F U L2 D' L2 D L2 U R2 D2 B2 R2
R' F U' F U F' R B2 U' L2 U R2 L2 U F2 R2 D B2 U' L2
R B L' U2 F2 L B' R D' B2 D' L2 U B2 D L2 D R2 U L2
R2 B2 R U' F' U F R' F2 U B2 U' B2 D B2 D' F2 R2",R' U' R U' R' U2 R F R U R' U' F',3_oll,OLL,333,Awkward Shape,,"#3F464F,#000000,#3F464F,#3F464F,#000000,#3F464F,#000000,#3F464F,#3F464F,#000000,#000000,#3F464F,#000000,#3F464F,#3F464F,#000000,#3F464F,#3F464F,#000000,#3F464F,#000000",0.0,
333_oll_33,33,checked,"R2 B R' U' B' R' U R2 F R2 B' R2 F D2 B D2 F2 R2
R L D2 R' B L2 B' L D F2 U2 F2 L2 D' R2 D L2 F2 D R2
R U' B' R' U2 L2 D F U R2 B2 U B2 R2 U' L2 U L2 F2 L2
L B L2 B' L U L2 D F2 L2 D2 B2 R2 U D B2
R2 U B' D R D' R' B' U D B2 U F2 U L2 F2 R2 U2 B2 U'
F2 R2 B R' B2 R B L2 D L2 D F2 L2 D R2 B2 U L2 F2 U2
F2 R2 B R' B2 R B U R2 F2 D' F2 U L2 D' L2 F2 B2 D2 B2
R' U' R' U R B' R B U' R2 F2 U2 R2 F2 R2 U2 F2 U
R F R F2 L F' L U' B2 U B2 D' R2 D R2 L2 F2 U2 R2
R' U' R' U R B' R B U F2 R2 F2 U2 F2 R2 F2 U
L' F B' U' B U F' L F2 U L2 D2 R2 B2 D' R2 D' L2 U
R F R F2 L F' L U' F2 R2 B2 D2 R2 D R2 U' B2 U B2
R2 B2 R U' F' U F R L2 F2 L2 U' R2 L2 D' R2 L2
F2 R' L2 D F D' F' R B2 U' R2 B2 D B2 R2 U B2 L2 U F2
R2 F D' R' D R F D F2 R2 F2 R2 D' R2 B2 U' B2 U F2",R U R' U' R' F R F',3_oll,OLL,333,T Shape,,"#000000,#000000,#3F464F,#3F464F,#3F464F,#3F464F,#000000,#3F464F,#3F464F,#000000,#000000,#000000,#3F464F,#3F464F,#3F464F,#3F464F,#000000,#3F464F,#000000,#000000,#3F464F",0.0,
333_oll_54,54,checked,"R2 U' R' F R' U2 F U2 F U2 B2 R2 F2 D' F2 R2 D' F2 D2 B2
L2 U' L' B L' U2 F R2 F D' F2 U2 B2 L2 B2 U' F2 R2 D2 F2
R' F' U F R' U' F D' F' U2 F2 D R2 F2 U F2 R2 F2 U' R2
F U' R' F U R' U' D R L2 D' B2 L2 D L2 F2 U2 R2 B2 U
F' U2 R B2 L B2 R' U2 F U' L2 D' B2 D L2 B2 U L2 U' B2
R' U' R B2 U D F' L F' D R2 L2 D B2 U' F2 U2 R2 D L2
F U R2 U' B' R' B R' F' R2 U2 B2 U' R2 U B2 R2 D B2 D'
F R' F' B2 L U R2 U L D' L2 U2 R2 B2 R2 L2 D' R2 D' L2
R U R B2 U D2 F L' F L2 D' B2 D2 F2 R2 D R2 U
F' L F B2 L' B' L2 B' L' U B2 R2 D2 B2 R2 U' F2 U' L2 F2
R' U' R' B2 U2 D' B' R B' R2 U F2 U2 B2 L2 U' F2 B2 R2 U'
F' U2 F' U2 D' F' L' F L U2 L2 U L2 U F2 U F2 U' F2 D
L F' L' B2 D' R2 F R2 F' R2 D F2 B2 D F2 D' L2 U L2 U2
F2 L F R2 L' B' D2 B U' F2 U2 R2 U' B2 D B2 U' F2 U R2
R U2 R' L' B L F2 L2 B' U' F2 L2 D' L2 D F2 L2 U F2 U2",(r U2 R' U') R U R' U' R U' r',3_oll,OLL,333,Small L Shape,,"#000000,#3F464F,#000000,#3F464F,#3F464F,#000000,#3F464F,#3F464F,#3F464F,#000000,#000000,#3F464F,#000000,#3F464F,#3F464F,#3F464F,#3F464F,#3F464F,#000000,#000000,#000000",0.0,
333_oll_16,16,checked,"L F R' F R F2 L U' F2 R2 B2 D B2 R2 F2 U2 L2
R2 L' B R2 B' R2 B L U R2 B2 U' B2 R2 B2 U' B2
R' L2 F L2 F' L2 F R U' F2 L2 U L2 F2 L2 U L2
R B L' B R D2 L U' F2 L2 B2 D R2 B2 R2 D2 L2 U2
R U R' B' U' R2 U R B L2 F2 U L2 B2 R2 D B2
R B2 D' B D B R D' L2 U' R2 U R2 B2 U' R2 U L2 F2 D
R B2 D' B D B R U' R2 U2 B2 U' R2 D' B2 U2 B2 R2 B2 D
F U2 D' F R' D R U2 F' R2 U' L2 F2 D L2 U' R2 U B2 U'
L2 B L' F' L' F L2 B' L2 F2 U L2 D2 R2 B2 D' R2 D' L2 U
F U2 F U F' R' F D R' U D2 F2 D2 F2 U R2 U' F2 D'
R U' B' U' R U D B' U B2 U' B2 D L2 D' L2 U' B2 D' R2
L2 B L' F' L' F L2 B' U' F2 D2 B2 R2 D B2 D F2 U'
L F R' F R F2 L F2 U' B2 U F2 R2 F2 L2 D F2 R2 U L2
R' L2 F L2 F' L2 F R B2 U B2 R2 U L2 U' L2 D R2 U
F2 L F' R' F' R F2 L U' R2 L2 U' L2 U R2 U L2 F2",r U r' R U R' U' r U' r',3_oll,OLL,333,Knight Move Shape,,"#3F464F,#000000,#3F464F,#000000,#3F464F,#3F464F,#000000,#3F464F,#3F464F,#000000,#000000,#000000,#3F464F,#3F464F,#3F464F,#3F464F,#3F464F,#000000,#000000,#000000,#3F464F",0.0,
333_oll_44,44,checked,"B' R' U' R U B R2 U' B2 R2 B2 U2 B2 R2 B2 U' R2
F R U R' U' F U R2 U B2 L2 F2 D L2 B2 U' F2
L U F' U' L' F' U F U2 L2 B2 R2 U' B2 L2 F2 D'
R U R B' R' B U' R F2 R2 L2 B2 L2 U' R2 L2 D' R2 L2
R2 F2 B' D R D' R' B U2 B2 D' L2 D2 F2 D F2 D' F2 B2 U'
R' U2 F U2 F2 U2 F' U2 R F2 R2 F2 U2 F2 U F2 R2 F2 U R2
B U L U' L' B U2 R2 F2 L2 D' L2 F2 R2 U B2
F' U' L' U L F R2 U2 F2 L2 B2 D B2 L2 F2 U' R2
B U L U' L' B U' R2 F2 L2 D2 L2 F2 R2 U' B2
R U B' U' B2 U B U' R U R2 F2 L2 D' B2 L2 F2 U2 R2 U2
F' U' L' U L F R2 U F2 R2 F2 U2 F2 R2 F2 U R2
R U' B' R' U' B' R2 U B' U B2 U' B2 R2 B2 U' B2 R2 U' B2
F2 L2 F' R U R' U' F R2 D R2 D' L2 D R2 D' R2 F2
R' U' R' U R B' R B U2 B2 U2 R2 U' B2 U2 R2 U B2 U2 R2
F2 U R' D F D' F' R U F2 L2 U' F2 U' F2 U' L2 U",F U R U' R' F',3_oll,OLL,333,P Shape,,"#3F464F,#3F464F,#3F464F,#3F464F,#000000,#000000,#3F464F,#000000,#3F464F,#000000,#000000,#3F464F,#000000,#3F464F,#000000,#3F464F,#3F464F,#000000,#3F464F,#000000,#3F464F",0.0,
333_oll_24,24,checked,"R' F' L F' L' F' R F' R2 U2 F' U2 F R2 B' R2 B R2 U2
L D R2 D' L U F2 U L2 D2 R2 F2 U2 F2 D2 B2
R D L2 D' R U2 L2 F2 R2 U L2 B2 D' L2 D2
R D L2 D' R F2 L2 F2 D' F2 D F2 D' L2 F2 R2 U
L D R2 D' L D2 B2 L2 F2 U F2 U L2 B2 R2 L2
L D R2 D' L U R2 U' L2 U' F2 U' R2 U' R2 F2 U
B' D' F2 D B D' F2 U F2 U2 F2 D R2 U R2 U2
L D R2 D' L D2 R2 D B2 L2 U' L2 B2 D L2 U
B' D' F2 D B F2 R2 U' F2 D R2 U D B2 L2 B2 D2
L D R2 D' L U2 R2 U R2 U F2 U F2 U R2 L2
B' D' F2 D B U' R2 U' R2 D' F2 U2 D R2 U2 R2
L D R2 D' L D L2 U R2 U' R2 L2 D R2 D2 L2
R F2 R' B2 R F2 R U2 F2 D' F2 U B2 U' F2 D' L2 F2 U2
R U' B2 U B2 U R U' R2 B2 U R2 U' B2 U B2 R2 B2 U'
R2 U L U' R2 U L U' F2 U R2 F2 D F2 U' B2 R2 D' F2",r U R' U' r' F R F',3_oll,OLL,333,Cross,,"#000000,#3F464F,#3F464F,#3F464F,#3F464F,#000000,#000000,#3F464F,#3F464F,#000000,#000000,#000000,#3F464F,#3F464F,#3F464F,#000000,#000000,#3F464F,#000000,#3F464F,#3F464F",0.0,
333_oll_41,41,checked,"R' U' F' U F R F2 U2 R2 B2 L2 D' L2 B2 R2 U F2
B2 L' F R2 B' R2 F' L U B2 U F2 R2 B2 R2 U F2 D' L2 D
F2 R' F U2 F' U2 F' R' F2 R2 U' R2 D' F2 D R2 U' F2 U'
L' U' B' U B L U2 R2 U' F2 L2 B2 D B2 L2 F2 U2 R2
R B U B' U' R U' F2 R2 F2 U2 F2 R2 F2 U' R2
B2 R F' L2 B L2 F R' U' F2 U' L2 U F2 U' F2 L2 F2 B2 U'
R F' L2 D' B' D L2 F R U R2 F2 L2 D2 B2 D' B2 D' L2 F2
F U F R' F' R U' F U2 R2 B2 L2 D L2 B2 R2 U' F2
L U F U' F' L U F2 R2 B2 D2 B2 R2 F2 U L2
F U F R' F' R U' F U' R2 B2 L2 D L2 B2 R2 U2 F2
R B U B' U' R B2 U B2 U' B2 R2 F2 D' L2 D F2
L U F U' F' L U2 F2 R2 B2 D B2 R2 F2 U' L2
R F R2 F' R F2 B2 D L2 B2 D' F2 D B2 D' B2 R2
R' F R U2 F U2 F L2 U' F2 U F2 L2 D F2 R2 U R2 D'
F U R U' R' F U D' L2 F2 D R2 U' B2 U B2 U' B2 R2",R U R' U R U2 R' F R U R' U' F',3_oll,OLL,333,Awkward Shape,,"#000000,#3F464F,#000000,#3F464F,#3F464F,#000000,#3F464F,#3F464F,#3F464F,#000000,#000000,#3F464F,#000000,#3F464F,#000000,#3F464F,#000000,#3F464F,#3F464F,#000000,#3F464F",0.0,
333_oll_14,14,checked,"F R B2 R2 B2 R B2 R F D2 L2 F2 D' L2 D' B2 U R2 U2 F2
R' U2 L F R' F L F2 U B2 L2 D F2 R2 U F2 U' R2 B2
R' F2 L F L' F R F2 U' F2 D F2 D' L2 U L2 F2
B2 R B' L' B' R D2 L' D' F2 U' F2 U L2 D' R2 U B2 U'
R U2 D' R B' D B U2 R B2 D2 F2 B2 U' B2 D' L2 F2 B2 D
F R B' R F D2 B' D2 F2 U' B2 L2 D' B2 D F2 D' F2 B2 L2
F R B' R F D2 B U' B2 R2 U' L2 U' F2 D2 B2 D' R2 D2 L2
B U' L' U' B U D L U B2 U' L2 D' L2 U' B2 D B2 D'
F' B2 L B2 L' B2 L F U2 L2 U' B2 D L2 D' B2 L2 U' B2 U
B U' L' U' B U D L U2 L2 U F2 L2 F2 L2 F2 D2 B2 U2 D
R U B' U' R D2 B' U B D2 B2 U2 B2 U R2 B2 D B2 U' D'
F R' U' R' F U D R' U F2 B2 D B2 L2 U B2 D2 L2 U
R U2 R2 B' R2 B' D2 F2 L F2 L2 F2 L2 F2 D F2 D B2 U2 R2
F2 L F' R' F' R F2 L U' F2 R2 L2 D' B2 D B2 L2 D' B2 R2
R B' R2 U2 R' B' U2 R' B' U2 B2 U B2 R2 U' B2 R2 U B2 U'",R' F R U R' F' R F U' F',3_oll,OLL,333,Knight Move Shape,,"#3F464F,#000000,#000000,#000000,#3F464F,#3F464F,#3F464F,#3F464F,#3F464F,#000000,#000000,#000000,#3F464F,#3F464F,#3F464F,#3F464F,#000000,#3F464F,#000000,#000000,#3F464F",0.0,
333_oll_40,40,checked,"F2 L D' F' D F L U R2 U' R2 U' B2 U R2 D R2 L2 F2 R2
R B' R' U R2 B D B' D' R2 U2 B2 U' B2 U' B2 U2 B2 U
R B' R' U2 B' U2 B U L2 U2 B2 U' L2 U2 B2 U L2 U2 B2 U
L F' L' U R2 B U B U' B2 U' B2 U B2 U F2 R2 L2 B2 L2
R2 B2 R U' F' U F R U D' F2 U' L2 D B2 U' F2 D B2 D'
R B U B U F2 D2 L' D L2 D F2 D' R2 D B2 R2 B2 U' R2
F R F U F' R' F B2 U2 R2 U' R2 U' F2 D2 B2 L2 D' L2 D'
R2 B2 R U' F' U F R U F2 U' F2 L2 D' L2 D R2 D' B2 R2
R B U B U B2 U2 R U' R2 U' B2 U' F2 L2 D L2 F2 B2 U'
L' B L U2 F R2 F B2 R2 F2 U' L2 B2 L2 U' B2 U2
L' B L U2 F R2 F U F2 L2 B2 D L2 U2 L2 B2 L2
F R F U F' R' F' U' L2 U' L2 U2 F2 U' L2 D' L2 D F2 U
L U F U' F' L D F2 U' L2 U F2 U' L2 F2 D'
F' L U' L U L' F U F2 D2 B2 R2 D B2 D F2 U' L2 U2
F U' R' F' U2 B2 D L' U F2 R2 U B2 D2 F2 L2 B2 U B2 U2",R' F R U R' U' F' U R,3_oll,OLL,333,Big Lightning Bolt,,"#3F464F,#000000,#000000,#3F464F,#000000,#3F464F,#3F464F,#3F464F,#3F464F,#000000,#000000,#000000,#3F464F,#000000,#3F464F,#3F464F,#000000,#3F464F,#3F464F,#000000,#3F464F",0.0,
333_oll_36,36,checked,"F' L F U2 R B2 R F2 D L2 F2 L2 D R2 B2 U R2 F2 R2
R' U2 R' F R F' U2 R U2 B2 R2 U B2 U B2 U2 R2 B2 U2
R2 B' D R D' R' B R2 F2 R2 D B2 U' B2 R2 U' D' F2
R2 F' L F' U L U' L' U2 R2 B2 D L2 F2 R2 F2 D2 B2 L2 U2
R2 F D' R' D R F D F2 B2 L2 F2 D' B2 U' F2 U R2 F2
R B R U R' B' R U B2 U R2 U2 R2 B2 U B2 U2 B2 R2 U2
F2 R2 F L' U' L U F' U' F2 D B2 R2 B2 R2 U B2 D' F2 R2
R2 F D' R' D R F D L2 B2 U' R2 B2 L2 B2 U B2 D' R2
R B R U R' B' R F2 U2 F2 R2 U F2 U F2 U2 R2 U' R2
R2 U' F B2 L F2 L' F U R2 D' F2 U' R2 D' L2 D2 R2 F2 U
R2 U' F B2 L F2 L' F' U' F2 U' B2 R2 B2 U2 L2 D' L2 B2
F2 R2 F L' U' L U F U' D R2 D' F2 U R2 U' F2 U F2
F' L U' L U L' F R2 U' F2 D R2 B2 D' R2 F2 R2 L2
L2 F' R B2 L' B2 R' F U F2 U' R2 D' L2 U F2 L2 B2 D F2
F U2 F R' F' R U2 F R2 L2 D2 B2 D' B2 D' R2 L2 F2",L' U' L U' L' U L U L F' L' F,3_oll,OLL,333,W Shape,,"#3F464F,#3F464F,#000000,#3F464F,#000000,#000000,#3F464F,#3F464F,#000000,#3F464F,#000000,#000000,#3F464F,#000000,#3F464F,#3F464F,#000000,#3F464F,#3F464F,#000000,#3F464F",0.0,
333_oll_53,53,checked,"F' U L F' U' L U D' L F2 B2 U F2 U L2 F2 U D R2 U
R2 U R B' R U2 F' L2 F R2 B2 U F2 L2 U2 F2 D B2 D2
R B U' B' R U B' D B' D L2 F2 L2 D' L2 D L2 D2 B2
R2 U R B' R U2 F' L2 F' U' L2 D2 L2 F2 R2 B2 D' B2 R2
R U R B2 U D2 F L' F L2 U F2 D2 R2 B2 R2 B2 U' R2 U
R' F' U F R' U' F D' F D' F2 B2 U' B2 U F2 D2 F2 R2 U2
F R' F' B2 R B R2 B R U' B2 L2 D2 B2 L2 U F2 U R2 F2
F U2 F U2 D F R F' R D R2 D L2 U2 B2 D' B2 D2 L2 F2
R2 U' R' F R' U2 F U2 F U' F2 U' R2 F2 U2 R2 F2 R2 F2
F U2 F U2 D F R F' R F2 U2 F2 R2 D R2 U R2 D2 F2 U'
R' U' R U R2 U2 B' R B U2 R2 B2 D' F2 D B2 D' F2 U D
R2 U' R' F R' U2 F U2 F U R2 F2 U2 R2 U F2 R2 U2
R B2 R2 F R F U' B D2 B' U' F2 B2 D2 B2 R2 B2 R2
R F2 L2 F' R2 F L2 F2 R U B2 D' L2 D B2 U R2 U2 F2 R2
R U2 R2 D' F' R2 U2 R2 F R L2 U' L2 F2 U2 R2 D R2 U F2",l' U2 L U L' U' L U L' U l,3_oll,OLL,333,Small L Shape,,"#000000,#3F464F,#000000,#3F464F,#3F464F,#000000,#3F464F,#3F464F,#000000,#3F464F,#000000,#000000,#3F464F,#3F464F,#3F464F,#3F464F,#3F464F,#3F464F,#000000,#000000,#000000",0.0,
333_oll_45,45,checked,"F U R U' R' F' U F2 R2 L2 F2 B2 R2 L2 B2
R B2 U' L U' L B R B' L2 B2 R2 U B2 U B2 U B2 U' B2
R U' B' R' U' B' R2 U B R2 B2 U' B2 R2 B2 U' B2 U2
B U L U' L' B R2 L2 F2 D F2 R2 L2 B2 U
R U R B' R' B U' R B2 U B2 U' B2 R2 F2 D' L2 D F2
B' U' R' U R B U F2 R2 L2 F2 B2 R2 L2 B2
B' U' R' U R B U R2 F2 B2 L2 D' R2 F2 B2 L2
F' L' U' L U F R2 U2 F2 L2 B2 D B2 L2 F2 U' R2
R U R F2 B L' B D' L U' F2 U F2 B2 D' F2 D R2
F' L' U' L U F L2 U F2 R2 B2 D2 B2 R2 F2 U L2
R U R B' R' B U' R U2 F2 L2 B2 D' B2 L2 F2 U R2
R U R F2 B L' B D' L' F2 U' F2 L2 B2 D L2 B2 L2 D2 F2
F2 R' L2 D F D' F' R' D R2 U F2 D' F2 R2 U' R2 L2 F2
F R' U R' U' R F D R2 U2 F2 D F2 U2 F2 L2 B2 U L2
R U' B' R' U2 L2 D F' R2 U' B2 U B2 D2 R2 L2 U F2 U F2",F R U R' U' F',3_oll,OLL,333,T Shape,,"#3F464F,#000000,#3F464F,#000000,#3F464F,#3F464F,#000000,#3F464F,#3F464F,#000000,#000000,#000000,#3F464F,#000000,#3F464F,#3F464F,#000000,#3F464F,#3F464F,#000000,#3F464F",0.0,
222_oll_3,3,checked,"L2 U2 L U2 L2
R2 U2 R' U2 R2
F2 R2 F R2 F2
F2 U2 F' U2 F2
R2 F2 R' F2 R2
R2 F2 R F2 R2
R2 U2 R U2 R2
L2 U2 L' U2 L2
F2 U2 F U2 F2
R2 U2 R' F2 R2",L2 U2 L' U2 L2,2_oll,OLL,222,,,"#000000,#000000,#3F464F,#3F464F,#3F464F,#3F464F,#3F464F,#3F464F,#3F464F,#3F464F,#000000,#000000",0.0,
333_oll_10,10,checked,"L' B' R B' R' B2 L' U L2 B2 U2 B2 U B2 U B2 U2 L2 U' L2
F' L F L F2 B2 R D2 R D' R2 B2 U2 L2 U L2 U F2 L2 U
R' F' L F' L' F2 R' U' F2 B2 D' F2 U R2 U2 F2 D' L2 D2 F2
F U2 B' R2 F2 L F L' B U2 L2 U2 F2 U2 B2 D' F2 D' B2 L2
L2 F' L B L B' L2 F' U F2 U' F2 L2 U' L2 D F2 D' L2 U
F' L2 F' L U' L' F L2 F R2 U R2 F2 U F2 R2 U' R2 U2
R B U B D2 F2 L2 D' L D2 F2 D B2 R2 U R2 U R2 U'
L U' F' L F' U F D F U' D' B2 U F2 U' F2 B2 L2 U'
R F R' U R' U' F' U R' U2 F2 U' F2 D2 L2 D' R2 D L2 D2
R B2 R' U2 L' B L B' U' L2 B2 U' L2 D L2 D' B2 U L2 U'
F R2 B' R' B R' F U2 L2 U' F2 U2 F2 L2 U' L2 U2 L2 F2
R' U F U R' U' D' F U' R2 U R2 F2 D2 R2 B2 D' B2 U'
R B' R B' L2 D F' D F' D R2 F2 R2 D F2 R2 F2 L2 B2 U2
R B2 L' B' L B' R U R2 U2 F2 U' R2 U' R2 U F2 R2 U2 R2
L' B' R B' R' B2 L' F2 B2 U' B2 U B2 D' B2 D F2 L2",R U R' U R' F R F' R U2 R',3_oll,OLL,333,Fish Shape,,"#000000,#000000,#3F464F,#3F464F,#3F464F,#3F464F,#000000,#3F464F,#3F464F,#000000,#000000,#3F464F,#000000,#000000,#3F464F,#000000,#3F464F,#3F464F,#3F464F,#3F464F,#000000",0.0,
333_oll_55,55,checked,"R U' B2 R2 L2 F' D' F' R U L2 U' R2 D' B2 R2 F2 L2 U2 F2
R' U' R U R' U2 F R' F' U2 R2 B2 U B2 D' R2 D R2 U2
R U' B2 R2 L2 F' D' F' R' D2 F2 L2 D B2 D' B2 R2 U' B2
R B' R' L2 B L B2 L B U' L2 B2 U' R2 F2 D' F2 R2 U B2
R U2 R U2 D R B R' B' L2 D F2 L2 D R2 D R2 U' R2 B2
R B' R B' U D2 F L2 F' D2 B2 U' B2 R2 U F2 D' L2 D F2
R' U F2 R2 L2 B D B R D2 B2 L2 D' F2 D F2 R2 U F2
F' U' F U F2 U2 R' F R F2 R2 U R2 D' F2 D F2 U
R U2 R U2 D R' F R' F' R2 U' B2 U2 B2 U B2 U B2 D' R2
F U F' U' F2 U2 L F' L' F2 L2 U' L2 U L2 D' L2 D
R U B2 U' L' B' L B' R U' R2 F2 L2 B2 U' F2 R2 D' B2 U2
R U R' U' R U2 B' R B U2 R2 F2 U' F2 D R2 D' R2
F R2 B2 R F R2 B2 R U' B2 R2 U' R2 U R2 B2 D B2 D' F2
F2 R' F' R L2 F L2 F L2 F2 U2 F2 D' L2 D L2 F2 U2 L2
R B2 R2 F R F2 L2 F U L2 U' F2 D R2 B2 U R2 U' L2 F2",R' F R U R U' R2 F' R2 U' R' U R U R',3_oll,OLL,333,I Shape,,"#000000,#000000,#000000,#3F464F,#3F464F,#3F464F,#3F464F,#3F464F,#3F464F,#000000,#000000,#000000,#3F464F,#3F464F,#3F464F,#3F464F,#3F464F,#3F464F,#000000,#000000,#000000",0.0,
222_oll_6,6,checked,"R F' U' R' U' R F
R U R F R' F' U'
F' R U F U F' R'
R' U R U F R' F'
R U' r' U' F' U F
R' F R F U' F' U'
R' F R F U F' U'
F U' F' U' L' U L
R' U R F R' F' U'
R' U R F R F' U'",F' R' U R U F R',2_oll,OLL,222,,,"#000000,#3F464F,#3F464F,#3F464F,#000000,#3F464F,#3F464F,#3F464F,#000000,#3F464F,#000000,#3F464F",0.0,
222_oll_2,2,checked,"F L' U2 F L2 U' L'
R' F' R2 U R2 F' R
F R' F2 U F2 R' F'
R U R2 F' R2 U R'
R U' R2 F R2 U' R'
F U' F2 R U2 F' R'
L U' L2 F U2 L' F'
L F' L2 U L2 F' L'
R D L2 F' R2 U R'
F U' L F' L' F U' F2",L U L2 F' U2 L F',2_oll,OLL,222,,,"#3F464F,#3F464F,#000000,#3F464F,#3F464F,#000000,#3F464F,#3F464F,#3F464F,#3F464F,#000000,#000000",0.0,
333_oll_31,31,checked,"F R L2 U R' U' L2 F U L2 U L2 U' L2 F2 L2 D F2 D' L2
F R L2 U R' U' L2 F U' F2 R2 U2 R2 F2 U F2 U2 R2 U' R2
R2 U B' D R D' R' B U' R2 U F2 D' F2 D R2 U' R2 U'
F U F U' F' L F' L U2 R2 F2 L2 D2 L2 D' R2 L2 U B2 U'
R B' U B' U' B R U B2 U' R2 U B2 D' R2 D B2 U
R U' B' R' D2 R2 D B' U' B2 D R2 U' F2 U' L2 D2 L2 U F2
L B L2 B' L U' B2 U' L2 U' L2 U B2 L2 U2 L2 U'
F' L U' L U L' F R2 B2 U2 R2 U' B2 R2 F2 B2 D F2
L B L2 B' L U2 D2 R2 B2 D' F2 U F2 R2 D' F2 L2 F2
L B L B2 R B' R F2 D F2 R2 B2 L2 B2 D2 F2 D' F2 D' B2
F' L U' L U L' F R2 B2 U2 R2 F2 L2 B2 D B2 D F2
R U' B' R' U2 L2 D F' U' F2 U R2 F2 D L2 F2 U B2 D' F2
F R U R' U' F R2 D' L2 D R2 D' L2 D F2 U
F R U R U R2 U2 F U R2 U' F2 U L2 B2 U' B2 U B2 L2
F R' F D R2 B' R B D2 B2 D R2 U' B2 U F2 U' B2 L2 U2",R' U' F U R U' R' F' R,3_oll,OLL,333,P Shape,,"#000000,#3F464F,#3F464F,#3F464F,#3F464F,#000000,#000000,#3F464F,#000000,#3F464F,#000000,#000000,#3F464F,#3F464F,#3F464F,#3F464F,#000000,#3F464F,#000000,#000000,#3F464F",0.0,
333_oll_6,6,checked,"L F R' F R F2 L U D' B2 U B2 U' D L2
R2 L' B R2 B' R2 B L' U L2 U' F2 R2 F2 U' B2 U L2 B2 U
R' L2 F L2 F' L2 F R F2 R2 B2 R2 F2 R2 D' F2 R2 L2 B2
R B L' B R D2 L F2 R2 U2 L2 B2 L2 U' R2 L2 D R2 L2
R U R' B' U' R2 U R B U2 F2 R2 B2 D' F2 B2 U' B2 L2 B2
R B2 D' B D B R' U L2 D L2 D' L2 U2 L2 B2 U B2 U2
R B2 D' B D B R D L2 F2 U L2 D2 F2 R2 D B2 U' L2 U2
F U' L2 U2 R' D2 R' U B U2 B2 U' B2 U2 B2 U' B2 L2 D2 R2
L2 B L' F' L' F L2 B U' L2 U' L2 U B2 U L2 U2
F U2 F U F' R' F D R' D L2 B2 U B2 U' L2 D2 R2 U' F2
R U R' B' U' R2 U R B U2 F2 R2 F2 U F2 R2 F2 U'
F2 R2 F L2 B L B' L F' U R2 U' R2 L2 D R2 D' L2 F2
L F R' F R F2 L F2 U' B2 U F2 U' B2 U L2
R B' U' B' R U D B' U R2 F2 R2 U' R2 U L2 D2 F2 U
F2 L F' R' F' R F2 L U L2 U' B2 R2 D F2 R2 B2 L2 F2 U",r U2 R' U' R U' r',3_oll,OLL,333,Square Shape,,"#3F464F,#3F464F,#3F464F,#000000,#3F464F,#000000,#000000,#3F464F,#000000,#3F464F,#000000,#000000,#3F464F,#3F464F,#3F464F,#3F464F,#3F464F,#000000,#000000,#000000,#3F464F",0.0,
333_oll_23,23,checked,"F D B2 D' F U' F2 U' R2 D R2 B2 U2 B2 D B2 D2
F D B2 D' F L2 U R2 F2 U' L2 D R2 D' F2 U2
R' D' L2 D R U2 R2 L2 D' R2 U F2 U R2 D2 R2 U' F2
R' D' L2 D R U R2 U' R2 D L2 F2 U L2 B2 D' L2 F2 D R2
F D B2 D' F R2 U L2 U L2 U' B2 D R2 F2 L2 B2 U2
F D B2 D' F D' F2 B2 R2 U' R2 D B2 L2 D2 L2 U B2 D2
F D B2 D' F R2 B2 U' R2 U D2 B2 R2 U' B2 D' F2 D2 B2
F D B2 D' F D F2 U R2 U' F2 D2 L2 D F2 U2 R2
F D B2 D' F R2 B2 U R2 U2 R2 U F2 L2 U' F2 D F2 D2
F D B2 D' F B2 U' F2 L2 D2 L2 D R2 D' R2 B2 U' B2
F D B2 D' F D' F2 L2 D F2 U' F2 D2 L2 U B2 D2
F D B2 D' F U' F2 U' R2 D B2 U2 B2 R2 D B2 D2
R U2 R F2 R' U2 R U2 F2 R2 F2 U2 R2 F2 U2 R2 F2 R2
R2 U L U' R2 U L' U' F2 L2 U' B2 U B2 R2 D R2 L2 F2 U
R U' B2 U B2 U R D' R2 U' R2 F2 D B2 D' F2 D B2 R2",R2 D' R U2 R' D R U2 R,3_oll,OLL,333,Cross,,"#000000,#3F464F,#000000,#3F464F,#3F464F,#000000,#3F464F,#3F464F,#3F464F,#000000,#000000,#000000,#3F464F,#3F464F,#000000,#000000,#000000,#3F464F,#3F464F,#3F464F,#3F464F",0.0,
333_oll_48,48,checked,"F U R U' R' U R U' R' F U2 D2 F2 B2 U2 D2 B2
R2 B' D R F D R' B R2 F' U R2 B2 U B2 D' B2 U' B2 R2
R D L2 D2 B' D B R U2 R2 D' B2 L2 U L2 B2 L2 D2
R' D' L2 D2 F D' F' R F2 R2 U' L2 F2 L2 D B2 U F2 D'
R B2 L2 B R F2 R2 B' U2 B2 L2 B2 U2 L2 U' R2 L2 D' R2 L2
R B2 R2 F R F2 L2 F' R2 U R2 B2 L2 D R2 U' F2 R2 F2 U
F' U' B L F' L F B' U F U' F2 U R2 B2 D B2 R2 U' F2
F R2 B D2 F2 L' B L' F' D2 F2 U L2 U' R2 U L2 U' B2
R U2 L' F' B' U2 B' L F' R U F2 D' F2 R2 F2 L2 D L2 U'
R B2 L2 B R F2 R2 B U2 D2 F2 U2 F2 L2 B2 D2 L2 D2
F U R' U2 R' F B2 D' F2 L D2 F2 U' R2 D' R2 L2 B2 R2 D'
R B2 R2 F R F2 L2 F R2 F2 L2 D F2 L2 F2 D' B2 R2 F2
F U F' L2 U' D' R B' R U L2 D' F2 R2 D L2 B2 D L2
F R U R2 U' F U F' R F D R2 F2 D2 L2 B2 U D L2
F D B2 D2 R' D R F D B2 D' F2 B2 U R2 U' R2 D B2 D'",F R U R' U' R U R' U' F',3_oll,OLL,333,Small L Shape,,"#3F464F,#3F464F,#000000,#000000,#3F464F,#000000,#3F464F,#3F464F,#3F464F,#000000,#000000,#3F464F,#000000,#000000,#3F464F,#3F464F,#3F464F,#3F464F,#3F464F,#000000,#000000",0.0,
333_oll_11,11,checked,"R B2 R' U2 L' B L B' L2 U' R2 F2 U' F2 U F2 R2 L2 U' B2
L U' F2 U F' U2 F' U L F2 U' B2 D' R2 D2 F2 D' B2
R B' R2 F R F2 U2 L2 F' D' R2 B2 L2 U2 R2 U' L2 D L2
R' U2 R B2 L F' L F R2 U' R2 U R2 D' R2 D L2 B2 U2
R' U F U R' U' D' F U R2 L2 U2 R2 U' R2 D2 B2 U L2 D'
L' B' R B' R' B2 L' U L2 U2 B2 U' B2 U' L2 B2 U2 B2 U' L2
L' B' R B' R' B2 L F2 U2 L2 U' F2 U2 F2 L2 U' L2 U2 L2 F2
R F R' U R' U' F' U R U2 R2 U' R2 F2 D2 B2 D' B2 D' F2
R2 U' F R F' R F R F U D' L2 U F2 R2 D B2 D' R2 D
R F R' U R' U' F' U R' U2 R2 U' F2 D' L2 U L2 U F2 D
R' F L2 F' U L2 U' F R U2 L2 U2 R2 F2 R2 B2 L2 B2 U'
F R2 F2 B L' B L' F D2 R2 D' R2 B2 U2 L2 B2 D B2 U2 L2
R2 B' R F R F' R2 B U D B2 U2 L2 U L2 D' B2 R2 U2
R B2 R2 L F' L F' R U B2 U' B2 R2 U' R2 B2 D' B2 L2 U2
R' F2 D F' D' F' R U L2 U' F2 L2 U F2 U' L2 F2",r U R' U R' F R F' R U2 r',3_oll,OLL,333,Small Lightning Bolt,,"#000000,#3F464F,#3F464F,#3F464F,#3F464F,#000000,#000000,#3F464F,#3F464F,#000000,#000000,#3F464F,#000000,#000000,#3F464F,#3F464F,#3F464F,#3F464F,#3F464F,#000000,#000000",0.0,
333_oll_3,3,checked,"R L' B' L U2 L' B' R B' L U2 D2 R2 L2 U2 D2 L2
R L' B' L U2 L' B' R B' L F2 B2 L2 D R2 F2 B2 L2 U'
L U2 F U2 R' F R F2 L' U B2 D F2 U2 D F2 D B2 D
R' L F' R U2 R' F' L F' R' F2 R2 L2 B2 U R2 L2 D R2 L2
R U2 B U2 L' B R D2 L' U R2 U L2 D' R2 B2 D' B2 R2 D'
R U2 B U2 L' B L B2 R U' F2 U' F2 D R2 U2 B2 U' B2 D'
F R U B' R B R2 U' F' L2 U' F2 U F2 U L2 F2 U2 F2
F R U B' R B R2 U' F U2 L2 U' L2 U' L2 U2 L2 U F2
B L2 F' L' U2 F L' B' R2 U' R2 F2 U' F2 D R2 B2 U B2 D'
B L2 F' L' U2 F L' B' R2 U' R2 B2 U' R2 U B2 R2 D B2 D'
B L2 F' L' U2 F L' B' R2 U' F2 U R2 D' R2 D B2 U' F2 B2
F R U B' R B R2 U' F' L2 U' L2 D F2 U R2 U R2 D' F2
R2 F R F B L' B' D2 B2 L' D' B2 D' L2 F2 U B2 R2 B2 U'
R U2 B' R B' L F' L F U' R2 F2 D F2 R2 U2 L2 U' B2 R2
U2 R B2 L' B' U2 L B' R' L2 D' L2 U2 L2 B2 U B2 L2 D F2",r' R2 U R' U r U2 r' U M',3_oll,OLL,333,Dot,,"#000000,#000000,#3F464F,#3F464F,#3F464F,#3F464F,#3F464F,#000000,#000000,#3F464F,#000000,#3F464F,#000000,#3F464F,#000000,#3F464F,#3F464F,#3F464F,#3F464F,#000000,#000000",0.0,
333_oll_1,1,checked,"F' U2 B L' U2 B L F' D2 R2 U B2 U F2 R2 B2 D B2 D L2
L' B L B U2 L' B L U' R2 U R2 U' R2 F2 B2 D' L2 D F2
R B' R' B' U2 R B' R U2 R2 D' R2 D R2 B2 U R2 U R2 U
R B' R' B' U2 R B' R F2 R2 U R2 F2 D L2 D R2 U2 L2 B2
F' U2 B L' U2 B L F B2 U R2 U R2 U2 R2 U' R2 U2 R2 U
F' U2 B L' U2 B L F B2 R2 U2 R2 U R2 U2 R2 U' R2
F' U2 B L' U2 B L F R2 U R2 U' B2 U' R2 D B2 U' D' B2
F' U2 B L' U2 B L F R2 B2 U2 B2 U' B2 U R2 B2 R2 U2 R2
R2 F R F U2 F R' F L2 U' F2 U R2 U2 R2 F2 U L2 U' R2
L F' L' F' U2 L F' L F2 L2 U2 F2 U L2 U L2 U' L2 U2
F' U2 B L' U2 B L F B2 U2 R2 U F2 B2 L2 D L2 F2 B2
F' U2 B L' U2 B L F L2 F2 U2 B2 D' B2 D R2 F2 L2 D2 R2
R' F' L F R' D2 L2 B L' B U' L2 U' R2 U L2 U' L2 D2 F2
R' U2 L F' U2 L F R U2 B2 U' R2 U L2 D' F2 D' R2 D2 B2
F' L F L U2 F' L F' U F2 U' F2 U2 F2 U F2 U' F2 U' L2",R U2 R' R' F R F' U2 R' F R F',3_oll,OLL,333,Dot,,"#3F464F,#000000,#3F464F,#000000,#3F464F,#3F464F,#3F464F,#000000,#000000,#3F464F,#000000,#3F464F,#000000,#000000,#3F464F,#3F464F,#3F464F,#000000,#3F464F,#000000,#3F464F",0.0,
333_oll_8,8,checked,"R' F2 L F L' F R U2 R2 L2 U2 D2 R2 L2 D2
B2 R B' L' B' R D2 L' U R2 F2 U' R2 D F2 L2 U F2 U2 F2
F2 L F' R' F' R F2 L U' R2 B2 D B2 R2 U L2 U F2
R' U2 L F R' F L U2 R2 U R2 U2 L2 B2 L2 D2 F2 D L2 B2
R2 U F' R' B' R' B R2 F R2 F2 U L2 D R2 B2 D' R2 L2
R' F2 R2 L' B L' B R F2 U L2 U' R2 L2 D L2 D' B2
R' F2 R2 L' B L' B R B2 U R2 U' R2 L2 D R2 D' F2
R' U' R' U D' R B' R B L2 U' F2 B2 D' R2 L2 U' L2 F2 B2
B L F' L F L2 B U R2 F2 L2 D' L2 F2 R2 U2 B2
R' U' R U' B2 L F' L F R2 D L2 D' R2 D L2 D' L2 B2
R B U B' R2 D R2 U' R' U R2 B2 D' F2 D B2 D' F2 R2 U
B L F' L F L2 B U2 R2 F2 L2 D' L2 F2 R2 U B2
F2 L F' R' F' R F2 L F2 U' F2 U L2 F2 D F2 D' F2
L F R' F R F2 L D F2 D' B2 D F2 D' B2 L2
R' F2 L F L' F R F2 R2 D' L2 D R2 D' L2 D F2",l' U' L U' L' U2 l,3_oll,OLL,333,Small Lightning Bolt,,"#3F464F,#3F464F,#000000,#000000,#3F464F,#000000,#3F464F,#3F464F,#000000,#3F464F,#000000,#000000,#3F464F,#3F464F,#3F464F,#3F464F,#000000,#3F464F,#000000,#000000,#3F464F",0.0,
333_oll_29,29,checked,"F U R U' R' F U R2 B2 U' F2 D L2 U2 B2 D' R2 U' R2 U2
F2 U' B L2 B D2 R F R' U2 F2 U' B2 D2 F2 B2 D F2 D' B2
R2 F U' R' U' R U R F' R2 U R2 U R2 U' R2 U R2 U
B U L U' L' B R2 U B2 D' B2 D L2 U' R2 L2 B2 U'
R B' R D B2 L' B L' U' L2 U' R2 U B2 U2 R2 D B2 D2
B' U' R' U R B' U2 R2 U L2 U' R2 B2 U' B2 U2 L2 U B2 U'
B' U' R' U R B U L2 B2 U L2 D' L2 D F2 U' F2 B2 L2
F' L' U' L U F U B2 U' B2 D L2 F2 U F2 D' L2
R U R F2 B L' B D' L D' F2 U R2 U' F2 U L2 F2 D
F' L' U' L U F U' R2 B2 U' F2 U B2 U' F2 U R2
R B' R D B2 L' B L B2 U' R2 U' R2 U R2 B2 D' B2 U2
F U' R L' B2 L U' R' F' U F2 U' L2 U R2 U' B2 R2 D' L2
F2 R' F U2 F' U2 F' R' D R2 F2 L2 B2 U R2 U2 L2 F2 R2 D2
F R' U R' U' R F U' R2 U R2 L2 B2 R2 D' B2 L2 U'
R2 U R F' U' F U R U2 F2 U' F2 U2 R2 U' F2 D' F2 D R2",R U R' U' R U' R' F' U' F R U R',3_oll,OLL,333,Awkward Shape,,"#000000,#3F464F,#3F464F,#3F464F,#3F464F,#000000,#000000,#3F464F,#3F464F,#000000,#000000,#3F464F,#000000,#3F464F,#3F464F,#3F464F,#000000,#3F464F,#000000,#000000,#3F464F",0.0,
333_oll_37,37,checked,"B U' L U2 L' U B U2 B2 U2 B2 U B2 U B2 U' B2 U
F R F U F' R' F R2 U B2 L2 F2 D L2 B2 U' F2
R2 F2 R' B U B' U' R F2 B2 U B2 U' B2 D B2 D' R2 U2
R2 F2 L F' D' F D L' U' R2 D R2 D' F2 B2 L2 F2 D' L2 B2
R B' R' U R2 B D B U F2 U' L2 U F2 D' B2 R2 U' R2
R2 B2 R U' F' U F R L2 U' B2 U R2 L2 B2 D' F2 D R2 U2
B2 L' D B D' B' L F2 B2 U F2 R2 U' F2 U2 R2 F2 R2 F2
F2 L D' F' D F L D' R2 D' L2 U' L2 B2 R2 B2 D' B2 L2
B2 L' D B D' B' L D L2 D' F2 L2 F2 D2 L2 B2 U2 F2
F R2 F R' B' R D2 B' L2 F2 U2 R2 U R2 F2 L2 B2 D' F2
F2 L D' F' D F L D2 B2 U' F2 U' R2 F2 U2 B2 D F2 U'
R' F R U' R2 F' D' F D R2 F2 U2 F2 U' F2 U' F2
F R' F D R2 B' R B D2 F2 U R2 B2 U' F2 L2 B2 R2 F2 U'
F R L2 U R' U' L2 F' U2 F2 U R2 B2 D' L2 D B2 R2 U
R U R U' R' F R' F' L2 B2 U' L2 F2 D' L2 D R2 D' L2 F2",F R' F' R U R U' R',3_oll,OLL,333,Fish Shape,,"#3F464F,#3F464F,#3F464F,#3F464F,#000000,#000000,#3F464F,#000000,#3F464F,#000000,#000000,#3F464F,#000000,#3F464F,#3F464F,#3F464F,#000000,#3F464F,#000000,#000000,#3F464F",0.0,
333_oll_17,17,checked,"R' F R' F L2 D2 R' B' R D2 L2 D B2 D' F2 D B2 D' R2
F U R F' D2 B U L' B' U2 B2 U L2 U B2 D' R2 U' R2 D'
F R B U B' U R' U2 F' U2 F2 U2 F2 L2 U' F2 U' F2 U L2
R2 B2 L D' R F R' D L' B2 R2 U2 L2 U' L2 U' L2 U2 L2
F R F D2 L' B L2 B2 L' U' L2 U L2 D F2 U2 F2 D F2 U'
F R F D2 L' B L2 B2 L' U L2 U2 L2 D' B2 U' B2 D' F2 U'
F' U' R2 L' B R2 U L F L2 U2 R2 B2 D' B2 D' R2 D' L2 D
F' U' R2 L' B R2 U L F' U L2 D' L2 D2 B2 D' B2 D' F2
F R F D2 L' B L2 B2 L' U B2 U2 L2 U B2 D2 F2 U' R2
F R F D2 L' B L2 B2 L' D B2 D' B2 D L2 D L2 F2 U'
R2 B2 R' U L' B' L U' R L2 U B2 U' B2 L2 D' B2 D R2
R2 F2 L' D R' B' R D' L F2 R2 D' R2 D L2 D' R2 D L2
L2 F D2 B' R F L2 B U' L2 B2 U' R2 U R2 F2 D' R2 B2 L2
L' U2 B' U R' U R B L U2 F2 R2 D2 B2 U' L2 D' B2 R2 D'
R' U' F' R D2 L' U' B L U2 L2 U' B2 U' L2 D F2 U F2 D",F R' F' R2 r' U R U' R' U' M',3_oll,OLL,333,Dot,,"#3F464F,#000000,#3F464F,#3F464F,#000000,#3F464F,#3F464F,#000000,#000000,#3F464F,#000000,#3F464F,#000000,#3F464F,#3F464F,#3F464F,#000000,#3F464F,#000000,#000000,#3F464F",0.0,
333_oll_52,52,checked,"R D L2 D2 B' D B R' F2 U F2 D' L2 D2 L2 F2 U' F2 L2 D'
R F2 U2 B U' B' R F2 D R' U D2 F2 L2 U2 L2 D R2 U
B' R' U' R' B R2 B2 U B' U R2 B2 R2 B2 U B2 U B2 U2
F R U R F' R2 F2 U' F U' R2 F2 R2 F2 U' F2 U' F2 U2
R2 F' L F' B2 R' U2 R B2 R2 U' R2 D2 R2 U B2 L2 U B2
F' L' B L' D2 L2 F L2 B U F2 D R2 B2 D F2 U
F2 R' F' R L2 F L2 F U2 L2 U L2 U' F2 L2 U2 F2 U
B2 R B R' L2 F' D2 F L2 B2 R2 B2 U2 B2 R2 U' B2 U B2 U
F2 R' F' R L2 F L2 F U F2 L2 U L2 F2 U L2 U2 F2 L2 U2
F U2 F' U' L2 D' R B' R D2 R2 D B2 D R2 D B2 L2 U2 F2
B2 R B R' L2 F' D2 F U D R2 U2 L2 B2 U' B2 U' R2 B2 D
R2 B L' F2 B R U2 R U R2 B2 U' R2 U2 R2 L2 F2 R2 D B2
L U F' U' L D F' U F U L2 B2 U R2 B2 U2 L2 F2 U' L2
F2 L F L U B2 L' F' L U2 B2 L2 U B2 U F2 R2 D' R2 B2
R' F U' F U2 F U' F' U' R' L2 B2 D' B2 R2 L2 U' F2 U F2",R U R' U R U' B U' B' R',3_oll,OLL,333,I Shape,,"#000000,#3F464F,#3F464F,#3F464F,#3F464F,#000000,#3F464F,#000000,#000000,#3F464F,#000000,#3F464F,#000000,#3F464F,#3F464F,#000000,#3F464F,#000000,#000000,#3F464F,#3F464F",0.0,
333_oll_12,12,checked,"F' L2 B L B' L F U R2 U' R2 U R2 B2 R2 U B2 U' R2 B2
R2 F R' B' R' F D2 B' D B2 D B2 D F2 U2 B2 U R2 U'
R B2 D' B D B R' L2 U' F2 D2 R2 D' R2 D' F2 L2 U2
L2 B L' F' L' F L2 B D' B2 U' L2 D L2 D L2 F2 D' F2
R' L2 F L2 F' L2 F R B2 D F2 R2 F2 D R2 D2 B2 L2 F2
L U' F' U' L U D F U' F2 R2 U' R2 F2 U L2 D' B2 U B2
R2 B' D' R' U' R U D B U' R2 F2 U2 F2 U F2 U F2
R B' U' B' R U D B D' F2 L2 U' F2 D' R2 B2 D' F2 D F2
L U' F' U' L U D F U' R2 U F2 L2 D' B2 D L2 D' F2 L2
R B L' B R D2 L U2 R2 U L2 B2 R2 U F2 R2 D2 B2 D
R B L' B R D2 L U2 R2 B2 R2 U' L2 F2 R2 D L2 U
R2 B' D' R' U' R U D B' U' R2 U' R2 B2 U' B2 U' B2 U R2
F U2 F R2 D2 L B' L F2 D' R2 D R2 B2 U R2 U L2 B2 U2
B L F' L F L2 B D B2 D L2 D F2 R2 D2 L2 U B2 D' R2
L F' L' B U' F' U F B R2 L2 F2 R2 B2 L2 U' R2 F2 R2 U",M' R' U' R U' R' U2 R U' R r',3_oll,OLL,333,Small Lightning Bolt,,"#3F464F,#3F464F,#000000,#3F464F,#000000,#000000,#3F464F,#3F464F,#000000,#3F464F,#000000,#000000,#3F464F,#3F464F,#3F464F,#3F464F,#3F464F,#000000,#000000,#000000,#3F464F",0.0,
333_oll_5,5,checked,"R' F' L F' R' D2 L F2 R2 U2 L2 B2 L2 U2 L2
R L2 B' L2 B L2 B' R U' R2 U F2 L2 F2 U B2 U' R2 B2 U'
L' B' R B' R' B2 L F2 R2 F2 B2 L2 B2 U F2 B2 D F2 B2
R2 L F' R2 F R2 F' L U L2 B2 R2 D B2 U' B2 R2 B2
R2 B' R F R F' R2 B U R2 F2 D2 B2 D' B2 D' F2 U
R U F' L2 B' L2 F U R U' L2 U L2 D' B2 D B2 R2 U
F2 U' B L F L F' L2 B' U D2 R2 D' R2 D' F2 L2 U L2 U
R B' R2 F R F2 D2 R2 B' L2 U' B2 U L2 B2 U' L2 U2 R2 F2
R2 U B' R2 F' R' F R' B' U2 B2 U' B2 U2 F2 U F2 B2 U' R2
F U2 B' R' F R' B L2 F2 U' B2 R2 F2 D' F2 B2
F U2 B' R' F R' B L2 F2 U' F2 L2 B2 D' F2 B2
R2 F D R U R' U' D' F' U F2 U B2 D' L2 F2 D B2 U2
F' L2 D L' D' L' F L2 F2 D2 R2 D R2 D F2 L2
R' F' L F' R' D2 L' U B2 U' F2 U B2 U' R2 U2 L2 B2 L2 U2
R U2 L' B' R B' L U R2 U' B2 D L2 U' B2 U' B2 L2 B2 D'",l' U2 L U L' U l,3_oll,OLL,333,Square Shape,,"#3F464F,#3F464F,#3F464F,#3F464F,#000000,#000000,#3F464F,#000000,#3F464F,#000000,#000000,#3F464F,#000000,#000000,#3F464F,#3F464F,#3F464F,#3F464F,#3F464F,#000000,#000000",0.0,
333_oll_38,38,checked,"R2 F D' R' D R F D' F2 R2 F2 R2 U R2 D F2 L2 D L2
R B2 R B' L' B D2 L' F2 R2 U B2 U' B2 U' R2 F2 R2 L2 U
R U2 R B' R' B U2 R U' R2 U F2 R2 U' F2 U R2 F2 R2
L2 B D' L' D L B R2 B2 D' B2 U R2 F2 R2 B2 U D F2
R B R U R' B' R U2 F2 R2 F2 U2 F2 R2 F2 U' R2
L2 U F' B2 R' F2 R F U F2 U B2 L2 B2 U2 R2 D R2 B2
R' U2 R' F R F' U2 R U F2 R2 L2 D' R2 B2 U' B2 U L2 F2
F2 R2 F L' U' L U F' R2 F2 L2 U' L2 D L2 D' B2 U B2 L2
L2 F' D L D' L' F R2 F2 D F2 L2 U' B2 U' B2 U R2
F2 R2 B' R D R' D' B' L2 B2 U' R2 B2 U' F2 U F2 D' B2
R B R U R' B' R U' B2 U B2 U' B2 R2 F2 D' L2 D F2
F' L F U2 R B2 R F2 D2 F2 U' R2 U2 B2 U R2 U2 R2 B2 U'
R F R2 F' D L2 D' R U2 D' R2 D' L2 D' R2 D' F2 U F2 U
F U R U' R' F U L2 U' L2 F2 D' F2 R2 U F2 L2 B2 D2 L2
R' F R U2 F U2 F L2 B2 D' R2 U R2 B2 L2 D F2",R U R' U R U' R' U' R' F R F',3_oll,OLL,333,W Shape,,"#000000,#3F464F,#3F464F,#3F464F,#3F464F,#000000,#000000,#3F464F,#3F464F,#000000,#000000,#3F464F,#000000,#3F464F,#000000,#3F464F,#3F464F,#000000,#3F464F,#000000,#3F464F",0.0,
333_oll_22,22,checked,"R D L2 B2 D' B2 D' R U2 F2 R2 D' L2 U' L2 U L2 D' B2 D'
R D B2 D B2 L2 D' R U' R2 U' R2 D2 L2 D R2 F2 D' F2 D
F R2 F' U L2 B' D' B L2 F2 U' L2 U' B2 D B2 U L2 F2
F R2 F' U R2 F' U' F R2 B2 R2 U' R2 U' B2 U B2 U B2
F U2 F' U R2 F' D' F U F2 B2 L2 D L2 D' L2 B2 D F2 U2
F U2 F' U R2 F' D' F' L2 U L2 U R2 U' F2 U2 R2 D' F2 D2
R D L2 B2 D' B2 D' R U R2 U F2 R2 D R2 D' F2 D' L2 D2
R' D' F2 D' F2 L2 D R' U' R2 U' R2 D2 L2 D F2 D F2 R2 D
F U2 F' U R2 F' D' F U' F2 L2 U B2 U' B2 D L2 F2 U2 R2
R D B2 D B2 L2 D' R U R2 U R2 D2 L2 D' B2 D' B2 R2 D'
F U2 F' U R2 F' D' F D B2 D2 L2 U B2 D R2 F2 D
R D L2 B2 D' B2 D' R U B2 L2 U2 F2 D R2 U F2 D' R2 U
R U B2 R' B2 R2 U' R F2 R2 U2 R2 B2 R2 B2 U' R2 D' L2 D
R U2 R' U F2 L' U' L' U' L2 F2 U' R2 D' L2 D R2 L2
R U2 D' F2 L' B2 U L' F2 D2 L2 D R2 D L2 F2 B2 U2 F2 D'",R U2 (R2 U' R2 U' R2) U2 R,3_oll,OLL,333,Cross,,"#3F464F,#3F464F,#000000,#000000,#3F464F,#000000,#3F464F,#3F464F,#3F464F,#000000,#000000,#000000,#3F464F,#000000,#3F464F,#000000,#3F464F,#3F464F,#3F464F,#3F464F,#000000",0.0,
333_oll_49,49,checked,"L F2 L2 B L F2 L2 B R2 U2 L2 F2 R2 D2 F2
F2 R' F' R L2 B D2 B' L2 U2 L2 U' B2 U' L2 U F2 U' R2 D'
B2 L' B' R2 L B R2 B R2 U B2 D B2 D' R2 B2 U' R2 U' B2
R B2 R2 F R F2 L2 F' U2 F2 L2 F2 U2 L2 U' R2 L2 D' R2 L2
F D' F2 U L' U F' L2 D' L D B2 L2 U B2 U' L2 B2 D F2
L F2 R2 F L F2 R2 F R2 U F2 L2 B2 D B2
L F2 R2 F L F2 R2 F R2 F2 B2 U F2 R2 B2 D F2
R D L2 D2 B' D B R' U B2 L2 B2 U B2 U2 B2 U L2 B2 U
B2 R B R' F2 D2 F L2 F' D2 L2 D' L2 F2 U2 B2 D B2 D' B2
R D L2 D2 B' D B R U D' F2 U2 R2 B2 D B2 U2 L2 B2 U'
F U' R' U' F' U R' D2 B2 L' B2 U B2 U' B2 D2 R2 U' F2 U'
R B2 L' F' B' U2 F' L B' R U2 F2 D R2 D' B2 L2 B2 U2 F2
B' R' U2 R B U B' U B' U2 L2 U L2 U L2 U2 L2 U' B2 U'
L2 B L F2 B' R' D2 R U F2 D2 R2 U2 D' B2 L2 U R2 F2
R2 F2 B L' F2 B R U2 R U' R2 U' B2 D R2 U' B2 D2 B2 U'",r U' r2 U r2 U r2 U' r,3_oll,OLL,333,Small L Shape,,"#3F464F,#3F464F,#000000,#000000,#3F464F,#000000,#3F464F,#3F464F,#000000,#3F464F,#000000,#000000,#3F464F,#000000,#3F464F,#3F464F,#3F464F,#3F464F,#3F464F,#000000,#000000",0.0,
333_oll_57,57,checked,"R L F R2 F R L U2 L2 F2 L2 U2 L2 F2 U' R2 U' R2
R L F U2 F R L U2 L2 B2 R2 D R2 U2 D R2 U' B2 U' B2
R L F R2 F R L D L2 U L2 B2 L2 F2 U' R2 F2 U'
R L F U2 F R L' U' B2 R2 L2 D' B2 L2 U' F2 R2 F2 U
R U R' B' R2 U' R' U B U' F2 R2 F2 U F2 R2 F2
R' F' L U2 L' F R B2 U B2 L2 D F2 U' F2 L2 D' B2
R' L F' U2 F R L U R2 L2 D' R2 U' L2 B2 U' R2 F2 R2
R F D B2 R D2 F U' L F2 D R2 D' F2 D F2
R L' F' L2 F R L U R2 F2 L2 U F2 R2 U' R2 L2 F2 U
R B' D' F2 R' D2 B' U L' F2 U' R2 D F2 D2 F2 R2 F2 D' B2
R U R' B' R2 U' R' U B U' F2 L2 B2 D' B2 L2 F2 U2
R F R' F2 L F' L' U R2 B2 U' F2 D B2 U' L2 U B2 L2 D'
R L F R2 F R L U' B2 L2 D' L2 U R2 D L2 F2 U' R2 U'
R L F R2 F R L' U2 F2 U R2 F2 U' R2 F2 R2 D' F2 D F2
R L F R2 F R L' U F2 U' R2 D F2 L2 U B2 R2 L2 U2 R2",R U R' U' M' U R U' r',3_oll,OLL,333,Corners Oriented,,"#3F464F,#000000,#3F464F,#3F464F,#000000,#3F464F,#000000,#3F464F,#3F464F,#000000,#000000,#000000,#3F464F,#3F464F,#000000,#3F464F,#000000,#3F464F,#3F464F,#000000,#3F464F",0.0,
333_oll_15,15,checked,"R' F' L F' R' D2 L D R2 B2 R2 D L2 F2 R2
R L2 B' L2 B L2 B' R U R2 F2 D R2 L2 U' L2 U R2 F2 U'
L' B' R B' R' B2 L U2 R2 U' F2 R2 F2 U2 F2 R2 F2 U' R2
R2 L F' R2 F R2 F' L U' D F2 U R2 B2 D' R2 F2 R2 U' R2
R2 B' R F R F' R2 B R2 F2 U' R2 D2 L2 B2 D L2 D R2 U'
L' U B U L' U' D' B U B2 D2 F2 U' F2 L2 U2 L2 U L2 D'
R2 F D R U R' U' D' F' U R2 U2 B2 U B2 U B2 U2 B2 U'
R2 B' R F R F' R2 B U F2 D2 B2 L2 D' B2 D' F2 U
R U F' L2 B' L2 F U R' L2 U' B2 U B2 D' B2 D B2 L2 U
B L2 F' L' F L' B U' R2 B2 R2 U2 R2 B2 R2 U' B2
F U2 B' R' F R' B R2 B2 D' B2 R2 B2 D F2 B2 U2
R2 F D R U R' U' D' F' U F2 D2 L2 U B2 D L2 F2 D
F' L2 D L' D' L' F B2 U B2 L2 F2 U' B2 D R2 F2 D' B2
R' F' L F' R' D2 L U R2 U L2 D' R2 U R2 F2 U F2 D'
R U2 L' B' R B' L D' L2 B2 U' L2 U R2 U' F2 U2",l' U' l L' U' L U l' U l,3_oll,OLL,333,Knight Move Shape,,"#3F464F,#000000,#3F464F,#3F464F,#000000,#3F464F,#3F464F,#000000,#3F464F,#000000,#000000,#000000,#3F464F,#000000,#3F464F,#3F464F,#3F464F,#3F464F,#3F464F,#000000,#000000",0.0,
333_oll_18,18,checked,"R2 F2 L' D R' B' R D' L' B2 L2 D R2 F2 U B2 L2 U' B2 U2
R2 F2 L' D R' B' R D' L U2 L2 U' R2 U R2 L2 U2 F2 R2 U'
R B' R B' L2 D2 R F R F2 B2 L2 U2 R2 F2 R2 U'
R B' R B' L2 D2 R F R F2 U2 R2 F2 L2 F2 L2 F2 D2 R2 U
R2 B2 R' U L' B' L U' R U' R2 U B2 L2 D' F2 D R2 L2 U
R2 F' B L' B' R F2 R' F U R2 U' F2 D R2 D' B2 D F2 B2
F U R F' D2 B U L' B R2 U' F2 U2 B2 U R2 L2 F2
R' F R' F L2 D2 R' B' R' D R2 B2 R2 D R2 B2 D' B2 L2 F2
F U R F' D2 B U L' B' R2 U2 R2 B2 L2 D F2 U2 B2 D F2
R2 F2 L' D R' B' R D' L F2 D2 L2 D2 R2 B2 U' B2 D L2 D'
R2 F2 L' D R' B' R D' L F2 R2 B2 U2 B2 U B2 U B2 U'
R2 B2 R' U L' B' L U' R U R2 U2 L2 D' L2 U' L2 D2 F2 L2
L F' L F2 U R' F R L2 U' F2 L2 U' F2 U F2 U F2 U
F R2 U2 F L D2 R L B D F2 U' L2 U F2 D L2 F2 U2
R U B R' D2 L U F' L' B2 R2 D' R2 B2 U L2 U2 F2 L2 D2",r U R' U R U2 r' r' U' R U' R' U2 r,3_oll,OLL,333,Dot,,"#3F464F,#000000,#3F464F,#3F464F,#000000,#3F464F,#000000,#3F464F,#000000,#3F464F,#000000,#3F464F,#000000,#3F464F,#3F464F,#3F464F,#3F464F,#3F464F,#000000,#000000,#000000",0.0,
333_oll_7,7,checked,"F' L2 D L' D' L' F L2 U L2 U B2 D' B2 D L2 U2 L2
B2 L' B R B R' B2 L U B2 L2 U' R2 D F2 L2 D' R2 B2 U2
R B2 L' B' L B' R F2 R2 L2 B2 L2 U' R2 L2 D' R2 L2
F2 R' F L F L' F2 R U R2 U L2 B2 D B2 L2 U' R2 F2
B' R' F R' F' R2 B R2 U' F2 R2 F2 U2 F2 R2 F2 U' R2
R2 U' F R2 U R' U' R' F U R2 D R2 B2 U' B2 D' F2 U' R2
F R U R U2 R2 F2 D' F U' F2 L2 U B2 U' B2 D L2 F2
B' R' F R' F' R2 B L2 U' F2 R2 B2 D2 B2 R2 F2 U' L2
R2 U' F R2 U R' U' R' F B2 L2 D L2 F2 B2 U R2 U
F2 B L' F2 L F2 L' B U2 B2 R2 U' B2 L2 B2 D R2 U2 F2 D
F2 B L' F2 L F2 L' B D F2 R2 F2 D R2 D2 B2 L2 F2 U
R F2 D' B L B' D F2 R U' B2 U R2 U R2 U' B2 U' R2
R2 L F' R2 F R2 F' L U' B2 R2 F2 R2 U' R2 U R2 D' B2 U
F R2 F2 B L' B L' F R2 F2 B2 D R2 D' L2 D R2 D' F2 U2
F2 R' F L F L' F2 R F2 D R2 D' L2 D R2 D' L2",r U R' U R U2 r',3_oll,OLL,333,Small Lightning Bolt,,"#000000,#3F464F,#3F464F,#3F464F,#3F464F,#000000,#3F464F,#000000,#3F464F,#000000,#000000,#3F464F,#000000,#3F464F,#000000,#3F464F,#3F464F,#3F464F,#3F464F,#000000,#000000",0.0,
333_oll_25,25,checked,"R U2 R F2 R' U2 R' U R2 U F2 U' R2 D R2 D' R2 U'
R U2 R F2 R' U2 R F2 D' F2 D B2 D' F2 D L2 D2 L2 B2 R2
R F2 R' B2 R F2 R F2 R2 U L2 U L2 U' R2 D L2 F2 R2
R F2 R' B2 R F2 R B2 L2 U F2 D F2 U' L2 U R2 B2 R2
R U2 R F2 R' U2 R' F2 R2 F2 R2 U R2 D' L2 U L2 F2 D F2
R U2 R F2 R' U2 R B2 U' F2 U F2 D' F2 D L2 D2 L2 B2 R2
R U2 R F2 R' U2 R F2 U' L2 U R2 U' L2 F2 U' F2 U2
R U2 R F2 R' U2 R L2 B2 D' F2 R2 L2 U B2 D' R2 D F2
R U2 R F2 R' U2 R' F2 D' F2 L2 U' L2 D R2 U' R2 F2 R2 F2
R U2 R F2 R' U2 R F2 U R2 D' F2 B2 R2 D F2 U' B2 L2
R U2 R F2 R' U2 R F2 U' R2 D R2 D' F2 U R2 U2 R2 F2 R2
R U2 R F2 R' U2 R L2 B2 U' R2 U F2 D' R2 L2 B2 U F2
F L2 F' R2 F L2 F U2 L2 B2 U' F2 D' F2 L2 U' F2 D'
R' D' L2 D R D2 B2 U' L2 U2 B2 U' L2 D' B2 D'
L D R2 D' L D R2 D' F2 U' B2 U F2 U' B2 U L2",F' r U R' U' r' F R,3_oll,OLL,333,Cross,,"#3F464F,#3F464F,#3F464F,#000000,#3F464F,#000000,#000000,#3F464F,#3F464F,#000000,#000000,#000000,#3F464F,#3F464F,#000000,#000000,#3F464F,#3F464F,#3F464F,#3F464F,#000000",0.0,
333_pll_1,U-Perm (a),checked,"B2 U M U2 M' U B2
F2 U M' U2 M U F2
R2 U S' U2 S U R2
R2 U F B' R2 B F' U R2
F2 U R' L F2 R L' U F2
R2 U F B' R2 F' B U R2
R2 U B' F R2 B F' U R2
L2 U B F' L2 B' F U L2
B2 U L' R B2 L R' U B2
R2 U' y R U2 R' r U2 r' y' U R2",M2 U M U2 M' U M2,3_pll,PLL,333,,public/images/pll/ua.svg,"#43FF43,#FF8A06,#43FF43,#FF8A06,#FFFF49,#FFFF49,#FFFF49,#FF4343,#FF4343,#FFFF49,#FFFF49,#FFFF49,#43FF43,#FF8A06,#FFFF49,#FFFF49,#FFFF49,#FF4343,#246BFD,#246BFD,#246BFD",0.0,
333_pll_17,N-Perm (a),checked,"L' U L2 F2 U L' F2 L U' F2 L2 U' L
R' F R2 U2 F R' U2 R F' U2 R2 F' R
R' U R2 B2 U R' B2 R U' B2 R2 U' R
B' U B2 L2 U B' L2 B U' L2 B2 U' B
R U' L U2 R' U L' R U' L U2 R' U L'
D R' U R2 D' R U' D R' U R2 D' R U'
U R' D R2 U' R D' U R' D R2 U' R D'
R U' L U2 R' U R L' U' L U2 R' U L'
l U' L U2 R' U R L' U' L U2 R' U L'
R U' L U2 R' U R L' U' L d2 L' U R'",R U R' U R U R' F' R U R' U' R' F R2 U' R' U2 R U' R',3_pll,PLL,333,,public/images/pll/na.svg,"#FF4343,#FF4343,#FF8A06,#43FF43,#FFFF49,#FFFF49,#FFFF49,#43FF43,#246BFD,#FFFF49,#FFFF49,#FFFF49,#43FF43,#246BFD,#FFFF49,#FFFF49,#FFFF49,#246BFD,#FF4343,#FF8A06,#FF8A06",0.0,
333_pll_5,A-Perm (a),checked,"F2 R2 F L F' R2 F L' F
R2 U2 R D R' U2 R D' R
L2 D2 L U L' D2 L U' L
R2 D2 R U R' D2 R U' R
L2 F2 L B L' F2 L B' L
R U' R D2 R' U R D2 R2
R B' R F2 R' B R F2 R2
R2 B2 R F R' B2 R F' R
L U' L D2 L' U L D2 L2
l2 D2 R U R' D2 R U' R",x L2 D2 L' U' L D2 L' U L',3_pll,PLL,333,,public/images/pll/aa.svg,"#FF4343,#43FF43,#FF4343,#43FF43,#FFFF49,#FFFF49,#FFFF49,#246BFD,#FF8A06,#FFFF49,#FFFF49,#FFFF49,#FF4343,#FF8A06,#FFFF49,#FFFF49,#FFFF49,#FF8A06,#246BFD,#246BFD,#43FF43",0.0,
333_pll_18,N-Perm (b),checked,"B U' B2 R2 U' B R2 B' U R2 B2 U B'
R U' R2 F2 U' R F2 R' U F2 R2 U R'
R2 U2 F2 U' R2 U2 R2 F2 U' F2 U2 F2 R2
U' z' U R' U2 z U R' z' R z U' z' U R' U2 z U R' z' R
L' U R' U2 L U' R L' U R' U2 L U' R
U' R D' R2 U R' D U' R D' R2 U R' D
R' U L' U2 R U' L R' U L' U2 R U' L
D' R U' R2 D R' D' U R U' R2 D R' U
R' z R U' R2 z' R U' R' z U R U' R2 D R' U
R' U L' U2 R U' R' L U L' U2 R U' L",R' U R U' R' F' U' F R U R' F R' F' R U' R,3_pll,PLL,333,,public/images/pll/nb.svg,"#FF4343,#FF8A06,#FF8A06,#43FF43,#FFFF49,#FFFF49,#FFFF49,#43FF43,#43FF43,#FFFF49,#FFFF49,#FFFF49,#246BFD,#246BFD,#FFFF49,#FFFF49,#FFFF49,#246BFD,#FF4343,#FF4343,#FF8A06",0.0,
333_pll_7,E-Perm,checked,"L R y L B' R B L' y' L' R' y' R B L' B' R'
U' R' D' R U R' L' U' L D L' U R r
L R F L' B L F' L' R' F R B' R' F'
R B' R' z' R' F R2 U R' B R U' R2 F' R
L' U R' D2 R U' L R' U L' D2 L U' R
R U' L D2 L' U R' L U' R D2 R' U L'
L U' L' D L U L' u2 L' U L D L' U' L
U' R U L' U' R' U r2 U R' U' L' U R U'
R' U R D' R' U' R u2 R U' R' D' R U R'
L' B L F' L' B' L F2 R B' R' F' R B R'",x' L' U L D' L' U' L D L' U' L D' L' U L D,3_pll,PLL,333,,public/images/pll/e.svg,"#43FF43,#FF8A06,#246BFD,#FF8A06,#FFFF49,#FFFF49,#FFFF49,#FF8A06,#246BFD,#FFFF49,#FFFF49,#FFFF49,#43FF43,#FF4343,#FFFF49,#FFFF49,#FFFF49,#FF4343,#43FF43,#FF4343,#246BFD",0.0,
333_pll_4,Z-Perm,checked,"F2 R' B' R F' B R F' B' R B R'
l2 y' l' U' R U z' R' U R' z U' R U l'
R2 B' L' B L R' B R' L' B L B'
F2 R' B' R F' B R B' F' R B R'
F2 R' B' R B F' R F' B' R B R'
D2 R U R' D U' R' D U R' U' l
R2 U' L' U R' z U R D' U' R U R'
S' M2 S U S2 U' M2
S2 D M2 D' M S2 M'
S M2 S' D S2 D' M2",M' U M2 U M2 U M' U2 M2,3_pll,PLL,333,,public/images/pll/z.svg,"#43FF43,#FF4343,#43FF43,#FF8A06,#FFFF49,#FFFF49,#FFFF49,#FF4343,#246BFD,#FFFF49,#FFFF49,#FFFF49,#43FF43,#FF8A06,#FFFF49,#FFFF49,#FFFF49,#FF4343,#246BFD,#FF8A06,#246BFD",0.0,
333_pll_3,H-Perm,checked,"F2 M2 F2 U F2 M2 F2
r2 B2 F2 R2 U r2 B2 F2 R2
L2 B2 F2 R2 D L2 B2 F2 R2
L2 F2 B2 R2 D' L2 F2 B2 R2
L' R' U2 z u U r R U2 R' L'
R' L' U2 R L y' R L U2 R' L'
L' R' U2 L R y' L R U2 L' R'
F' B' U2 B F L R U2 L' R'
B F U2 B' F' R' L' U2 R L
B' F' U2 B F R L U2 R' L'",M2 U M2 U2 M2 U M2,3_pll,PLL,333,,public/images/pll/h.svg,"#43FF43,#246BFD,#43FF43,#FF8A06,#FFFF49,#FFFF49,#FFFF49,#FF4343,#FF4343,#FFFF49,#FFFF49,#FFFF49,#FF8A06,#FF8A06,#FFFF49,#FFFF49,#FFFF49,#FF4343,#246BFD,#43FF43,#246BFD",0.0,
333_pll_20,V-Perm,checked,"R' U' R' U R x' y' R2 U R U' R x2 y' U R U' R
R' U' R' U R y U2 R U R' U z y' U R U' R
F' R' F' R U' R U R2 F R y' U R U' R
R' B' R' B U' B U B2 R B U R U' R
F' R' F' R U' R U x R2 U R x' y' U R U' R
R' U' R' U F' U F U2 R U x U R U' R
U' R' U' R B' R B R2 U R x' y' U R U' R
F' R' F' R U' R U R2 F R d R U' R
R' U' R' U R x' y' R2 U R U' l f l U' R
R' B' R' B R B2 D B D' B U R U' R",R' U R' U' y R' F' R2 U' R' U R' F R F,3_pll,PLL,333,,public/images/pll/v.svg,"#FF8A06,#246BFD,#FF4343,#246BFD,#FFFF49,#FFFF49,#FFFF49,#246BFD,#43FF43,#FFFF49,#FFFF49,#FFFF49,#FF4343,#43FF43,#FFFF49,#FFFF49,#FFFF49,#43FF43,#FF8A06,#FF8A06,#FF4343",0.0,
333_pll_13,R-Perm (a),checked,"L U' F R' F' L' F R F' U' L U2 L'
R y x' F' R U' R' D' R U R' x y' U' R U2 R'
R U2 R' U2 l U' l' U' R U l U R2
L U2 L' U2 L F' L' U' L U L F L2
L2 F' L' U' L' U L F L' U2 L U2 L'
R2 F2 U R U R' U' R' U' F2 R' U R'
R2 B' R' U' R' U R B R' U2 R U2 R'
R U2 R' U2 R B' R' U' R U R B R2
F2 R' F' U' F U F U' R F R' U R F
R2 B' R' U' R U R U' B R B' U B R",R U' R' U' R U R D R' U' R D' R' U2 R',3_pll,PLL,333,,public/images/pll/ra.svg,"#FF8A06,#43FF43,#FF8A06,#246BFD,#FFFF49,#FFFF49,#FFFF49,#43FF43,#246BFD,#FFFF49,#FFFF49,#FFFF49,#FF8A06,#FF4343,#FFFF49,#FFFF49,#FFFF49,#FF4343,#43FF43,#FF4343,#246BFD",0.0,
333_pll_8,F-Perm,checked,"r U' l U2 r' U r' R2 U2 R2 x U' M'
R2 U2 R2 r U' r U2 R' x U r' U2 M
R2 U2 r' R2 U r' U2 l U' r U2 M'
R2 B2 R2 L U' L F2 R' D L' F2 L' R
R2 U R U' R' x' y' U' R' U R y R2 U R' U' R
R' U R U' R2 x y U' R' U R y' R U R' U' R2
U2 R' U' R U x' U R U' R' y' R2 U' R U R'
R2 F R F' R' U' F' U F R2 U R' U' R
B2 R B R' B' U' R' U R y R2 U R' U' R
L2 U' L' U L x' y' U R U' R' y z U2 R' U R U'",R' U' F' R U R' U' R' F R2 U' R' U' R U R' U R,3_pll,PLL,333,,public/images/pll/f.svg,"#FF8A06,#246BFD,#FF4343,#246BFD,#FFFF49,#FFFF49,#FFFF49,#246BFD,#FF8A06,#FFFF49,#FFFF49,#FFFF49,#FF4343,#FF4343,#FFFF49,#FFFF49,#FFFF49,#FF8A06,#43FF43,#43FF43,#43FF43",0.0,
333_pll_19,T-Perm,checked,"R2 U R2 u' R2 y' R2 U' R2 u R2
U2 r U2 r' U2 x' U2 r' U2 r U2
R2 y D R2 U' R2 y' R2 u' R2 U R2
F2 D R2 U' R2 F2 D' L2 U L2
R2 D B2 U' B2 R2 D' F2 U F2
B2 D' R2 D B2 L2 D F2 D' L2
B2 D L2 U' L2 B2 D' R2 U R2
L U2 r' U2 R U2 y' x' R2 U R2 U' R2
D R2 U' R2 U R2 D' U R2 U R2 U' R2
R2 U R2 U' R2 D U' R2 U' R2 U R2 D'",R U R' U' R' F R2 U' R' U' R U R' F',3_pll,PLL,333,,public/images/pll/t.svg,"#43FF43,#43FF43,#FF4343,#FF8A06,#FFFF49,#FFFF49,#FFFF49,#246BFD,#FF4343,#FFFF49,#FFFF49,#FFFF49,#FF8A06,#FF8A06,#FFFF49,#FFFF49,#FFFF49,#43FF43,#246BFD,#246BFD,#FF4343",0.0,
333_pll_12,G-Perm (d),checked,"U2 r' U R' U R U' r U2 z' y' R U' R'
R2 u' R U' R U R' u R2 y R U' R'
R' L' U2 R L y' L U' R U2 L' U R'
R2 u' R U' R U R' u R2 y' L U' L'
R' L' U2 R L y R U' L U2 R' U L'
R' L' U2 R L y' R U' L U2 R' U L'
L' R' U2 L R y' R U' L U2 R' U L'
R2 u' R U' R U R' u R2 f R' f'
B2 R' U L' U L U' R z B2 L U' L'
B' F' U2 B F R U' L U2 R' U L'",R U R' U' D R2 U' R U' R' U R' U R2 D',3_pll,PLL,333,,public/images/pll/gd.svg,"#43FF43,#246BFD,#FF4343,#FF8A06,#FFFF49,#FFFF49,#FFFF49,#246BFD,#FF4343,#FFFF49,#FFFF49,#FFFF49,#43FF43,#FF8A06,#FFFF49,#FFFF49,#FFFF49,#43FF43,#246BFD,#FF8A06,#FF4343",0.0,
333_pll_14,R-Perm (b),checked,"R' U F' L F R F' L' F U R' U2 R
R2 F R U R U' R' F' R U2 R' U2 R
L2 B L U L U' L' B' L U2 L' U2 L
R' U R' B2 U' R' U' R' U R U B2 R2
R' U2 R U2 l' U l U R' U' l' U' R2
R' U2 R U2 R' F R U R' U' R' F' R2
l2 U l U x l U' l' U' l U2 R' U2 R
B2 R B U B' U' B' U R' B' R U' R' B'
F2 L F U F' U' F' U L' F' L U' L' F'
R U' R x z' R' F R B R' F' R y U R' U2 R",R2 F R U R U' R' F' R U2 R' U2 R,3_pll,PLL,333,,public/images/pll/rb.svg,"#246BFD,#FF4343,#43FF43,#FF4343,#FFFF49,#FFFF49,#FFFF49,#FF4343,#43FF43,#FFFF49,#FFFF49,#FFFF49,#FF8A06,#43FF43,#FFFF49,#FFFF49,#FFFF49,#246BFD,#FF8A06,#246BFD,#FF8A06",0.0,
333_pll_2,U-Perm (b),checked,"R2 d' R' r d2 R' r d' R2
F2 U' M' U2 M U' F2
L2 d' r' R d2 r' R d' L2
R2 U' S' U2 S U' R2
B2 U' M U2 M' U' B2
B2 U' L' R B2 L R' U' B2
R2 U' B' F R2 B F' U' R2
F2 U' L R' F2 L' R U' F2
L2 U' B F' L2 B' F U' L2
R2 U' F B' R2 B F' U' R2",M2 U' M U2 M' U' M2,3_pll,PLL,333,,public/images/pll/ub.svg,"#43FF43,#FF4343,#43FF43,#FF8A06,#FFFF49,#FFFF49,#FFFF49,#FF4343,#43FF43,#FFFF49,#FFFF49,#FFFF49,#FF8A06,#FF8A06,#FFFF49,#FFFF49,#FFFF49,#FF4343,#246BFD,#246BFD,#246BFD",0.0,
333_pll_6,A-Perm (b),checked,"R2 y' x' R2 U' L' U R2 z R' U l'
R2 U2 R' D' R U2 R' D R'
L2 B2 L' F' L B2 L' F L'
R2 D2 R' U' R D2 R' U R'
R' D R' U2 R D' R' U2 R2
L2 D2 L' U' L D2 L' U L'
F' L F' R2 F L' F' R2 F2
F2 L2 F' R' F L2 F' R F'
R2 F2 R' B' R F2 R' B R'
R' F R' B2 R F' R' B2 R2",x' L2 D2 L U L' D2 L U' L,3_pll,PLL,333,,public/images/pll/ab.svg,"#43FF43,#43FF43,#246BFD,#FF8A06,#FFFF49,#FFFF49,#FFFF49,#FF8A06,#FF8A06,#FFFF49,#FFFF49,#FFFF49,#FF4343,#246BFD,#FFFF49,#FFFF49,#FFFF49,#43FF43,#FF4343,#246BFD,#FF4343",0.0,
333_pll_11,G-Perm (c),checked,"R U R' y' R2 u' R U' R' U R' u R2
R U' L U2 R' U L' y' R' L' U2 R L
L U' R U2 L' U R' y' L' R' U2 R L
R U R' y L2 u' L U' L' U L' u L2
B U B' R2 u' R U' R' U R' u R2
L U' R U2 L' U R' y L' R' U2 R L
L U L' y R2 u' R U' R' U R' u R2
f R f' R2 u' R U' R' U R' u R2
B U' F U2 B' U F' R' L' U2 R L
R U R' F2 D' L U' L' U L' D F2",R2 U' R U' R U R' U R2 U D' R U' R' D,3_pll,PLL,333,,public/images/pll/gc.svg,"#43FF43,#FF4343,#FF4343,#FF8A06,#FFFF49,#FFFF49,#FFFF49,#246BFD,#246BFD,#FFFF49,#FFFF49,#FFFF49,#FF8A06,#FF8A06,#FFFF49,#FFFF49,#FFFF49,#43FF43,#246BFD,#43FF43,#FF4343",0.0,
333_pll_10,G-Perm (b),checked,"R2 u R' U R' U' R u' R2 y' R' U R
L2 u L' U L' U' L u' L2 y' L' U L
U2 r U' R U' R' U r' U2 z' y R' U R
R2 u R' U R' U' R u' R2 F' U F
R2 u R' U R' U' R u' R2 y L' U L
R L U2 L' R' y L' U R' U2 L U' R
L R U2 L' R' y' L' U R' U2 L U' R
L R U2 L' R' y L' U R' U2 L U' R
R L U2 L' R' y' L' U R' U2 L U' R
R L U2 L' R' y' R' U L' U2 R U' L",R' U' R U D' R2 U R' U R U' R U' R2 D,3_pll,PLL,333,,public/images/pll/gb.svg,"#43FF43,#FF8A06,#FF4343,#FF8A06,#FFFF49,#FFFF49,#FFFF49,#246BFD,#FF4343,#FFFF49,#FFFF49,#FFFF49,#246BFD,#FF8A06,#FFFF49,#FFFF49,#FFFF49,#43FF43,#246BFD,#43FF43,#FF4343",0.0,
333_pll_15,J-Perm (a),checked,"L' R' U2 L U L' U2 R U' L
R' U L' U2 R U' R' U2 R L
L' U R' U2 L U' L' U2 L R
R' L' U2 R U R' U2 L U' R
L' R' U2 R U R' U2 L U' R
R' z U' R2 U R U' R2 z' R U' L
B' U F' U2 B U' B' U2 B F
D' U' R2 U R U' R2 z' R U' L
R2 U R U' x z' U R2 u' R u R2
R2 U R U' l U2 r' U r U2",x R2 F R F' R U2 r' U r U2,3_pll,PLL,333,,public/images/pll/ja.svg,"#FF4343,#246BFD,#246BFD,#43FF43,#FFFF49,#FFFF49,#FFFF49,#FF8A06,#43FF43,#FFFF49,#FFFF49,#FFFF49,#FF8A06,#246BFD,#FFFF49,#FFFF49,#FFFF49,#FF8A06,#FF4343,#FF4343,#43FF43",0.0,
333_pll_9,G-Perm (a),checked,"R' U' R y R2 u R' U R U' R u' R2
R' U L' U2 R U' L y' L R U2 R' L'
R' U L' U2 R U' L y L R U2 R' L'
F' U' F R2 u R' U R U' R u' R2
R' F' R U2 y' r U' R U R' U x z U' r2
L' U R' U2 L U' R y L R U2 L' R'
L' U' L y' R2 u R' U R U' R u' R2
b' R' b R2 u R' U R U' R u' R2
L' U' L F2 D R' U R U' R D' F2
B' U F' U2 B U' F R L U2 R' L'",R2 U R' U R' U' R U' R2 U' D R' U R D',3_pll,PLL,333,,public/images/pll/ga.svg,"#43FF43,#246BFD,#FF4343,#FF8A06,#FFFF49,#FFFF49,#FFFF49,#246BFD,#43FF43,#FFFF49,#FFFF49,#FFFF49,#FF8A06,#FF8A06,#FFFF49,#FFFF49,#FFFF49,#43FF43,#246BFD,#FF4343,#FF4343",0.0,
333_pll_16,J-Perm (b),checked,"L R U2 L' U' L U2 R' U L'
R U' L U2 R' U R U2 R' L'
L R U2 R' U' R U2 L' U R'
R L U2 L' U' L U2 R' U L'
L U' R U2 L' U L U2 L' R'
B U' F U2 B' U B U2 B' F'
L U' R d2 R' U R d2 L' R'
R2 U' R' U R' x U2 r U' r' z R2
R2 U' R' U R' y r2 y' R U' R' F2
U2 R B R' U2 r U' L U r2",R U R' F' R U R' U' R' F R2 U' R',3_pll,PLL,333,,public/images/pll/jb.svg,"#246BFD,#246BFD,#FF8A06,#FF4343,#FFFF49,#FFFF49,#FFFF49,#43FF43,#FF4343,#FFFF49,#FFFF49,#FFFF49,#43FF43,#FF4343,#FFFF49,#FFFF49,#FFFF49,#246BFD,#43FF43,#FF8A06,#FF8A06",0.0,
333_pll_21,Y-Perm,checked,"r2 F U2 R' U R y' U R' z F' R U R' F'
F2 D R2 B' R B R D' F' R U R' F'
d2 L y' R2 z' R' U R x' y' R D' F' R U R' F'
R2 D B2 L' B L B D' R' B U B' R'
B R B' U2 B R' B' R' U2 R U2 R U2
R2 U R2 U R2 y U' R' U' R F2 R' U R
B2 U' B2 U' B2 U R U R' B2 R U' R'
R U R' B2 R U' R' y U' R2 U R2 U R2
F U F' R2 F U' F' U' R2 U R2 U R2
F' U' F L2 F' U F U L2 U' L2 U' L2",F R U' R' U' R U R' F' R U R' U' R' F R F',3_pll,PLL,333,,public/images/pll/y.svg,"#246BFD,#FF8A06,#43FF43,#FF4343,#FFFF49,#FFFF49,#FFFF49,#FF4343,#43FF43,#FFFF49,#FFFF49,#FFFF49,#FF4343,#FF8A06,#FFFF49,#FFFF49,#FFFF49,#FF8A06,#246BFD,#246BFD,#43FF43",0.0,
333_cll_36,36,checked,"F U' B' U F' U' B
B U' F' U B' U' F
R U' r' F R' F' r
L U' R' U L' U' R
R U' L' U R' U' L
R F' L' F R' F' L F
r U' L' U R' U' L U R r'
R U' R' F' R U R' x y R' U R
B L' B' U' B L B' L' U L
F U F' R' F R U' R' F' R",B' U F U' B U F',3_cll,CLL,333,,,"#FF4343,#5D6671,#FFFF49,#43FF43,#FFFF49,#5D6671,#FF8A06,#246BFD,#5D6671,#5D6671,#5D6671,#5D6671,#5D6671,#FF4343,#246BFD,#5D6671,#43FF43,#FFFF49,#FFFF49,#5D6671,#FF8A06",0.0,checked
333_cll_39,39,checked,"F R' F R F2 U2 L F' L' F
R B' R B R2 U2 F R' F' R
F' L F' L' F2 U2 R' F R F'
F' U B U' F U' B' U' B U' B'
L' U R U' L U' R' U' R U' R'
R' U L U' R U' L' U' L U' L'
F U' B' U F' U B U B' U B
L U' R' U L' U R U R' U R
r' F R F' r U' R' U' R U' R'
R U' R' U2 L R U' R2 U L' U' R",F' L F L' U2 F2 R' F' R F',3_cll,CLL,333,,,"#FFFF49,#5D6671,#FFFF49,#FF4343,#43FF43,#5D6671,#246BFD,#FF4343,#5D6671,#5D6671,#5D6671,#5D6671,#5D6671,#246BFD,#FF8A06,#5D6671,#FF8A06,#43FF43,#FFFF49,#5D6671,#FFFF49",0.0,checked
333_cll_2,2,checked,"r' U r2 U' r2 U' r2 U r'
l' U l2 U' l2 U' l2 U l'
r U' r2 U r2 U r2 U' r
F' L F2 L' U2 L' U2 L F'
D R' D2 L D2 R D2 L' D
R B' R2 B U2 B U2 B' R
U' L U2 R' U2 L' U2 R U'
D' L D2 R' D2 L' D2 R D'
R B' R2 F R2 B R2 F' R
L F' L2 B L2 F L2 B' L",r U' r2 U r2 U r2 U' r,3_cll,CLL,333,,,"#246BFD,#5D6671,#43FF43,#FFFF49,#FF8A06,#5D6671,#FF8A06,#FFFF49,#5D6671,#5D6671,#5D6671,#5D6671,#5D6671,#FF4343,#246BFD,#5D6671,#43FF43,#FF4343,#FFFF49,#5D6671,#FFFF49",0.0,checked
333_cll_18,18,checked,"L' B2 L' F2 L B2 L' F2 L2
R' F2 R' B2 R F2 R' B2 R2
L' U2 L' D2 L U2 L' D2 L2
R B2 R F2 R' B2 R F2 R2
R' U2 R' D2 R U2 R' D2 R2
R U2 R D2 R' U2 R D2 R2
B U2 B D2 B' U2 B D2 B2
F' R' F U2 F' R F R' U2 R
F U' r' F R2 F' r U R2 F'
R F R' U2 R F' R' F U2 F'",L2 F2 L B2 L' F2 L B2 L,3_cll,CLL,333,,,"#FFFF49,#5D6671,#FFFF49,#FF8A06,#246BFD,#5D6671,#43FF43,#FF8A06,#5D6671,#5D6671,#5D6671,#5D6671,#5D6671,#FF4343,#FFFF49,#5D6671,#FFFF49,#FF4343,#43FF43,#5D6671,#246BFD",0.0,checked
333_cll_34,34,checked,"B' U2 B U2 B L' B' L
F' U2 F U2 F R' F' R
R' U2 R U2 R B' R' B
L' U2 L U2 L F' L' F
R' U2 R U F R' U R U' F'
L' U2 L U B L' U L U' B'
R' U2 R U' R' F' U F U' R
R' U2 R U2 L U' R' U R L'
L' U2 L U2 R U' L' U R' L
F' U2 F U2 B U' F' U B' F",L' B L B' U2 B' U2 B,3_cll,CLL,333,,,"#FF8A06,#5D6671,#FFFF49,#246BFD,#FFFF49,#5D6671,#FF4343,#43FF43,#5D6671,#5D6671,#5D6671,#5D6671,#5D6671,#FF4343,#246BFD,#5D6671,#43FF43,#FFFF49,#FFFF49,#5D6671,#FF8A06",0.0,checked
333_cll_41,41,checked,"B U L' B L B2 U' B' R B R'
F U R' F R F2 U' F' L F L'
R U B' R B R2 U' R' F R F'
F U2 F2 L F L' U2 F' L F L'
L' U2 L2 F' L' F U2 L F' L' F
R U2 R2 F R F' U2 R' F R F'
R U2 R' y' F U' R2 U' R2 U R2 F'
L' U2 L R' y' U R2 U R2 U' y F2 R
L U2 R L' U' B2 U' B2 U B2 R'
L' U2 R' y' F U R2 U R2 U' y F2 R",R B' R' B U B2 L' B' L U' B',3_cll,CLL,333,,,"#43FF43,#5D6671,#43FF43,#FFFF49,#FF4343,#5D6671,#FF8A06,#FFFF49,#5D6671,#5D6671,#5D6671,#5D6671,#5D6671,#246BFD,#FF8A06,#5D6671,#FF4343,#246BFD,#FFFF49,#5D6671,#FFFF49",0.0,checked
333_cll_26,26,checked,"R2 D R' U2 R D' R' U2 R'
L2 D L' U2 L D' L' U2 L'
L2 D R' F2 R D' L' U2 L'
R' F R2 B' R F' R2 B2 U2 B'
R' U2 R U F' R' F U F' R F
F R' F' U' F R F' U' R' U2 R
R' U L' U R U' L U2 R' U R
L' U R' U L U' R U2 L' U L
F R U R' U F' U2 F' L F L'
B L U L' U B' U2 B' R B R'",R U2 R D R' U2 R D' R2,3_cll,CLL,333,,,"#FFFF49,#5D6671,#43FF43,#FF8A06,#246BFD,#5D6671,#FFFF49,#FF4343,#5D6671,#5D6671,#5D6671,#5D6671,#5D6671,#43FF43,#FFFF49,#5D6671,#246BFD,#FFFF49,#FF8A06,#5D6671,#FF4343",0.0,checked
333_cll_7,7,checked,"F' R D2 R' F U2 F' R D2 R' F
L B' D2 B L' U2 L B' D2 B L'
R F' D2 F R' U2 R F' D2 F R'
B' U L2 U' B R2 B' U L2 U' B
R' F2 L F L' F U' R U' R' U2 R
D2 x' l F' D2 F l' x D2 x' l F' D2 F l'
F' R L' U' L U R' U L' U' L U' F
R U2 L' R' U' L U' L' U2 L R U R'
R U2 R' L' U' L U' L' U2 L R U R'
R' F D' F2 L F' L' D F' R F2 U' F",F' R D2 R' F U2 F' R D2 R' F,3_cll,CLL,333,,,"#246BFD,#5D6671,#FF8A06,#FF4343,#FFFF49,#5D6671,#246BFD,#FFFF49,#5D6671,#5D6671,#5D6671,#5D6671,#5D6671,#43FF43,#FF4343,#5D6671,#FFFF49,#FF8A06,#FFFF49,#5D6671,#43FF43",0.0,checked
333_cll_1,1,checked,"R U2 R' U2 R' F R2 U R' U' F'
L U2 L' U2 L' B L2 U L' U' B'
F U2 F' U2 F' L F2 U F' U' L'
F' U' L' U L2 F L' U2 L' U2 L
L' U' B' U B2 L B' U2 B' U2 B
L' U' B' U B2 L F' L2 B' L2 F
B L2 F' L2 B' L F2 U F' U' L'
R B2 L' B2 R' B L2 U L' U' B'
F' U' L' U L2 F R' F2 L' F2 R
R U2 R' U2 R' F R2 U R' d' L'",F U R U' R2 F' R U2 R U2 R',3_cll,CLL,333,,,"#FFFF49,#5D6671,#246BFD,#FF4343,#43FF43,#5D6671,#FF4343,#FFFF49,#5D6671,#5D6671,#5D6671,#5D6671,#5D6671,#246BFD,#FF8A06,#5D6671,#43FF43,#FFFF49,#FFFF49,#5D6671,#FF8A06",0.0,checked
222_cll_24,24,checked,"L2 U' L U2 L' U2 L U' L2
R2 U R' U2 R U2 R' U R2
R2 U' R U2 R' U2 R U' R2
F2 U F' U2 F U2 F' U F2
B2 U B' U2 B U2 B' U B2
R2 U' F U2 F' R2 F U' R2
R2 D' R F2 R' D2 L D' R2
R' U F' U F U' F R' F' R2
R U' F R' F' U F' U F R2
F2 R' F' R U' R U R' U F'",L2 U L' U2 L U2 L' U L2,2_cll,CLL,222,,,"#43FF43,#FF4343,#FF8A06,#FFFF49,#43FF43,#FFFF49,#246BFD,#FF8A06,#FFFF49,#FF4343,#FFFF49,#246BFD",0.0,checked
222_cll_3,3,checked,"L' U L F' L F L'
B' U F U' B U F'
F' R U R' F U F'
F' U F R' F R F'
R' F R F' R U R'
R' U R U' L U R'
L' B L B' L U L'
F' L F L' F U F'
F' U B U' F U B'
L' U R U' L U R'",L F' L' F L' U' L,2_cll,CLL,222,,,"#FFFF49,#FF8A06,#FF4343,#43FF43,#246BFD,#FFFF49,#246BFD,#FFFF49,#FF8A06,#43FF43,#FF4343,#FFFF49",0.0,checked
333_cll_31,31,checked,"B U2 B' U2 B' R B R'
F U2 F' U2 F' L F L'
R U2 R' U2 R' F R F'
R U2 R' U' B' R U' R' U B
F U2 F' U' R' F U' F' U R
L U2 L' U2 R' U L U' R L'
F U2 F' U2 B' U F U' B F'
R U2 R' U2 L' U R U' R' L
L U2 L' U2 R' U L U' x M
R U2 R' U2 L' U R U' M'",R B' R' B U2 B U2 B',3_cll,CLL,333,,,"#FFFF49,#5D6671,#FF4343,#FF8A06,#246BFD,#5D6671,#43FF43,#FFFF49,#5D6671,#5D6671,#5D6671,#5D6671,#5D6671,#246BFD,#FFFF49,#5D6671,#FF8A06,#43FF43,#FF4343,#5D6671,#FFFF49",0.0,checked
222_cll_41,41,checked,"R2 D' R U' R' U F2 U R U R'
r2 F U2 R' U R y' U R' z F' R U R' F'
R2 D B2 L' B L B D' R' B U B' R'
F2 D R2 B' R B R D' F' R U R' F'
d2 L y' R2 z' R' U R x' y' R D' F' R U R' F'
R U R' B2 R U' R' y U' R2 U R2 U R2
F' U' F L2 F' U F U L2 U' L2 U' L2
R2 U R2 U R2 y U' R' U' R F2 R' U R
B2 U' B2 U' B2 U R U R' B2 R U' R'
R U R' B2 R U' R' d' R2 U R2 U R2",R U' R' U' F2 U' R U R' D R2,2_cll,CLL,222,,,"#FF4343,#FF8A06,#43FF43,#FFFF49,#FFFF49,#43FF43,#246BFD,#FFFF49,#FFFF49,#246BFD,#FF4343,#FF8A06",0.0,checked
222_cll_23,23,checked,"R2 U' R U R2 y U R U2 R'
L2 U' L U L2 y' U R U2 R'
F2 U' F L2 F' U F L2 F
L2 D' L U2 L' D L U2 L
F2 D' F U2 F' D F U2 F
F2 U' F R2 F' R F R2 F
L2 U' R U2 L' U L U2 L
B2 D' B U2 B' D B U2 B
R2 D' R U2 R' D R U2 R
F2 U' F U F2 U R U2 R'",R U2 R' U' y' R2 U' R' U R2,2_cll,CLL,222,,,"#FF8A06,#FF4343,#246BFD,#FFFF49,#43FF43,#FFFF49,#FF8A06,#43FF43,#FFFF49,#FF4343,#FFFF49,#246BFD",0.0,checked
222_cll_39,39,checked,"F U R F' R F' U' F' U2 R2
F' U' R' U F' R U F U2 R2
R U' R' F2 U R U2 R' U F'
F' R' F' U F' U R F U2 R2
F U' R U2 R' U' F2 R U R'
F R U F' R U' R' F' U2 R2
F2 R' F' R U2 R U2 R' U F'
R2 U' R F R' F' U' R U2 R2
R2 U2 R' U' R' F' U F U' R2
R2 U R' F' U F U R U2 R2",R2 U2 F U F R' F R' U' F',2_cll,CLL,222,,,"#FFFF49,#246BFD,#43FF43,#FF8A06,#FFFF49,#FF8A06,#43FF43,#FF4343,#FFFF49,#FF4343,#FFFF49,#246BFD",0.0,checked
333_cll_42,42,checked,"l' U l y l' U' L' U l
B L F L' B' L F' L'
R' F R B' R' F' R B
U' R U L' U' R' U r
F R B R' F' R B' R'
F' r U R' U' r' F R
r' U z U l' U' R' U R
F' L F l' U' L' U l
R U L U' R' U L' U'
B' R B R' U' R' U R",l' U' L U l y' l' U' l,3_cll,CLL,333,,,"#43FF43,#5D6671,#FF8A06,#FFFF49,#FF4343,#5D6671,#246BFD,#FFFF49,#5D6671,#5D6671,#5D6671,#5D6671,#5D6671,#43FF43,#FFFF49,#5D6671,#FFFF49,#FF4343,#FF8A06,#5D6671,#246BFD",0.0,checked
333_cll_35,35,checked,"F R' F' R U2 R U2 R'
B L' B' L U2 L U2 L'
L F' L' F U2 F U2 F'
R U R' B' R U' R2 U R B
R' U' F U F' R U F U2 F'
L' U' B U B' L U B U2 B'
B F' U B' U' F U2 B U2 B'
L' R U R' U' L U2 R U2 R'
R L' U R' U' L U2 R U2 R'
r' R F R' F' r U2 R U2 R'",R U2 R' U2 R' F R F',3_cll,CLL,333,,,"#FF8A06,#5D6671,#FFFF49,#246BFD,#FFFF49,#5D6671,#43FF43,#FF8A06,#5D6671,#5D6671,#5D6671,#5D6671,#5D6671,#43FF43,#FF4343,#5D6671,#246BFD,#FFFF49,#FFFF49,#5D6671,#FF4343",0.0,checked
222_cll_20,20,checked,"R F U' F' U' R' F
L U L' y U' R' U' R
F R F' U' R' U' R
B R U' R' U' B' R
F U F' U' R' F' R
R U R' y U' L' U' L
R U R' U' F' U' F
F U F' U' L' U' L
R U R' D' L' U' L
F' U F U2 R U2 R'",F' R U F U F' R',2_cll,CLL,222,,,"#246BFD,#FF8A06,#FF4343,#FFFF49,#246BFD,#FFFF49,#FF8A06,#43FF43,#FFFF49,#43FF43,#FFFF49,#FF4343",0.0,checked
222_cll_40,40,checked,"R2 F2 R' U' R F2 R' U R'
F' U' F' R F' R' F2 R' U' R2
L' U R' U2 L U' L' U2 L R
R U2 R F U' F U R U' R2
R' F R' F' R2 F' U' R2 U R'
L' R' U2 R U R' U2 L U' R
L R U2 L' U' L U2 R' U L'
R' F2 R' U' R F' R' F' U R2
R' L' U2 R U R' U2 L U' R
F U2 F R F' U R F U' R2",R U' R F2 R' U R F2 R2,2_cll,CLL,222,,,"#43FF43,#FF4343,#FF8A06,#FFFF49,#FFFF49,#246BFD,#FF8A06,#FFFF49,#FFFF49,#43FF43,#246BFD,#FF4343",0.0,checked
222_cll_42,42,checked,"F R U2 R U2 R F U2 R2
F U2 L' F2 L' F2 L U2 F'
R' F' U2 F' U2 F' R' U2 F2
F' U2 L U2 L U2 L' U2 F
F' U' R2 U' F2 U' F' U2 R2
F U R2 U R2 U F U2 R2
F U2 R' U2 R' U2 R U2 F'
F R U2 R U2 R' U2 R2 F'
F' R' F2 R' U2 R' F' U2 R2
L' U2 x' D R2 U R2 D' F2 R",R2 U2 F' R' U2 R' U2 R' F',2_cll,CLL,222,,,"#43FF43,#43FF43,#FFFF49,#FF4343,#FF8A06,#FFFF49,#246BFD,#FF8A06,#FF4343,#246BFD,#FFFF49,#FFFF49",0.0,checked
222_cll_5,5,checked,"R U' R2 U B' R2 B U R2
R2 U R U2 L' U R2 U' L
R2 U R U2 R' x U R2 U' L
L2 U L U2 R' U L2 U' R
R2 U F R2 F' U R2 U' R
L F' L2 F L' U2 L U L2
R2 U R U2 R' F R2 F' R
R F' U2 F R' U2 R U R2
R2 U R U2 R' y R U2 R' F
R U' R2 U F' U2 F U R2",R2 U' B' R2 B U' R2 U R',2_cll,CLL,222,,,"#FFFF49,#43FF43,#FF4343,#43FF43,#FF8A06,#FFFF49,#FFFF49,#FF4343,#FFFF49,#246BFD,#246BFD,#FF8A06",0.0,checked
222_cll_18,18,checked,"L' F L F U' F2 L F' U2 F
R F2 R' U F2 R' F U R F'
F R2 F' R U2 F' U F U R'
R U2 R' F2 U R' F2 R U F'
L2 U' L' U' F U2 L2 F' U2 F
R U2 R' F2 U2 R U' R' U' F2
R2 U' F' U' F U2 R2 F' U2 F
R' U F U R' U F R2 F U R'
R U2 R' F U' R F U F' R' F'
F U2 F' R F' R F U R' U' R'",F' U2 F L' F2 U F' L' F' L,2_cll,CLL,222,,,"#43FF43,#FFFF49,#FFFF49,#FF4343,#43FF43,#FF8A06,#FFFF49,#246BFD,#FF4343,#246BFD,#FF8A06,#FFFF49",0.0,checked
333_cll_29,29,checked,"R' U' F' U F U' R U' R' U2 R
F' U' F U' B U' F' U B' U2 F
R U2 r' F R' F' r U' R U' R'
F U2 F' U' F U' R U R' U' F'
R U2 L' U R' U' L U' R U' R'
R U2 R' U F' U' F U' R U' R'
L' U' L U' R U' L' U R' U2 L
R' U' R U' L U' R' U L' U2 R
L F2 R' D R' D' R F' R F' L'
B2 U2 B D F' L2 F D' B2 U B'",R' U2 R U R' U F' U' F U R,3_cll,CLL,333,,,"#43FF43,#5D6671,#FF8A06,#FF8A06,#FFFF49,#5D6671,#246BFD,#FFFF49,#5D6671,#5D6671,#5D6671,#5D6671,#5D6671,#FFFF49,#43FF43,#5D6671,#FF4343,#246BFD,#FF4343,#5D6671,#FFFF49",0.0,checked
222_cll_12,12,checked,"R' U R' F' R2 U2 F' R U R'
R F' U F R2 U2 F R' F' R
R U' R F U2 R2 F R' U' R
R B' R B R2 U2 F R' F' R
F R' F R F2 U2 L F' L' F
F' L F' L' F2 U2 R' F R F'
R' U R' U2 R2 F R' F' U' R2
R U' R' F U2 R2 U' F U R2
F' L F' U2 F2 L U' F' U' F2
R' U R' U F R F2 R2 U2 F'",R U' R' F U2 R2 F R U' R,2_cll,CLL,222,,,"#FF8A06,#246BFD,#FFFF49,#43FF43,#FF4343,#FFFF49,#FFFF49,#246BFD,#FF4343,#FFFF49,#FF8A06,#43FF43",0.0,checked
333_cll_30,30,checked,"R' F R F' U2 F' U2 F
F' L F L' U2 L' U2 L
F U R' U' R F' U' R' U2 R
F R U' R' U R U2 R' U' F'
R U B' U' B R' U' B' U2 B
f U R' U' R U R2 U' R' f'
L' R U' L U R' U2 L' U2 L
R' L U' R U L' U2 R' U2 R
M U' L U R' U2 L' U2 L
R2 D R' U2 R D' R2 U' R U' R'",F' U2 F U2 F R' F' R,3_cll,CLL,333,,,"#246BFD,#5D6671,#43FF43,#FF4343,#FFFF49,#5D6671,#FF8A06,#FFFF49,#5D6671,#5D6671,#5D6671,#5D6671,#5D6671,#FFFF49,#43FF43,#5D6671,#246BFD,#FF8A06,#FF4343,#5D6671,#FFFF49",0.0,checked
222_cll_7,7,checked,"F2 L F U2 L' U2 F' L' F2
R2 U R' U2 B U2 R U' R2
F2 R' F' R2 U' R2 F R F2
F2 R U F2 R' F2 U' R' F2
F2 L' U' L2 F' L2 U L F2
R2 F R U2 F' U2 R' F' R2
R2 F' R U2 B U2 L' U R2
F R F' R2 F' U' F R' U R2
F' U F R F2 U' R' U F' R2
F2 R U F' R F R' U F R2",F2 L F U2 L U2 F' L' F2,2_cll,CLL,222,,,"#FFFF49,#FF4343,#43FF43,#FF8A06,#43FF43,#FFFF49,#246BFD,#FFFF49,#246BFD,#FF8A06,#FF4343,#FFFF49",0.0,checked
222_cll_33,33,checked,"R' U2 R U2 R B' R' B
F' U2 F U2 F R' F' R
F' R2 F R2 F R' U' R
R' U2 R U2 R F' U' F
L' U2 L U2 L F' L' F
R' U2 R U2 L U' R' U
R' F2 R U2 R U' R' F
F' U2 F U2 F L' U' L
B' U2 B U2 B L' B' L
L' U2 L U2 R U' R' F",B' R B R' U2 R' U2 R,2_cll,CLL,222,,,"#FF8A06,#FFFF49,#246BFD,#FFFF49,#FF4343,#43FF43,#FF4343,#246BFD,#43FF43,#FFFF49,#FFFF49,#FF8A06",0.0,checked
222_cll_9,9,checked,"L' U R2 U' L U2 R' U' R2
L2 U' L' U2 L F' L2 F L'
R2 U' R' U2 R y' R' U2 R B'
R2 U' F' U2 F U' R2 U R'
L2 U' F' L2 F U' L2 U L'
B2 U' R' U2 R y U' R2 U R'
R' F R2 F' R U2 R' U' R2
F' R U2 R' y' R U2 R' U' R2
R' U R2 U' F R2 F' U' R2
R2 U' R' U2 L U' R2 U L'",R2 U R U2 L' U R2 U' L,2_cll,CLL,222,,,"#FF4343,#FFFF49,#43FF43,#FFFF49,#43FF43,#FF8A06,#FF4343,#246BFD,#FF8A06,#FFFF49,#FFFF49,#246BFD",0.0,checked
333_cll_23,23,checked,"R U2 R' x U R' U' x' R2 U2 R'
R' U2 R B' R B R2 U2 R
R U2 R' F R' F' R2 U2 R'
L' U2 L F' L F L2 U2 L
L U2 L' B L' B' L2 U2 L'
F R2 B2 D B D' B R2 F'
F R2 B' D B' D' B2 R2 F'
F' L2 B D' B D B2 L2 F
R U R' L' U2 R U R' U2 L
L' U2 r U' L U L' r' U2 L",R U2 R2 x U R U' x' R U2 R',3_cll,CLL,333,,,"#FF8A06,#5D6671,#246BFD,#246BFD,#FFFF49,#5D6671,#FF4343,#FFFF49,#5D6671,#5D6671,#5D6671,#5D6671,#5D6671,#FF8A06,#43FF43,#5D6671,#FFFF49,#43FF43,#FFFF49,#5D6671,#FF4343",0.0,checked
333_cll_10,10,checked,"R2 B2 L' B D B' D' L B2 R2
D2 R2 D r' D' L u l' U2 R2
F2 L2 F' R U R' U' F L2 F2
F2 L2 F' U R U' R' F L2 F2
U2 L2 U' B R B' R' U L2 U2
F R' F' R F' U2 F U R U R'
R B' R' U' R2 U R' B R U' R2
R' F R U R2 U' R F' R' U R2
r' U r U r2 D' r U' r' D r2
r' U r U L2 U' L B' L' U L2",R2 B2 L' D B D' B' L B2 R2,3_cll,CLL,333,,,"#FF8A06,#5D6671,#FF4343,#246BFD,#FFFF49,#5D6671,#FFFF49,#246BFD,#5D6671,#5D6671,#5D6671,#5D6671,#5D6671,#FFFF49,#FF8A06,#5D6671,#FF4343,#FFFF49,#43FF43,#5D6671,#43FF43",0.0,checked
222_cll_14,14,checked,"F2 R' F2 R2 U2 R' F2
R2 U F2 U2 R2 U R2
R2 F' U2 x U2 R2 U' R2
R2 F' R2 F2 U2 F' R2
F2 U' F2 U2 R2 U' R2
F2 L' F2 L2 U2 L' F2
R2 U' R2 U2 F2 U' R2
F2 R U2 R2 F2 R F2
R2 F' U2 F2 R2 F' R2
R2 B' U2 B2 R2 F' R2",F2 R U2 R2 F2 R F2,2_cll,CLL,222,,,"#43FF43,#43FF43,#FFFF49,#FF4343,#FF8A06,#FFFF49,#FFFF49,#FF4343,#FF8A06,#FFFF49,#246BFD,#246BFD",0.0,checked
222_cll_16,16,checked,"R2 U' x U2 R U2 R' U2 x' U R2
F2 U' F2 R U2 R' F2 U F2
F2 U F2 L' U2 L F2 U' F2
F2 U F2 R' F2 R F2 U' F2
L2 D F2 L' U2 L F2 D' L2
B L U L' y' U L' U' L U' L'
R' F' U' F U' R U R' U R
R U R' U R U' F R' F' R'
F R U R' U F' U' F U' F'
R' U' R U' R' U F' U F R",R2 U' x U2 R U2 R' U2 x' U R2,2_cll,CLL,222,,,"#FF4343,#FFFF49,#FFFF49,#246BFD,#FF4343,#43FF43,#FFFF49,#246BFD,#FF8A06,#43FF43,#FF8A06,#FFFF49",0.0,checked
333_cll_40,40,checked,"F R' F' R y' U2 R2 F R F' R
B L' B' L U2 B2 R B R' B
R' F R F' U2 R2 B' R' B R'
L U L' U L U R' U L' U' R
R' U' R U' R' U' L U' R U L'
r' F' r U' r' F' R F' r U R'
L' U' L U' L' U' R U' L U R'
R U R' U R U L' U R' U' L
R' F R F' U' F R' F' R2 U' R'
l U' R' U x U2 l' R' U R U' l",R' F R' F' R2 U2 y R' F R F',3_cll,CLL,333,,,"#FF8A06,#5D6671,#FF4343,#FFFF49,#43FF43,#5D6671,#43FF43,#FFFF49,#5D6671,#5D6671,#5D6671,#5D6671,#5D6671,#FF4343,#246BFD,#5D6671,#246BFD,#FF8A06,#FFFF49,#5D6671,#FFFF49",0.0,checked
222_cll_35,35,checked,"R' U R y U R U' R'
R' U R U F R' F'
F' R U F U F' R'
R' F R F U F' U'
R' U R F R F' U'
F' U F U R U' R'
R' F R U F U' F'
F' R F R U F' U'
R' U R D L U' L'
F R2 U R' U' R2 F'",R U R' U' y' R' U' R,2_cll,CLL,222,,,"#FFFF49,#43FF43,#246BFD,#FF4343,#FFFF49,#FF4343,#FF8A06,#43FF43,#FFFF49,#246BFD,#FFFF49,#FF8A06",0.0,checked
333_cll_12,12,checked,"L F' L' F U F2 R' F' R U' F'
F R' F' R U R2 B' R' B U' R'
F R' F' L F R2 U' R' U F' L'
R' F R B' R' y' R2 U R d' R B
F R' F' R U2 F R' F' R2 U2 R'
B' R B U2 R' U' R U' R2 U2 R
L F' L' F U2 L F' L' F2 U2 F'
F R' F' U2 R U R' U R2 U2 R'
B' R2 u R2 U' R2 D' x M U2 L
B L2 u' L2 U L2 D x M U2 R'",F U R' F R F2 U' F' L F L',3_cll,CLL,333,,,"#FF8A06,#5D6671,#FF8A06,#FFFF49,#43FF43,#5D6671,#246BFD,#FFFF49,#5D6671,#5D6671,#5D6671,#5D6671,#5D6671,#FFFF49,#FF4343,#5D6671,#FF4343,#FFFF49,#246BFD,#5D6671,#43FF43",0.0,checked
222_cll_8,8,checked,"F' U2 F U F' U F
L' U2 L U L' U L
R U R' U R U2 R'
F U F' U F U2 F'
l U L' U L U2 l'
R' U2 R U R' U R
R' F2 R U R' F R
B' R2 F R F' R B
F U F' R U F2 U'
R B L' B L B2 R'",F' U' F U' F' U2 F,2_cll,CLL,222,,,"#246BFD,#FFFF49,#FF4343,#FFFF49,#FF8A06,#246BFD,#43FF43,#FF4343,#43FF43,#FFFF49,#FFFF49,#FF8A06",0.0,checked
333_cll_37,37,checked,"L F' U2 F L' F' L U2 L' F
B L' U2 L B' L' B U2 B' L
F R' U2 R F' R' F U2 F' R
R B' U2 B R' B' R U2 R' B
L D2 R2 D L2 D' R2 D L2 D L'
L2 B2 R B L2 B' R' B L2 B L2
F' U2 F' R2 u' L F2 L' u R2 F2
L2 D2 F R' U2 R F' D2 r' U2 L'
L' U2 L' F2 D' R B2 R' D F2 L2
F2 L2 D B' R2 B D' L2 F' U2 F'",F' L U2 L' F L F' U2 F L',3_cll,CLL,333,,,"#43FF43,#5D6671,#FFFF49,#FF8A06,#FFFF49,#5D6671,#FF8A06,#246BFD,#5D6671,#5D6671,#5D6671,#5D6671,#5D6671,#FF4343,#246BFD,#5D6671,#FF4343,#FFFF49,#FFFF49,#5D6671,#43FF43",0.0,checked
222_cll_38,38,checked,"F' U' F U' R2 U R' U' R2
F R F' U R2 U' R U R2
R F' U' R2 U2 F' R' U R'
L2 U' F' L U2 L' U L' F'
R2 F' U' F R2 y z' U' R U' R'
L F' L F L2 U2 L U L'
F' R' U R' U2 R F' U' R2
F U F' U R2 U' F U R2
R' F R' F' R2 U2 R' U' R
R F' U F R2 U2 R U R'",R2 U R U' R2 U F' U F,2_cll,CLL,222,,,"#FFFF49,#FF8A06,#246BFD,#FF4343,#FFFF49,#43FF43,#246BFD,#FF8A06,#FFFF49,#43FF43,#FFFF49,#FF4343",0.0,checked
333_cll_5,5,checked,"R' U2 R U R' U R
R U R' U R U2 R'
F U F' U F U2 F'
l U L' U L U2 l'
L' U2 L U L' U L
F' U2 F U F' U F
R' F2 L F L' F R
D' L2 U L U' L D
D R U' R U R2 D'
L' B2 R B R' B L",R' U' R U' R' U2 R,3_cll,CLL,333,,,"#246BFD,#5D6671,#FFFF49,#FF4343,#FFFF49,#5D6671,#FF8A06,#246BFD,#5D6671,#5D6671,#5D6671,#5D6671,#5D6671,#43FF43,#FF4343,#5D6671,#43FF43,#FFFF49,#FFFF49,#5D6671,#FF8A06",0.0,checked
222_cll_30,30,checked,"R' U2 R y U R2 U R U' R2
L U2 L U F' L2 F U' L2
R U2 R D R' U2 R D' R2
F' U2 F U R2 U R U' R2
R U2 R U R' U2 L U' R2
L U2 L D L' U2 L D' L2
F' R2 F R F2 R F U' R2
R F2 R F R' F2 R U' R2
R' F2 R y' U R2 U R U' R2
R U2 R U F' U2 F U' R2",R2 U R' U' R2 U' y' R' U2 R,2_cll,CLL,222,,,"#FF8A06,#246BFD,#FFFF49,#43FF43,#FFFF49,#FF8A06,#FFFF49,#FF4343,#FFFF49,#43FF43,#246BFD,#FF4343",0.0,checked
333_cll_14,14,checked,"F R U R' y' U R' U' R U' R'
F R U R' U F' U' F U' F'
B L U L' y' U L' U' L U' L'
B' R' U' R y U' R U R' U R
F' L' U' L U' F U F' U F
F U F' U F U' R U' R' F'
R' F' U' F U' R U R' U R
R B L' B L B' U B' U' R'
L U L' U L U' y' R U' R' F'
B' R' U' R d' R U R' U R",R U R' U R U' y R U' R' F',3_cll,CLL,333,,,"#FFFF49,#5D6671,#FFFF49,#43FF43,#FF8A06,#5D6671,#FF8A06,#246BFD,#5D6671,#5D6671,#5D6671,#5D6671,#5D6671,#FFFF49,#43FF43,#5D6671,#246BFD,#FFFF49,#FF4343,#5D6671,#FF4343",0.0,checked
333_cll_17,17,checked,"R U2 R D R' U2 R D' R2
L U2 L D L' U2 L D' L2
L U2 L D R' F2 R D' L2
F' R' F U' F' R F U' R' U2 R
F R' F' R U2 R y U' R U' R' F'
R' U' R U2 L' U R' U' L U' R
F R' F' R U2 R d' R U' R' F'
L F' L' F U2 F U' R U' R' F'
B L' B' L U2 L U' F U' F' L'
R' U L' U R2 U' L U R2 U2 R",R2 D R' U2 R D' R' U2 R',3_cll,CLL,333,,,"#FFFF49,#5D6671,#FFFF49,#FF8A06,#246BFD,#5D6671,#FF4343,#43FF43,#5D6671,#5D6671,#5D6671,#5D6671,#5D6671,#246BFD,#FFFF49,#5D6671,#FFFF49,#FF8A06,#FF4343,#5D6671,#43FF43",0.0,checked
222_cll_32,32,checked,"R U' r' F R' F' r
R B' R' B R' U' R
F R' F' R F' U' F
R B' R' U R' U' R
F U' F' R U' R' F
R U' L' U R' U' L
L F' L' F L' U' L
B U' F' U B' U' F
F L' U' L F' U' F
F U' B' U F' U' B",r' F R F' r U R',2_cll,CLL,222,,,"#FF4343,#FFFF49,#43FF43,#FFFF49,#FF8A06,#246BFD,#FF4343,#246BFD,#43FF43,#FFFF49,#FFFF49,#FF8A06",0.0,checked
222_cll_6,6,checked,"R U2 R' U2 R' y R U R'
F L2 F' L2 F' L U L'
F R2 F' U2 F' U F R'
L U2 L' U2 R' U L U'
F U2 F' U2 F' R U R'
B U2 B' U2 B' R B R'
R F2 R' F2 R' F U F'
R U2 R' U2 R' F R F'
F U2 F' U2 F' L F L'
R2 U R2 F' U F R2 U' R2",R U' R' y' R U2 R U2 R',2_cll,CLL,222,,,"#FFFF49,#FF4343,#FF8A06,#246BFD,#43FF43,#FFFF49,#246BFD,#FFFF49,#FF8A06,#43FF43,#FF4343,#FFFF49",0.0,checked
222_cll_19,19,checked,"F' U F L' F2 U2 L' F' U F'
F R' F' R y d2 R2 F R F' R
R' U R F' R2 U2 F' R' U R'
F U' F' L U2 F2 L F U' F
F R' F' R y' U2 R2 F R F' R
B' R B R' y' D2 R2 B' R' B R'
R' F R F' U2 R2 B' R' B R'
B L' B' L U2 B2 R B R' B
B2 U' R' U' R y R2 U2 R' U R'
R2 U' F' U' F R2 U2 R' U R'",F U' F L U2 F2 L F' U' F,2_cll,CLL,222,,,"#FFFF49,#246BFD,#43FF43,#FF8A06,#FF4343,#FFFF49,#246BFD,#FF8A06,#FF4343,#FFFF49,#FFFF49,#43FF43",0.0,checked
333_cll_22,22,checked,"r U' r' y' r U R U' r'
r' U' R' U L U' z' U r
B' R' F' R B R' F R
U L' U' R U L U' l'
R B' R' F R B R' F'
F R' F' r U R U' r'
B L' B' R B L B' R'
U R' U' L U R U' r'
L' U' R' U L U' R U
L F' L' B L F L' B'",r U R' U' r' y r U r',3_cll,CLL,333,,,"#246BFD,#5D6671,#FF4343,#FFFF49,#FF8A06,#5D6671,#43FF43,#FFFF49,#5D6671,#5D6671,#5D6671,#5D6671,#5D6671,#43FF43,#FFFF49,#5D6671,#FFFF49,#FF4343,#FF8A06,#5D6671,#246BFD",0.0,checked
222_cll_13,13,checked,"L F2 U2 F U2 F' U2 F' L'
F2 U2 R' F' U2 F' R2 F' R'
R2 U2 F' U' R2 U' R2 U' F'
F R2 U' R2 U R2 U R2 F'
R' U2 F2 U' F2 U F2 U R
F2 U2 L' U' F2 U' F2 U' L'
R U2 F2 U R2 U' F2 U' R'
F2 U2 R' U' R2 U' F2 U' R'
R2 U2 F' R' U2 R' U2 R' F'
R F2 U' R2 U R2 U F2 R'",L F U2 F U2 F' U2 F2 L',2_cll,CLL,222,,,"#FF4343,#FF4343,#FFFF49,#246BFD,#43FF43,#FFFF49,#FFFF49,#FF8A06,#FF8A06,#FFFF49,#43FF43,#246BFD",0.0,checked
333_cll_4,4,checked,"R U' R' y' U' l2 U' L B L' U l2
F' U F U R2 D L' B' L D' R2
R U' R2 F R F' R U' B U2 B' R'
r2 F U2 R' U R y' U R' z F' R U R' F'
d2 L y' R2 z' R' U R x' y' R D' F' R U R' F'
R2 D B2 L' B L B D' R' B U B' R'
F2 D R2 B' R B R D' F' R U R' F'
F' U' F L2 F' U F U L2 U' L2 U' L2
R U R' B2 R U' R' y U' R2 U R2 U R2
B2 U' B2 U' B2 U R U R' B2 R U' R'",l2 U' L B' L' U l2 U y R U R',3_cll,CLL,333,,,"#FF4343,#5D6671,#FF8A06,#43FF43,#FFFF49,#5D6671,#FFFF49,#43FF43,#5D6671,#5D6671,#5D6671,#5D6671,#5D6671,#246BFD,#FFFF49,#5D6671,#FFFF49,#246BFD,#FF4343,#5D6671,#FF8A06",0.0,checked
333_cll_19,19,checked,"F' U2 F' D' F U2 F' D F2
L' U2 L' D' L U2 L' D L2
R' U2 R' D' R U2 R' D R2
R' D2 R' U' R D2 R' U l2
R' U2 R' D' L F2 L' D R2
R U R' U2 L U' R U L' U R'
L U L' U2 R U' L U R' U L'
R' U F U F' U' R U2 F U2 F'
L' U2 R U R' U2 L U' R U2 R'
R U' L U' R2 U L' U' R2 U2 R'",F2 D' F U2 F' D F U2 F,3_cll,CLL,333,,,"#FFFF49,#5D6671,#FFFF49,#43FF43,#FF8A06,#5D6671,#246BFD,#FF4343,#5D6671,#5D6671,#5D6671,#5D6671,#5D6671,#FF4343,#FFFF49,#5D6671,#FFFF49,#246BFD,#43FF43,#5D6671,#FF8A06",0.0,checked
222_cll_25,25,checked,"R U2 R' x U R' U' x' R2 U2 R'
R U2 R' F R' F' R2 U2 R'
R U2 R2 B U B' R U2 R'
L' U2 L F' L F L2 U2 L
L U2 L' B L' B' L2 U2 L'
F' L2 F L' F' L2 F2 U' F'
R' U2 R B' R B R2 U2 R
R U R2 x U2 R U R' U2 L
F' R2 F U' F' R2 F2 U' F'
F R2 B2 D B D' B R2 F'",R U2 R2 x U R U' x' R U2 R',2_cll,CLL,222,,,"#FF8A06,#246BFD,#246BFD,#FFFF49,#FF4343,#FFFF49,#FF8A06,#43FF43,#FFFF49,#43FF43,#FFFF49,#FF4343",0.0,checked
333_cll_25,25,checked,"L2 D' L U2 L' D L U2 L
B2 D' B U2 B' D B U2 B
F2 D' F U2 F' D F U2 F
R2 D' R U2 R' D R U2 R
L2 D' R B2 R' D L U2 L
B2 D' F R2 F' D B U2 B
L F' L2 B L' F L2 B2 U2 B
R U' L U' R' U L' U2 R U' R'
L U' R U' L' U R' U2 L U' L'
F U2 F' U2 R' U F U' F' U' R",L' U2 L' D' L U2 L' D L2,3_cll,CLL,333,,,"#FFFF49,#5D6671,#FF8A06,#FF8A06,#246BFD,#5D6671,#FFFF49,#43FF43,#5D6671,#5D6671,#5D6671,#5D6671,#5D6671,#FF4343,#FFFF49,#5D6671,#246BFD,#FFFF49,#43FF43,#5D6671,#FF4343",0.0,checked
333_cll_8,8,checked,"F2 R U' R' U R U R2 F' R F'
B2 R' U R U' R' U' R2 B R' B
F2 L' U L U' L' U' L2 F L' F
U R2 U2 B R' B R B2 U2 R2 U'
B U2 B2 R B R' B U' L U' L' B'
B U L' B D' B D B2 L2 U' L' B'
B' U2 B2 L' B' L B' U R' U R B
L2 B2 L' F' L B2 L2 B L F L' B'
B' L F2 R2 F D' F' D R2 F2 L' B
B R' F2 L2 F' D F D' L2 F2 R B'",F R' F R2 U' R' U' R U R' F2,3_cll,CLL,333,,,"#FFFF49,#5D6671,#246BFD,#246BFD,#FF4343,#5D6671,#FFFF49,#FF8A06,#5D6671,#5D6671,#5D6671,#5D6671,#5D6671,#43FF43,#FF4343,#5D6671,#FFFF49,#FF8A06,#FFFF49,#5D6671,#43FF43",0.0,checked
222_cll_27,27,checked,"R' U R F' U F2 R F' U' R'
F' R' F' R U2 F R' F R F'
F U' F' R U' R2 F' R U F
F' R U R' F U2 R U' R' F'
R' U' F' U F2 R F' R U R'
R' F' U' R F' R' U' F2 U' R'
F' U F R' F R2 U R' U' F'
F R U R' U2 B' U F' U' B
L' U R U' L y U2 R U' R' F'
R U R' U R U R2 U R U2",R U F R' F2 U' F R' U' R,2_cll,CLL,222,,,"#FF4343,#FF8A06,#FFFF49,#246BFD,#FFFF49,#43FF43,#FFFF49,#246BFD,#FFFF49,#43FF43,#FF8A06,#FF4343",0.0,checked
222_cll_34,34,checked,"R U' r' U' F' U F
R F' U' R' U' R F
F R' F' U' R' U R
F U' F' U' L' U L
F U' F' U' R' F R
L U' L' D' R' U R
R' F2 R U2 F U F'
F' R2 D' F D R2 F
R' U2 F' U F U2 R
F' U2 F U2 R U R'",F' U' F U r U R',2_cll,CLL,222,,,"#FFFF49,#FF8A06,#FF8A06,#246BFD,#FFFF49,#43FF43,#43FF43,#FF4343,#FFFF49,#FF4343,#FFFF49,#246BFD",0.0,checked
333_cll_28,28,checked,"L U2 L' U' L U' L'
F' U' F U' F' U2 F
R U2 R' U' R U' R'
B U2 B' U' B U' B'
F U2 F' U' F U' F'
r' U' R U' R' U2 r
L' U' L U' L' U2 L
B' R' F R' F' R2 B
R B2 L' B' L B' R'
D R2 U' R' U R' D'",L U L' U L U2 L',3_cll,CLL,333,,,"#FF4343,#5D6671,#246BFD,#43FF43,#FFFF49,#5D6671,#FF4343,#FFFF49,#5D6671,#5D6671,#5D6671,#5D6671,#5D6671,#FFFF49,#FF8A06,#5D6671,#246BFD,#FF8A06,#43FF43,#5D6671,#FFFF49",0.0,checked
333_cll_13,13,checked,"r' U2 l2 x U2 r' U2 r U2 x' l2 U2 r
R' F2 R2 U2 R' F2 R U2 R2 F2 R
R B2 R2 U2 R B2 R' U2 R2 B2 R'
R U2 R2 F2 R U2 R' F2 R2 U2 l'
R B2 L2 D2 L D2 R' B2 L2 U2 L'
F2 R D2 R' F2 U2 F2 L B2 L' F2
R' F R' F' R2 U R' U' R y U' R U' R'
R' F R' F' R F' U2 F R' F R F' R
R' U' R U' B U' B' U B2 L' B' L B'
R U R' U F' U F U' F2 L F L' F",r' U2 l2 x U2 r' U2 r U2 x' l2 U2 r,3_cll,CLL,333,,,"#FFFF49,#5D6671,#FFFF49,#FF8A06,#246BFD,#5D6671,#246BFD,#FF4343,#5D6671,#5D6671,#5D6671,#5D6671,#5D6671,#FF8A06,#43FF43,#5D6671,#43FF43,#FF4343,#FFFF49,#5D6671,#FFFF49",0.0,checked
222_cll_17,17,checked,"F R' U' F' R F2 U' R F2 R'
R F' R' F' U F2 R' F U2 F'
F U' R' F' R U2 F' R U2 R'
R U' F' U' F U2 R' F R2 F'
L U' F' L' F U2 L' F U2 F'
R' U2 R x U2 B' U R2 U' R' U
L2 U F U F' U2 L2 F U2 F'
L' U2 L F2 U2 L' U L U F2
R2 U R U F' U2 R2 F U2 F'
R U' F' R' F R' F' U2 F' U' R",R F2 R' U F2 R' F U R F',2_cll,CLL,222,,,"#246BFD,#FFFF49,#FFFF49,#FF8A06,#43FF43,#FF8A06,#FFFF49,#43FF43,#FF4343,#246BFD,#FF4343,#FFFF49",0.0,checked
222_cll_22,22,checked,"R2 U R' U' R2 y' U' R' U2 R
R2 D R' U2 R D' R' U2 R'
R2 U R' U' R2 U' F' U2 F
R2 U L' U2 R U' R' U2 R'
L2 D L' U2 L D' L' U2 L'
R2 U F' R' F2 R' F' R2 F
R2 U R' U' R2 y U' L' U2 L
R2 U R' U' R2 U' B' R2 B
R2 B U' R' U2 R' U' R2 U
L2 U L' U' L2 U' F' L2 F",R' U2 R U y R2 U R U' R2,2_cll,CLL,222,,,"#43FF43,#FF8A06,#FF8A06,#FFFF49,#246BFD,#FFFF49,#FF4343,#246BFD,#FFFF49,#43FF43,#FFFF49,#FF4343",0.0,checked
222_cll_10,10,checked,"R U' R' y' R U2 R U2 R'
L U' L' F L2 F L2 F'
R U' R' F U2 F U2 F'
B L' B' L U2 L U2 L'
F U' F' R F2 R F2 R'
F R' F' R y' U2 F R2 F'
R F' U' F U2 F R2 F'
L F' L' F U2 F U2 F'
U L' U' R U2 L U2 L'
R U' R' B R2 B R2 B'",R U2 R' U2 R' y R U R',2_cll,CLL,222,,,"#FF4343,#FFFF49,#43FF43,#FFFF49,#246BFD,#FF4343,#246BFD,#FF8A06,#43FF43,#FFFF49,#FFFF49,#FF8A06",0.0,checked
222_cll_31,31,checked,"R U2 R' y' U' R2 U' R' U R2
F' U2 F' D' F U2 F' D F2
L' U2 L' U' L U2 R' U L2
R' F2 R' U' R F2 R' U R2
R' U2 R' D' R U2 R' D R2
R U2 R' y U' L2 U' L' U L2
R' U2 R' U' F R2 F' U R2
L' U2 L' D' L U2 L' D L2
F R2 F' U' R2 U' R' U R2
F U2 F' U' R2 U' F' U R2",R2 U' R U R2 U y R U2 R',2_cll,CLL,222,,,"#43FF43,#FF4343,#FFFF49,#FF4343,#FFFF49,#246BFD,#FFFF49,#246BFD,#FFFF49,#FF8A06,#FF8A06,#43FF43",0.0,checked
222_cll_15,15,checked,"r U' r2 U r2 U r2 U' r
L' U L2 U' L2 U' L2 U L'
B U' B2 U B2 U B2 U' B
R' U R2 U' R2 U' R2 U R'
F' L F2 L' U2 L' U2 L F'
B' R B2 R' U2 R' U2 R B'
L' B L2 B' U2 B' U2 B L'
R B' R2 F R2 B R2 F' R
F L' U2 L U2 L F2 L' F
R B' R2 B U2 B U2 B' R",r' U r2 U' r2 U' r2 U r',2_cll,CLL,222,,,"#FF8A06,#FFFF49,#FFFF49,#43FF43,#FF4343,#43FF43,#FFFF49,#246BFD,#FF4343,#246BFD,#FF8A06,#FFFF49",0.0,checked
333_cll_3,3,checked,"F2 R2 F L F' R2 F L' F
F2 L2 F' R' F L2 F' R F'
L2 F2 R' F' R F2 L' F L'
B2 R2 B' L' B R2 B' L B'
R2 U2 R D R' U2 R D' R
R' U R' D2 R U' R' z' R2 U2
R U' R D2 R' U R D2 R2
R2 U2 R' D' R U2 R' D R'
R' U R' D2 R U' R' D2 R2
R B' R F2 R' B R F2 R2",F' L F' R2 F L' F' R2 F2,3_cll,CLL,333,,,"#246BFD,#5D6671,#FF8A06,#FF4343,#FFFF49,#5D6671,#FFFF49,#43FF43,#5D6671,#5D6671,#5D6671,#5D6671,#5D6671,#FF8A06,#FFFF49,#5D6671,#FFFF49,#43FF43,#246BFD,#5D6671,#FF4343",0.0,checked
333_cll_38,38,checked,"R U2 R' U' R U R' U' R U' R'
R U R' U R U' R' U R U2 R'
L' U' L U' L' U L U' L' U2 L
l U2 L' U' L U L' U' L U' l'
B U2 B' U' B U B' U' B U' B'
L U L' U L U' L' U L U2 L'
R' U2 R U R' U' R U R' U R
R' U' R U' R' U R U' R' U2 R
L' U2 L U L' U' L U L' U L
F' U2 F U F' U' F U F' U F",R U R' U R U' R' U R U2 R',3_cll,CLL,333,,,"#FFFF49,#5D6671,#FFFF49,#43FF43,#FF8A06,#5D6671,#FF4343,#43FF43,#5D6671,#5D6671,#5D6671,#5D6671,#5D6671,#246BFD,#FF8A06,#5D6671,#FF4343,#246BFD,#FFFF49,#5D6671,#FFFF49",0.0,checked
333_cll_9,9,checked,"R U' L U R' L' U2 L U L'
r' F R' F' R r U2 R' U' R
R U' L U L' R' U2 L U L'
R U' R' U2 R L U' R' U L'
l F' L F L' l' U2 L U L'
L' U L U2 R' L' U L U' R
L U' R U R' L' U2 R U R'
L' U R' U' L R U2 R' U' R
R' U R U2 R' L' U R U' L
L U' L' U2 L R U' L' U R'",L U' L' U2 L R U' L' U R',3_cll,CLL,333,,,"#246BFD,#5D6671,#246BFD,#FFFF49,#FF8A06,#5D6671,#FF4343,#FFFF49,#5D6671,#5D6671,#5D6671,#5D6671,#5D6671,#FF4343,#FFFF49,#5D6671,#FFFF49,#FF8A06,#43FF43,#5D6671,#43FF43",0.0,checked
333_cll_6,6,checked,"B' R U2 R' B R B' U2 B R'
R' F U2 F' R F R' U2 R F'
L' B U2 B' L B L' U2 L B'
r' U F2 U' L U L' F2 L U'
L2 F2 L' F' R2 F L F' R2 F' L2
D R' U2 R' D2 R U2 R' D2 R2 D'
R' D2 L2 D' R2 D L2 D' R2 D' R
F U2 F L2 u R' F2 R u' L2 F2
R2 D2 F' L U2 L' F D2 l U2 R
F2 R2 D' B L2 B' D R2 F U2 F",R B' U2 B R' B' R U2 R' B,3_cll,CLL,333,,,"#FFFF49,#5D6671,#43FF43,#246BFD,#FF4343,#5D6671,#FFFF49,#FF4343,#5D6671,#5D6671,#5D6671,#5D6671,#5D6671,#FFFF49,#FF8A06,#5D6671,#246BFD,#FF8A06,#43FF43,#5D6671,#FFFF49",0.0,checked
222_cll_21,21,checked,"R' U' R y U R U R'
L' U' L y U L U L'
R' U' R U F R F'
F' U' F U R U R'
R' F' R U F U F'
F' R' U R U F R'
L' U' L y' U R U R'
L' U' L U F U F'
R' U' R U B U B'
R' U' R D L U L'",R U' R' U' y' R' U R,2_cll,CLL,222,,,"#FF4343,#FF8A06,#43FF43,#FFFF49,#246BFD,#FFFF49,#FF8A06,#43FF43,#FFFF49,#FF4343,#FFFF49,#246BFD",0.0,checked
333_cll_15,15,checked,"R' F R' F2 U F U F' U' F R2
B' R' U' R U' B L' B L B2 U2 B
B L U L' U B' R B' R' B2 U2 B'
B L U L2 B2 D' B' D B' L U' B'
F' L' B L F L2 F2 L B' L' F2 L2
F L' B2 R2 D B' D' B R2 B2 L F'
F' R B2 L2 D' B D B' L2 B2 R' F
B2 U' L2 D L' U' L2 D' L2 U L' B2
R' F' U' F U' R U R2 F R F' U R
F R U R' U F' U' F2 R' F' R U' F'",R2 F' U F U' F' U' F2 R F' R,3_cll,CLL,333,,,"#FFFF49,#5D6671,#FFFF49,#FF8A06,#246BFD,#5D6671,#43FF43,#FF8A06,#5D6671,#5D6671,#5D6671,#5D6671,#5D6671,#246BFD,#FFFF49,#5D6671,#FFFF49,#43FF43,#FF4343,#5D6671,#FF4343",0.0,checked
333_cll_11,11,checked,"L' U2 L U2 L F' L2 U' L U F
F U R U' R2 F' R U2 R U2 R'
R' U2 R U2 R B' R2 U' R U B
R U B U' B2 R' B U2 B U2 B'
r U R' U R z R U' l U2 R U2 R'
F R' F' R U2 R U' R' U R U2 R'
L2 F' D' L2 B L' B' D L2 F U' L'
F' L2 F U2 F U2 F' L2 U' F U' F'
F' U' F U' R2 F' U2 F U2 F R2 F'
R' F2 R U2 R U2 R' F2 U' R U' R'",F' U' L' U L2 F L' U2 L' U2 L,3_cll,CLL,333,,,"#246BFD,#5D6671,#FF4343,#FFFF49,#FF8A06,#5D6671,#43FF43,#FFFF49,#5D6671,#5D6671,#5D6671,#5D6671,#5D6671,#FF4343,#246BFD,#5D6671,#FF8A06,#43FF43,#FFFF49,#5D6671,#FFFF49",0.0,checked
333_cll_16,16,checked,"F U R U' R' F'
F' U' R' U R F
R' F' U' F U R
F' L' U' L U F
R U F U' F' R'
L' B' U' B U L
L U F U' F' L'
B' R' U' R U B
F' R' U' R U F
R' U' F' U F R",F R U R' U' F',3_cll,CLL,333,,,"#FFFF49,#5D6671,#FFFF49,#246BFD,#FF4343,#5D6671,#FF4343,#43FF43,#5D6671,#5D6671,#5D6671,#5D6671,#5D6671,#FF8A06,#FFFF49,#5D6671,#FFFF49,#FF8A06,#246BFD,#5D6671,#43FF43",0.0,checked
333_cll_21,21,checked,"F2 L2 F' R2 F L2 F' R2 F'
L2 D2 L U2 L' D2 L U2 L
F2 R2 F L2 F' R2 F L2 F
R2 D2 R' U2 R D2 R' U2 R'
R2 D2 R U2 R' D2 R U2 l
R U R' D R U' x U R' U' F'
L' B' L F' L' B U' L U F
B L B' R B L' U B' U' R'
L' U' L D' L' U x U' L U F
R B R' F R B' U R' U' F'",F R2 F L2 F' R2 F L2 F2,3_cll,CLL,333,,,"#FF4343,#5D6671,#FF8A06,#FFFF49,#246BFD,#5D6671,#246BFD,#FFFF49,#5D6671,#5D6671,#5D6671,#5D6671,#5D6671,#43FF43,#FFFF49,#5D6671,#FFFF49,#43FF43,#FF8A06,#5D6671,#FF4343",0.0,checked
222_cll_1,1,checked,"L U2 L' U' L U' L'
R U2 R' U' R U' R'
F U2 F' U' F U' F'
R' U' R U' R' U2 R
F' U' F U' F' U2 F
L' U' L U' L' U2 L
B U2 B' U' B U' B'
R B2 L' B' L B' R'
R F2 R' F' U F' R'
R F2 R' U' R F' U'",L U L' U L U2 L',2_cll,CLL,222,,,"#FFFF49,#FF8A06,#246BFD,#FF4343,#246BFD,#FFFF49,#FF4343,#FFFF49,#FF8A06,#43FF43,#43FF43,#FFFF49",0.0,checked
222_cll_4,4,checked,"L2 U2 L' U2 L2
F2 U2 F U2 F2
R2 U2 R U2 R2
F2 R2 F' R2 F2
R2 U2 R' U2 R2
L2 U2 L U2 L2
F2 R2 F R2 F2
F2 U2 F' U2 F2
R2 F2 R' F2 R2
F2 U2 F R2 F2",L2 U2 L U2 L2,2_cll,CLL,222,,,"#FFFF49,#FFFF49,#FF4343,#43FF43,#246BFD,#FF4343,#FF8A06,#43FF43,#246BFD,#FF8A06,#FFFF49,#FFFF49",0.0,checked
333_cll_32,32,checked,"B' U F U' B U F'
r' F R F' r U R'
L' U R U' L U R'
R' U L U' R U L'
F' U B U' F U B'
r U R' U' L U R U' r2
R' U R B R' U' R z x' R U' R'
R' U' R y' x' R U' R' F R U R'
F' L F U F' L' F L U' L'
L' U L F L' U' L x y' L U' L'",F U' B' U F' U' B,3_cll,CLL,333,,,"#246BFD,#5D6671,#FF4343,#FF4343,#FFFF49,#5D6671,#43FF43,#FFFF49,#5D6671,#5D6671,#5D6671,#5D6671,#5D6671,#FFFF49,#FF8A06,#5D6671,#246BFD,#FF8A06,#43FF43,#5D6671,#FFFF49",0.0,checked
222_cll_26,26,checked,"F' U' L' U L F
R U R U' F' U'
F U R U' R' F'
f R U R' U' f'
R B U B' U' R'
L F U F' U' L'
R' F' U' F U R
R F R F' U' R'
F R F U' F' U'
B' R' U' R U B",F' L' U' L U F,2_cll,CLL,222,,,"#43FF43,#FF8A06,#FFFF49,#FF4343,#FFFF49,#43FF43,#FFFF49,#FF4343,#FFFF49,#246BFD,#246BFD,#FF8A06",0.0,checked
222_cll_36,36,checked,"R2 F2 U F R' F R' U R'
R U' F U' F R F2 U2 R'
R2 F2 U' R' U F' R U' R
F2 L2 U F U' L U' L F'
F2 R2 U' F' U R' U R' F
R F' R F' U R U2 F2 R'
F2 R2 U R U' R F' R F'
R' U F' U' F2 R' F' R U' R
R U' F R F2 U F R' U R'
R' F U' F' U2 R' F' R F' R",R U' R F' R F' U' F2 R2,2_cll,CLL,222,,,"#FFFF49,#FF8A06,#FF8A06,#246BFD,#FFFF49,#43FF43,#FF4343,#246BFD,#FFFF49,#43FF43,#FFFF49,#FF4343",0.0,checked
222_cll_2,2,checked,"F' U F R' U2 R' U2 R
R' U R F' R2 F' R2 F
L' F U F' U2 F' L2 F
L' U L F' U2 F' U2 F
F' L F L' U2 L' U2 L
R' B R U' R2 U' R2 U
F' R U R' U2 R' F2 R
F' L F L' y U2 F' L2 F
R' F R F' U2 F' U2 F
F' R U R' U2 L' U2 L",R' U2 R U2 R F' U' F,2_cll,CLL,222,,,"#FFFF49,#FF8A06,#43FF43,#FF8A06,#246BFD,#FFFF49,#246BFD,#FFFF49,#43FF43,#FF4343,#FF4343,#FFFF49",0.0,checked
222_cll_28,28,checked,"F' R F U' R U F' U R'
R' U F U' R F R' U F'
F' U R F' R F R' F R'
F U' R' U F' R' F U' R
R' F U F' R F U' R F'
F' U L U' F L F' U L'
B R' F' R B' R' F U' R
L U2 L F2 L' F2 L F2 L2
L' U2 L' D2 L U2 L' D2 L2
L' B2 L' F2 L B2 L' F2 L2",R U' F U' R' U F' R' F,2_cll,CLL,222,,,"#FF4343,#FF8A06,#FFFF49,#246BFD,#FFFF49,#43FF43,#FFFF49,#43FF43,#FFFF49,#246BFD,#FF4343,#FF8A06",0.0,checked
333_cll_33,33,checked,"L U L' U R' U L U' R U2 L'
R U R' U R' F R F' R U2 R'
F' U2 F U F' U L' U' L U F
R U R' U L' U R U' L U2 R'
F U F' U B' U F U' B U2 F'
R' U2 L U' R U L' U R' U R
R U R' U F' U F U' R U2 R'
L' U2 R U' L U R' U L' U L
R' F2 L D' L D L' F L' F R
B2 U2 B' D' F R2 F' D B2 U' B",L U2 R' U L' U' R U' L U' L',3_cll,CLL,333,,,"#FF4343,#5D6671,#FFFF49,#43FF43,#FFFF49,#5D6671,#43FF43,#FF8A06,#5D6671,#5D6671,#5D6671,#5D6671,#5D6671,#FF4343,#246BFD,#5D6671,#FF8A06,#FFFF49,#FFFF49,#5D6671,#246BFD",0.0,checked
333_cll_24,24,checked,"L' U' L U L F' L' F
R' F' r U R U' r' F
R' U' R U R B' R' B
R U R' D R U' R' D'
R D R' U R D' R' U'
r' U' R U L U' R' U
R' F' L F R F' L' F
F' U' F U F R' F' R
D' R' U R D R' U' R
l' U' L U R U' L' U",F' L F L' U' L' U L,3_cll,CLL,333,,,"#FFFF49,#5D6671,#43FF43,#FF8A06,#246BFD,#5D6671,#FFFF49,#FF4343,#5D6671,#5D6671,#5D6671,#5D6671,#5D6671,#246BFD,#FFFF49,#5D6671,#43FF43,#FFFF49,#FF4343,#5D6671,#FF8A06",0.0,checked
222_cll_37,37,checked,"R' F U' R F R' U R F'
F' U R' U F U' R F R'
F' R F' R F R' F U R'
R' U F' R F U' R U F'
R U' B R' F' R B' R' F
R' U R' U R U' R z F L'
F2 L2 F' R2 F L2 F' R2 F'
F2 R2 F' U2 F R2 F' R2 F'
R2 U2 R U2 R' U2 L U2 R
L2 D2 L U2 L' D2 L U2 L",F R' U' R F' R' U F' R,2_cll,CLL,222,,,"#FFFF49,#246BFD,#FF4343,#43FF43,#FFFF49,#FF8A06,#FF8A06,#43FF43,#FFFF49,#FF4343,#FFFF49,#246BFD",0.0,checked
222_cll_11,11,checked,"F2 R' F' R2 U R2 F R F2
F2 R U F2 R F2 U' R' F2
F2 R U R2 F R2 U' R' F2
R2 F R U2 F U2 R' F' R2
F2 L F U2 L U2 F' L' F2
R2 U R' U2 B' U2 R U' R2
F2 L F L2 U L2 F' L' F2
F R' U2 R F' R' F U2 F' R
F' U' F R2 F R F' R U' R2
F2 R' F' R F' R' U R' F' R2",F2 R' F' R2 U' R2 F R F2,2_cll,CLL,222,,,"#FF8A06,#FFFF49,#246BFD,#FFFF49,#246BFD,#FF4343,#43FF43,#FF4343,#43FF43,#FFFF49,#FFFF49,#FF8A06",0.0,checked
333_cll_20,20,checked,"L' U R U' L y U2 R U' R' F'
F R U R' U2 B' U F' U' B
r' y' U2 L' U R' U' L U2 R y r
F U2 L U' R U L' U2 R' F'
L U2 L' y R' U2 R B U' B2 R B R'
B' U' R2 D R' U R D' R2 B R U' R'
L U F2 D' F U' F' D F2 L' F' U F
R B R2 y U' R' U R F R2 z x U' R U R'
R' U' R F R2 D' R U R' D R2 U' F'
F' U' L2 D L' U L D' L2 F L U' L'",F R U R' U2 y' L' U R' U' L,3_cll,CLL,333,,,"#FF4343,#5D6671,#FF8A06,#FFFF49,#246BFD,#5D6671,#FFFF49,#43FF43,#5D6671,#5D6671,#5D6671,#5D6671,#5D6671,#FFFF49,#246BFD,#5D6671,#FFFF49,#43FF43,#FF8A06,#5D6671,#FF4343",0.0,checked
333_cll_27,27,checked,"B U B' U' B' R B R'
B L F' L' B' L F L'
R' F' R B' R' F R B
R B L' B' R' B L B'
F' L' F R' F' L F R
L' B' L F' L' B L F
B' R' B L' B' R B L
F R B' R' F' R B R'
l U L' U' R' U L U'
R U R' U' R' F R F'",R B' R' B U B U' B',3_cll,CLL,333,,,"#FFFF49,#5D6671,#FF8A06,#FF4343,#43FF43,#5D6671,#FFFF49,#43FF43,#5D6671,#5D6671,#5D6671,#5D6671,#5D6671,#FF8A06,#FFFF49,#5D6671,#246BFD,#FFFF49,#246BFD,#5D6671,#FF4343",0.0,checked
222_cll_29,29,checked,"R U2 F2 R' F' U F' U R'
R U' R F' R F' U' F2 R2
R' F2 U2 R U R' U F' R
L F2 U2 L' U' L U' F L'
R' U R' F U' R U F2 R2
R F' U F' U R' U' F2 R2
R' F R' F U' F U F2 R2
L2 U2 F U F' U L' F U' F'
F R' F U' F U F2 R2 U' R'
R' U2 F2 U' R' U F' R U' R'",R U' F U' F R F2 U2 R',2_cll,CLL,222,,,"#FF4343,#246BFD,#FFFF49,#246BFD,#FFFF49,#FF8A06,#FFFF49,#43FF43,#FFFF49,#FF8A06,#FF4343,#43FF43",0.0,checked
333_cmll_133,133,checked,"L' U' L U L F' L' F
r' U' R U L U' R' U
U' L' D L U L' D' L",F' L F L' U' L' U L,3_cmll,CMLL,333,,,"#FF4343,#5D6671,#FF8A06,#FFFF49,#246BFD,#5D6671,#FFFF49,#43FF43,#5D6671,#5D6671,#5D6671,#5D6671,#5D6671,#FF8A06,#FFFF49,#5D6671,#43FF43,#FF4343,#246BFD,#5D6671,#FFFF49",0.0,checked
333_cmll_117,117,checked,F U R U' R' F',F R U R' U' F',3_cmll,CMLL,333,,,"#43FF43,#5D6671,#FF8A06,#FFFF49,#FF4343,#5D6671,#FFFF49,#43FF43,#5D6671,#5D6671,#5D6671,#5D6671,#5D6671,#FFFF49,#FF4343,#5D6671,#FFFF49,#246BFD,#246BFD,#5D6671,#FF8A06",0.0,checked
333_cmll_106,106,checked,"R' U2 R U R' U R
L' U2 L U L' U L
R U R' U R U2 R'",R' U' R U' R' U2 R,3_cmll,CMLL,333,,,"#246BFD,#5D6671,#FFFF49,#FF4343,#FFFF49,#5D6671,#FF8A06,#246BFD,#5D6671,#5D6671,#5D6671,#5D6671,#5D6671,#43FF43,#FF4343,#5D6671,#43FF43,#FFFF49,#FFFF49,#5D6671,#FF8A06",0.0,checked
333_cmll_114,114,checked,"R' F R' F2 U F U F' U' F R2
R U2 R' U' R U' R2 U2 R U R' U R
R' U2 R U R' U R2 U2 R' U' R U' R'",R2 F' U F U' F' U' F2 R F' R,3_cmll,CMLL,333,,,"#FFFF49,#5D6671,#FFFF49,#FF8A06,#246BFD,#5D6671,#43FF43,#FF8A06,#5D6671,#5D6671,#5D6671,#5D6671,#5D6671,#246BFD,#FFFF49,#5D6671,#FFFF49,#43FF43,#FF4343,#5D6671,#FF4343",0.0,checked
333_cmll_108,108,checked,"F' U2 F U2 F R' F' R
L' U2 L U2 L F' L' F
R' U2 R U2 L U' R' U F'",R' F R F' U2 F' U2 F,3_cmll,CMLL,333,,,"#43FF43,#5D6671,#FF4343,#FFFF49,#FF4343,#5D6671,#FFFF49,#246BFD,#5D6671,#5D6671,#5D6671,#5D6671,#5D6671,#246BFD,#FF8A06,#5D6671,#43FF43,#FFFF49,#FFFF49,#5D6671,#FF8A06",0.0,checked
333_cmll_113,113,checked,"R U2 R' F R' F' R2 U2 R'
R' F2 R F' r' F2 R2 U' R'
R U l' R' U2 r U R' U2 L
R U R' L' U2 R U R' U2 L",R U2 R2 F R F' R U2 R',3_cmll,CMLL,333,,,"#246BFD,#5D6671,#FF4343,#FFFF49,#FF8A06,#5D6671,#FFFF49,#246BFD,#5D6671,#5D6671,#5D6671,#5D6671,#5D6671,#43FF43,#FFFF49,#5D6671,#43FF43,#FF4343,#FF8A06,#5D6671,#FFFF49",0.0,checked
333_cmll_128,128,checked,"L' B U2 B' L B L' U2 L B'
r' U F2 U' L U L' F2 L U'
R2 U' L' U R' U2 B' U L U R'
R2 F2 R U L' U2 R2 U' L U R'
D R' U2 R' D2 R U2 R' D2 R2 D'
L' R' U2 L U L' U2 R2 U' L U R'
L B' R' B L' B' M U2 L U L' U L
R F' L' F R' F' M' U2 R U R' U R
R U2 R' U' R U' R' F R' F' R U R U' R'",B L' U2 L B' L' B U2 B' L,3_cmll,CMLL,333,,,"#FFFF49,#5D6671,#FF8A06,#246BFD,#FF4343,#5D6671,#246BFD,#FFFF49,#5D6671,#5D6671,#5D6671,#5D6671,#5D6671,#43FF43,#FFFF49,#5D6671,#43FF43,#FF4343,#FF8A06,#5D6671,#FFFF49",0.0,checked
333_cmll_107,107,checked,"F R' U2 R F' R' F U2 F' R
B L' U2 L B' L' B U2 B' L
R U' L' U' B U2 R U' L U R2
R U' L' U R2 U2 L U' R' F2 R2
R U2 R2 F2 R F R' F2 R2 U2 R'
L' F' L U L' F R B' U R' U' L
R L U2 R' U' R U2 L2 U R' U' L
R2 D' R U' R' D R U' R U R' U R
R' B L B' R B M U2 R' U' R U' R'
R U R' U' R' F R F' R U R' U R U2 R'",R' F U2 F' R F R' U2 R F',3_cmll,CMLL,333,,,"#246BFD,#5D6671,#FFFF49,#FFFF49,#FF8A06,#5D6671,#43FF43,#FF8A06,#5D6671,#5D6671,#5D6671,#5D6671,#5D6671,#43FF43,#FF4343,#5D6671,#FFFF49,#FF4343,#FFFF49,#5D6671,#246BFD",0.0,checked
333_cmll_130,130,checked,"R U2 R' F R' F' R U' R U' R'
R' U' F' U F U' R U' R' U2 R
R' U' R U' L U' R' U L' U2 R
R U2 L' U R' U' L U' R U' R'
R U2 R' U F' U' F U' R U' R'",R U R' U R' F R F' R U2 R',3_cmll,CMLL,333,,,"#FFFF49,#5D6671,#FF8A06,#FF4343,#43FF43,#5D6671,#FFFF49,#43FF43,#5D6671,#5D6671,#5D6671,#5D6671,#5D6671,#FFFF49,#FF4343,#5D6671,#246BFD,#FF8A06,#246BFD,#5D6671,#FFFF49",0.0,checked
333_cmll_109,109,checked,"R U' R' U L' U' R
L U' R' U L' U' R
R U' L' U R' U' L",R' U L U' R U R',3_cmll,CMLL,333,,,"#FF4343,#5D6671,#FFFF49,#43FF43,#FFFF49,#5D6671,#FF8A06,#246BFD,#5D6671,#5D6671,#5D6671,#5D6671,#5D6671,#FF4343,#246BFD,#5D6671,#43FF43,#FFFF49,#FFFF49,#5D6671,#FF8A06",0.0,checked
333_cmll_131,131,checked,"L B' D2 B L' U2 L B' D2 B L'
F' R D2 R' F U2 F' R D2 R' F
R' F2 L F L' F U' R U' R' U2 R
R U2 R' U' R U R' U' R U R' U' R U' R'
R U R' U R U' R' U R U' R' U R U2 R'",L B' D2 B L' U2 L B' D2 B L',3_cmll,CMLL,333,,,"#246BFD,#5D6671,#FFFF49,#FF4343,#FFFF49,#5D6671,#FF8A06,#246BFD,#5D6671,#5D6671,#5D6671,#5D6671,#5D6671,#FFFF49,#43FF43,#5D6671,#FFFF49,#FF8A06,#FF4343,#5D6671,#43FF43",0.0,checked
333_cmll_134,134,checked,"R U2 R D R' U2 R D' R2
R U R' U' F' U2 F U R U R'",R2 D R' U2 R D' R' U2 R',3_cmll,CMLL,333,,,"#FFFF49,#5D6671,#FFFF49,#FF8A06,#246BFD,#5D6671,#FF4343,#43FF43,#5D6671,#5D6671,#5D6671,#5D6671,#5D6671,#246BFD,#FFFF49,#5D6671,#FFFF49,#FF8A06,#FF4343,#5D6671,#43FF43",0.0,checked
333_cmll_104,104,checked,"L F' L F2 R' F R F2 L2
R2 U2 R U R' U2 L U' R
R2 F2 L F L' F2 R F' R
R' F R' F2 L F' L' F2 R2
L2 F2 R' F' R F2 L' F L'
L' U R' U2 L U' R' F2 R2
L' R' U2 L U L' U2 R U' L
R U' L U2 R' U R U2 R' L'
L' U R' U2 L U' L' U2 L R
R L U2 L' U' L U2 R' U L'",L2 F2 R' F' R F2 L' F L',3_cmll,CMLL,333,,,"#246BFD,#5D6671,#43FF43,#FF4343,#FFFF49,#5D6671,#FFFF49,#FF4343,#5D6671,#5D6671,#5D6671,#5D6671,#5D6671,#43FF43,#FFFF49,#5D6671,#FFFF49,#246BFD,#FF8A06,#5D6671,#FF8A06",0.0,checked
333_cmll_120,120,checked,"R' y' R2 U R2 U R2 U' R2 y R
F U R U' R' U F' U' R' F' R
R U2 R' y' F U' R2 U' R2 U R2 F'",R' y' R2 U R2 U' R2 U' R2 y R,3_cmll,CMLL,333,,,"#43FF43,#5D6671,#43FF43,#FFFF49,#FF4343,#5D6671,#FF8A06,#FFFF49,#5D6671,#5D6671,#5D6671,#5D6671,#5D6671,#246BFD,#FF8A06,#5D6671,#FF4343,#246BFD,#FFFF49,#5D6671,#FFFF49",0.0,checked
333_cmll_118,118,checked,"r' U r' F' r2 U2 R' F' R
R' F R' F' R2 U2 r' U' R
L' B L' B' L2 U2 R' F' R
L F' L' U2 R2 B' R' B R'
L' U R' U' R L U2 R' U' R
L U' R U R' L' U2 R U R'
L U2 R' U' R2 U' L' U R' U'
R' U2 R U2 R L' U2 R U2 R' U2 z' u",R' F R U2 r2 F r U' r,3_cmll,CMLL,333,,,"#246BFD,#5D6671,#246BFD,#FFFF49,#FF8A06,#5D6671,#FF4343,#FFFF49,#5D6671,#5D6671,#5D6671,#5D6671,#5D6671,#FF4343,#FFFF49,#5D6671,#FFFF49,#FF8A06,#43FF43,#5D6671,#43FF43",0.0,checked
333_cmll_140,140,checked,"R' y' R2 U R2 U' R2 U' R2 y R
F R2 U' R2 U R2 U R2 F'
r' U2 F U2 F' U2 F' U2 r
R B2 D' R2 U R2 D B2 R'
r' U r U f R' U R U' R' f'
F R' F' R U2 F R' F' R2 U2 R'
F U2 F' U2 R B' R2 F' R2 B R'
r U R U' r' F R' U R U' R' F'
F R' F' R U R U' R' F U R U' R' F'",R' y' R2 U R2 U R2 U' R2 y R,3_cmll,CMLL,333,,,"#FF8A06,#5D6671,#FF8A06,#FFFF49,#43FF43,#5D6671,#246BFD,#FFFF49,#5D6671,#5D6671,#5D6671,#5D6671,#5D6671,#FFFF49,#FF4343,#5D6671,#FF4343,#FFFF49,#246BFD,#5D6671,#43FF43",0.0,checked
333_cmll_105,105,checked,"F U' F' U' r2 U' R F R' U R2
R' U R' U2 L U' x U R' U2 L U' R
l' U R' U2 L U' x U R' U2 L U' R
L' B R' B2 L B' U R' U2 L U' r
R U' R2 F R F' R U' B U2 B' R'
r2 F U2 R' U R y' U R' z F' R U R' F'
d2 L y' R2 z' R' U R x' y' R D' F' R U R' F'
R2 D B2 L' B L B D' R' B U B' R'
F2 D R2 B' R B R D' F' R U R' F'
L F' L' U2 R' F R U2 F U2 R' F' R",R2 U' R F' R' U r2 U F U F',3_cmll,CMLL,333,,,"#43FF43,#5D6671,#246BFD,#FF8A06,#FFFF49,#5D6671,#FFFF49,#FF8A06,#5D6671,#5D6671,#5D6671,#5D6671,#5D6671,#FF4343,#FFFF49,#5D6671,#FFFF49,#FF4343,#43FF43,#5D6671,#246BFD",0.0,checked
333_cmll_135,135,checked,"L' U2 L' D' L U2 L' D L2
R' U2 R' D' R U2 R' D R2
R' F2 R' U' R F2 R' U R2",L2 D' L U2 L' D L U2 L,3_cmll,CMLL,333,,,"#FFFF49,#5D6671,#FFFF49,#43FF43,#FF8A06,#5D6671,#246BFD,#FF4343,#5D6671,#5D6671,#5D6671,#5D6671,#5D6671,#FF4343,#FFFF49,#5D6671,#FFFF49,#246BFD,#43FF43,#5D6671,#FF8A06",0.0,checked
333_cmll_126,126,checked,"F' L F L' U2 L' U2 L
U' L U R' U2 R' F2 R",L' U2 L U2 L F' L' F,3_cmll,CMLL,333,,,"#FFFF49,#5D6671,#FF8A06,#43FF43,#FF8A06,#5D6671,#246BFD,#FFFF49,#5D6671,#5D6671,#5D6671,#5D6671,#5D6671,#246BFD,#FFFF49,#5D6671,#43FF43,#FF4343,#FF4343,#5D6671,#FFFF49",0.0,checked
333_cmll_116,116,checked,"B' R U R' B R U' B R'
F R' U' R F' R' U F' R
R B2 R F2 R' B2 R F2 R2",R B' U R' B' R U' R' B,3_cmll,CMLL,333,,,"#FFFF49,#5D6671,#FFFF49,#246BFD,#FF4343,#5D6671,#FF8A06,#246BFD,#5D6671,#5D6671,#5D6671,#5D6671,#5D6671,#43FF43,#FFFF49,#5D6671,#FFFF49,#43FF43,#FF8A06,#5D6671,#FF4343",0.0,checked
333_cmll_119,119,checked,"F2 L2 F' R U R' U' F L2 F2
B' R B R' B U2 B' U' R' U' R
R' D R F R2 F' R D' R' F R2
R' U R2 D r' U2 r D' R2 U' R
D' R U2 R U' F2 U R' U2 R' D
D' R' U R2 U' R' D' R U R' D2 R' U' l",F2 L2 F' U R U' R' F L2 F2,3_cmll,CMLL,333,,,"#FFFF49,#5D6671,#FF4343,#FF8A06,#246BFD,#5D6671,#FFFF49,#246BFD,#5D6671,#5D6671,#5D6671,#5D6671,#5D6671,#FF8A06,#43FF43,#5D6671,#FFFF49,#43FF43,#FFFF49,#5D6671,#FF4343",0.0,checked
333_cmll_141,141,checked,"R B' R B R2 U2 F R' F' R
L' U R U' L U' R' U' R U' R'",R' F R F' U2 R2 B' R' B R',3_cmll,CMLL,333,,,"#FF8A06,#5D6671,#246BFD,#FFFF49,#43FF43,#5D6671,#FF4343,#FFFF49,#5D6671,#5D6671,#5D6671,#5D6671,#5D6671,#FFFF49,#246BFD,#5D6671,#FF4343,#FFFF49,#FF8A06,#5D6671,#43FF43",0.0,checked
333_cmll_121,121,checked,"R' F R F' U2 R2 B' R' B R'
L U L' U L U R' U L' U' R
L' U' L U' L' U' R U' L U R'",R B' R B R2 U2 F R' F' R,3_cmll,CMLL,333,,,"#246BFD,#5D6671,#FFFF49,#FFFF49,#FF8A06,#5D6671,#FF4343,#43FF43,#5D6671,#5D6671,#5D6671,#5D6671,#5D6671,#FFFF49,#FF8A06,#5D6671,#FF4343,#246BFD,#43FF43,#5D6671,#FFFF49",0.0,checked
333_cmll_122,122,checked,"R' F' U' F U' R U R' U R
F R U R' d R' U' R U' R'
R' U2 R U R' F R' F' R U R
R U2 L' d L U2 L' d' L U2 R'
R' U2 R2 U R2 U x U R U' L U2 R'
F R2 U' R U2 R U R' U R' U R2 F'",R' U' R U' R' U F' U F R,3_cmll,CMLL,333,,,"#FFFF49,#5D6671,#43FF43,#FF4343,#43FF43,#5D6671,#FF8A06,#FFFF49,#5D6671,#5D6671,#5D6671,#5D6671,#5D6671,#FF4343,#246BFD,#5D6671,#FF8A06,#FFFF49,#FFFF49,#5D6671,#246BFD",0.0,checked
333_cmll_124,124,checked,F R' F' R U2 R U2 R',R U2 R' U2 R' F R F',3_cmll,CMLL,333,,,"#FF4343,#5D6671,#FFFF49,#FFFF49,#246BFD,#5D6671,#FF4343,#43FF43,#5D6671,#5D6671,#5D6671,#5D6671,#5D6671,#FF8A06,#43FF43,#5D6671,#FFFF49,#246BFD,#FFFF49,#5D6671,#FF8A06",0.0,checked
333_cmll_111,111,checked,"R2 U' R F2 R' U R F2 R
R2 D' R U2 R' D R U2 R
L2 D' L U2 L' D L U2 L
F' L' U' L U' F U2 F R' F' R",R' F2 R' U' R F2 R' U R2,3_cmll,CMLL,333,,,"#FF4343,#5D6671,#43FF43,#FFFF49,#246BFD,#5D6671,#FFFF49,#FF4343,#5D6671,#5D6671,#5D6671,#5D6671,#5D6671,#43FF43,#FFFF49,#5D6671,#246BFD,#FF8A06,#FF8A06,#5D6671,#FFFF49",0.0,checked
333_cmll_129,129,checked,L' U R U' L U R',R U' L' U R' U' L,3_cmll,CMLL,333,,,"#FFFF49,#5D6671,#FF8A06,#FF4343,#43FF43,#5D6671,#246BFD,#FFFF49,#5D6671,#5D6671,#5D6671,#5D6671,#5D6671,#246BFD,#FFFF49,#5D6671,#FF8A06,#43FF43,#FF4343,#5D6671,#FFFF49",0.0,checked
333_cmll_127,127,checked,"R U2 R' U2 R' F R F'
R U2 R' U2 L' U R U'",F R' F' R U2 R U2 R',3_cmll,CMLL,333,,,"#FFFF49,#5D6671,#FF4343,#FF8A06,#246BFD,#5D6671,#43FF43,#FFFF49,#5D6671,#5D6671,#5D6671,#5D6671,#5D6671,#246BFD,#FFFF49,#5D6671,#FF8A06,#43FF43,#FF4343,#5D6671,#FFFF49",0.0,checked
333_cmll_142,142,checked,"R U' r' U' F' U F
U R' U' L U R U' r'
F R' F' R U R U' R'
U L' U' R U L U' l'",F' U' F U r U R',3_cmll,CMLL,333,,,"#FFFF49,#5D6671,#FF8A06,#FF8A06,#246BFD,#5D6671,#FFFF49,#43FF43,#5D6671,#5D6671,#5D6671,#5D6671,#5D6671,#43FF43,#FF4343,#5D6671,#FFFF49,#FF4343,#FFFF49,#5D6671,#246BFD",0.0,checked
333_cmll_138,138,checked,"R B' U R' B' R U' R' B
R2 D2 R U2 R' D2 R U2 l
F R2 U' r' F R2 F' r U F'
U l R U' L' U R2 U' L U F'
R U' R' F' U F R U R' U R U' R'
F R U' R' U R U R' U R U' R' F'
L' U' L2 F L' U' L' U L U R U R' F'",B' R U R' B R U' B R',3_cmll,CMLL,333,,,"#FF8A06,#5D6671,#FF4343,#246BFD,#FFFF49,#5D6671,#FFFF49,#246BFD,#5D6671,#5D6671,#5D6671,#5D6671,#5D6671,#FFFF49,#43FF43,#5D6671,#43FF43,#FFFF49,#FF4343,#5D6671,#FF8A06",0.0,checked
333_cmll_125,125,checked,"L' U' L U' L' U2 L
R U2 R' U' R U' R'",L' U2 L U L' U L,3_cmll,CMLL,333,,,"#FFFF49,#5D6671,#FF8A06,#246BFD,#FF4343,#5D6671,#246BFD,#FFFF49,#5D6671,#5D6671,#5D6671,#5D6671,#5D6671,#FF4343,#FFFF49,#5D6671,#FF8A06,#43FF43,#43FF43,#5D6671,#FFFF49",0.0,checked
333_cmll_132,132,checked,"R2 D R' U2 R D' R' U2 R'
R U' R' U' F' U2 F U R U' R'
R' U L' U R U' L U2 R' U R
R B' R' U2 R' B' R U2 R' B R
F R' F' r U R U' r' U R U R' U R U2 R'",R U2 R D R' U2 R D' R2,3_cmll,CMLL,333,,,"#FF8A06,#5D6671,#FF4343,#FFFF49,#43FF43,#5D6671,#FFFF49,#246BFD,#5D6671,#5D6671,#5D6671,#5D6671,#5D6671,#FF8A06,#FFFF49,#5D6671,#43FF43,#FF4343,#246BFD,#5D6671,#FFFF49",0.0,checked
333_cmll_115,115,checked,"L' B' U' B U2 R U' L U R'
r' y' U2 L' U R' U' L U2 R y r
F U R2 D R' U' R D' R2 F'
U' R2 U2 L' U L U2 x R U2 R
r' F R F' r U R' U F U R U' R' F'",R U' L' U R' U2 B' U B L,3_cmll,CMLL,333,,,"#246BFD,#5D6671,#43FF43,#FF4343,#FFFF49,#5D6671,#FF8A06,#FFFF49,#5D6671,#5D6671,#5D6671,#5D6671,#5D6671,#FF4343,#FFFF49,#5D6671,#FF8A06,#FFFF49,#43FF43,#5D6671,#246BFD",0.0,checked
333_cmll_112,112,checked,"F' U' F U r U R'
l U L' U' R' U L U'
R U R' U' R' F R F'
B U B' U' B' R B R'
U' L' U R' U' L U L
l' f' B2 U B' U' B' R B R'",R U' r' U' F' U F,3_cmll,CMLL,333,,,"#FF8A06,#5D6671,#43FF43,#FFFF49,#43FF43,#5D6671,#FFFF49,#FF4343,#5D6671,#5D6671,#5D6671,#5D6671,#5D6671,#246BFD,#FFFF49,#5D6671,#246BFD,#FF8A06,#FF4343,#5D6671,#FFFF49",0.0,checked
333_cmll_100,100,checked,"F' U L F R' F2 D L' F2 R
R B2 L' D B2 R' B L U B'
R U2 R' U2 R' F R2 U R' U' F'
R U2 R' U2 R' F R2 U R' d' L'
F' L F L' U2 L' U L U' L' U2 L
F U R U' R' F' R U' L' U R' U' L
l F' L' F l' U' L2 U L' U L U2 L'
M U' L U R' U2 L' U L U' L' U2 L
R U' L' U R' U' L U R' U2 R U R' U R",R' F2 L D' F2 R F' L' U' F,3_cmll,CMLL,333,,,"#FFFF49,#5D6671,#FFFF49,#246BFD,#FF4343,#5D6671,#43FF43,#FF8A06,#5D6671,#5D6671,#5D6671,#5D6671,#5D6671,#FFFF49,#43FF43,#5D6671,#FF8A06,#FFFF49,#FF4343,#5D6671,#246BFD",0.0,checked
333_cmll_136,136,checked,"F2 R U' R' U R U R2 F' R F'
F U2 l' U R U' R' U' R l U R' U
R' U' R U' R' U2 R2 U R' U R U2 R'
L' U2 L U L' U L R U2 R' U' R U' R'
R U R' U R U2 R' U R U2 R' U' R U' R'",F R' F R2 U' R' U' R U R' F2,3_cmll,CMLL,333,,,"#FFFF49,#5D6671,#FF8A06,#FF8A06,#246BFD,#5D6671,#FFFF49,#43FF43,#5D6671,#5D6671,#5D6671,#5D6671,#5D6671,#FF4343,#246BFD,#5D6671,#FFFF49,#43FF43,#FFFF49,#5D6671,#FF4343",0.0,checked
333_cmll_110,110,checked,"R' U2 L U' R U L' U R' U R
R' U2 R B' R B R' U R' U R
L' U2 R U' L U R' U L' U L
R U B U' B' U R' U R U2 R'",R' U' R U' L U' R' U L' U2 R,3_cmll,CMLL,333,,,"#FF4343,#5D6671,#FFFF49,#43FF43,#FFFF49,#5D6671,#43FF43,#FF8A06,#5D6671,#5D6671,#5D6671,#5D6671,#5D6671,#FF4343,#246BFD,#5D6671,#FF8A06,#FFFF49,#FFFF49,#5D6671,#246BFD",0.0,checked
333_cmll_139,139,checked,"R U2 R' U2 R' U2 R' U2 R
R U2 R' U' R U R' U' R U' R'
R U R' U R U' R' U R U2 R'",R' U2 R U2 R U2 R U2 R',3_cmll,CMLL,333,,,"#FF8A06,#5D6671,#FF4343,#FFFF49,#43FF43,#5D6671,#43FF43,#FFFF49,#5D6671,#5D6671,#5D6671,#5D6671,#5D6671,#FFFF49,#246BFD,#5D6671,#246BFD,#FFFF49,#FF8A06,#5D6671,#FF4343",0.0,checked
333_cmll_102,102,checked,"L' U2 L U2 L F' L2 U' L U F
F R' F' R U2 R U' R' U R U2 R'
L' U R U' L U R2 U' R U' R' U2 R
r' F R F' r U R2 U' R U' R' U2 R
L' U R U' L U R' U R U2 R' U' R U' R'",F' U' L' U L2 F L' U2 L' U2 L,3_cmll,CMLL,333,,,"#246BFD,#5D6671,#FF4343,#FFFF49,#FF8A06,#5D6671,#43FF43,#FFFF49,#5D6671,#5D6671,#5D6671,#5D6671,#5D6671,#FF4343,#246BFD,#5D6671,#FF8A06,#43FF43,#FFFF49,#5D6671,#FFFF49",0.0,checked
333_cmll_103,103,checked,"R' U2 R2 U R2 U R2 U2 R'
F U R U' R' U R U' R' F'
R U' F U2 F' r' L' U l R U' R'",R U2 R2 U' R2 U' R2 U2 R,3_cmll,CMLL,333,,,"#43FF43,#5D6671,#246BFD,#FFFF49,#FF4343,#5D6671,#FF4343,#FFFF49,#5D6671,#5D6671,#5D6671,#5D6671,#5D6671,#FF8A06,#43FF43,#5D6671,#246BFD,#FF8A06,#FFFF49,#5D6671,#FFFF49",0.0,checked
333_cmll_137,137,checked,"l' U l y l' U' L' U l
F' L F R' F' L' F R
R U L U' R' U L' U'
D R U R' D' R U' R'
U' L U r' U' L' U L
B L F L' B' L F' L'
r U R U' r' F R' F'
F R B R' F' R B' R'
R' F R B' R' F' R B
R' U R D' R' U' R D",l' U' L U l y' l' U' l,3_cmll,CMLL,333,,,"#FF4343,#5D6671,#FFFF49,#43FF43,#FFFF49,#5D6671,#246BFD,#FF4343,#5D6671,#5D6671,#5D6671,#5D6671,#5D6671,#FF8A06,#FFFF49,#5D6671,#FF8A06,#43FF43,#246BFD,#5D6671,#FFFF49",0.0,checked
333_cmll_123,123,checked,"F2 R' U' R2 F2 E R2 D B R2
r' U2 l2 x U2 r' U2 r U2 x' l2 U2 r
F U R U' R' U R U' R' U R U' R' F'",R2 B' D' R2 E' F2 R2 U R F2,3_cmll,CMLL,333,,,"#43FF43,#5D6671,#43FF43,#FFFF49,#FF4343,#5D6671,#FF8A06,#FFFF49,#5D6671,#5D6671,#5D6671,#5D6671,#5D6671,#FFFF49,#FF4343,#5D6671,#FF8A06,#FFFF49,#246BFD,#5D6671,#246BFD",0.0,checked
333_coll_8,8,checked,"F U2 F' R' U F U F' U' R
L U2 L' F' U L U L' U' F
R' U F U' F' U' R F U2 F'
F U' R' U R U F' R' U2 R
L U' F' U F U L' F' U2 F
F' U L U' L' U' F L U2 L'
F' U2 F L U' F' U' F U L'
R' U2 R F U' R' U' R U F'
R U2 R' y' L' d L U L' d' L
L' U2 L y R d' R' U' R d R'",R' U F U' F' U' R F U2 F',3_coll,COLL,333,,,"#FFFF49,#5D6671,#FFFF49,#43FF43,#FF8A06,#FFFF49,#FF8A06,#246BFD,#5D6671,#FFFF49,#FFFF49,#FFFF49,#5D6671,#FF4343,#FFFF49,#FFFF49,#FFFF49,#FF4343,#43FF43,#5D6671,#246BFD",0.0,checked
333_coll_26,26,checked,"R U2 R' y' F U' R2 U' R2 U R2 F'
L' U2 L R' U F2 U F2 U' F2 R
L' U2 L R' y' U R2 U R2 U' y F2 R
L U2 R L' U' B2 U' B2 U B2 R'
r' F2 M' U F2 U F2 U' F2 R
R U2 R' L y' U' R2 U' R2 U R2 F'
L' U2 R' y' F U R2 U R2 U' y F2 R
L U2 L' R U' B2 U' B2 U B2 R'
L' U2 R' L U F2 U F2 U' F2 R
L' U2 L R' U F2 U F2 U' F2 R",F R2 U' R2 U R2 U F' y R U2 R',3_coll,COLL,333,,,"#43FF43,#5D6671,#FFFF49,#FFFF49,#FF4343,#FFFF49,#FF8A06,#246BFD,#5D6671,#FFFF49,#FFFF49,#FFFF49,#5D6671,#FFFF49,#FF8A06,#FFFF49,#FF4343,#246BFD,#43FF43,#5D6671,#FFFF49",0.0,checked
333_coll_1,1,checked,"B' U2 B2 L' B' L B' U R' U R B
B U L' B D' B D B2 L2 U' L' B'
B U2 B2 R B R' B U' L U' L' B'
L2 B2 L' F' L B2 L2 B L F L' B'
B' L F2 R2 F D' F' D R2 F2 L' B
B R' F2 L2 F' D F D' L2 F2 R B'
L2 U' F' U F2 D' L2 D L2 F' U L2
F U R' F R F2 U F U' R U' R' F'
R' U' F R' F' R2 U' R' U F' U F R
r d R U R' d R' F R' F' R2 U R'",B' R' U' R U' B L' B L B2 U2 B,3_coll,COLL,333,,,"#FF8A06,#5D6671,#FF4343,#FFFF49,#43FF43,#FFFF49,#43FF43,#FFFF49,#5D6671,#FFFF49,#FFFF49,#FFFF49,#5D6671,#FF8A06,#FFFF49,#FFFF49,#FFFF49,#FF4343,#246BFD,#5D6671,#246BFD",0.0,checked
333_coll_6,6,checked,"l' U l y l' U' L' U l
B L F L' B' L F' L'
F' L F l' U' L' U l
R U L U' R' U L' U'
r U R U' L' U R' U'
F' r U R' U' r' F R
r U R U' r' F R' F'
F R B R' F' R B' R'
R' U R D' R' U' R D
D R U R' D' R U' R'",l' U' L U l y' l' U' l,3_coll,COLL,333,,,"#43FF43,#5D6671,#FF8A06,#FFFF49,#FF4343,#FFFF49,#246BFD,#FFFF49,#5D6671,#FFFF49,#FFFF49,#FFFF49,#5D6671,#43FF43,#FFFF49,#FFFF49,#FFFF49,#FF4343,#FF8A06,#5D6671,#246BFD",0.0,checked
333_coll_42,42,checked,"r2 F U2 R' U R y' U R' z F' R U R' F'
F2 D R2 B' R B R D' F' R U R' F'
d2 L y' R2 z' R' U R x' y' R D' F' R U R' F'
R2 D B2 L' B L B D' R' B U B' R'
R U R' B2 R U' R' y U' R2 U R2 U R2
F' U' F L2 F' U F U L2 U' L2 U' L2
R2 U R2 U R2 y U' R' U' R F2 R' U R
B2 U' B2 U' B2 U R U R' B2 R U' R'
R U R' B2 R U' R' d' R2 U R2 U R2
R2 U R2 U R2 d' R' U' R F2 R' U R",F R U' R' F z' R U' y R' U' R U2 F' r2,3_coll,COLL,333,,,"#FF4343,#5D6671,#FF8A06,#43FF43,#FFFF49,#FFFF49,#FFFF49,#43FF43,#5D6671,#FFFF49,#FFFF49,#FFFF49,#5D6671,#246BFD,#FFFF49,#FFFF49,#FFFF49,#246BFD,#FF4343,#5D6671,#FF8A06",0.0,checked
333_coll_32,32,checked,"r' F R F' r U R'
B' U F U' B U F'
F' U B U' F U B'
L' U R U' L U R'
R' U L U' R U L'
r U R' U' L U R U' r2
R' F U' F' U R U' F U F'
R2 D' F D' L2 F' D2 R2 U B'
R2 U' R F R' U R U' F' U R
L' U2 L' B' L U L U' L' B U2 L",R U' r' F R' F' r,3_coll,COLL,333,,,"#FFFF49,#5D6671,#43FF43,#FF8A06,#246BFD,#FFFF49,#FF8A06,#FFFF49,#5D6671,#FFFF49,#FFFF49,#FFFF49,#5D6671,#FFFF49,#43FF43,#FFFF49,#FFFF49,#FF4343,#FF4343,#5D6671,#246BFD",0.0,checked
333_coll_36,36,checked,"L F' U2 F L' F' L U2 L' F
F R' U2 R F' R' F U2 F' R
F R' U2 R F' R' F U2 F' R
R B' U2 B R' B' R U2 R' B
L D2 R2 D L2 D' R2 D L2 D L'
L2 B2 R B L2 B' R' B L2 B L2
F' U2 F' R2 u' L F2 L' u R2 F2
L2 D2 F R' U2 R F' D2 r' U2 L'
L' U2 L' F2 D' R B2 R' D F2 L2
F2 L2 D B' R2 B D' L2 F' U2 F'",F' L U2 L' F L F' U2 F L',3_coll,COLL,333,,,"#246BFD,#5D6671,#FFFF49,#FFFF49,#FF8A06,#FFFF49,#FF4343,#43FF43,#5D6671,#FFFF49,#FFFF49,#FFFF49,#5D6671,#43FF43,#FFFF49,#FFFF49,#246BFD,#FFFF49,#FF8A06,#5D6671,#FF4343",0.0,checked
333_coll_7,7,checked,"B L U L' U B' R B' R' B2 U2 B'
B L U L2 B2 D' B' D B' L U' B'
B' R' U' R U' B L' B L B2 U2 B
l U L' U' R' U2 R2 U' L U R2 U2
F' L' B L F L2 F2 L B' L' F2 L2
F L' B2 R2 D B' D' B R2 B2 L F'
F' R B2 L2 D' B D B' L2 B2 R' F
B2 U' L2 D L' U' L2 D' L2 U L' B2
F R U R' U F' U' F2 R' F' R U' F'
R' F' U' F U' R U R2 F R F' U R",B U2 B2 R B R' B U' L U' L' B',3_coll,COLL,333,,,"#FFFF49,#5D6671,#FFFF49,#43FF43,#FF8A06,#FFFF49,#FF4343,#43FF43,#5D6671,#FFFF49,#FFFF49,#FFFF49,#5D6671,#FF8A06,#FFFF49,#FFFF49,#FFFF49,#FF4343,#246BFD,#5D6671,#246BFD",0.0,checked
333_coll_37,37,checked,"F U F' U B' U F U' B U2 F'
R U R' U r' F R F' r U2 R'
L U L' U R' U L U' R U2 L'
R U R' U L' U R U' L U2 R'
R' U2 L U' R U L' U R' U R
L' U2 l F' L F l' U L' U L
B' U2 F U' B U F' U B' U B
L' U2 R U' L U R' U L' U L
B2 U2 B' D' F R2 F' D B2 U' B
R' L' F' R B' R' B F L B' R B",F U2 B' U F' U' B U' F U' F',3_coll,COLL,333,,,"#FF8A06,#5D6671,#FFFF49,#FFFF49,#43FF43,#FFFF49,#FF8A06,#246BFD,#5D6671,#FFFF49,#FFFF49,#FFFF49,#5D6671,#FF4343,#FFFF49,#FFFF49,#246BFD,#FFFF49,#43FF43,#5D6671,#FF4343",0.0,checked
333_coll_3,3,checked,"l F' L F L' l' U2 L U L'
L' U R' U' R L U2 R' U' R
L' U L U2 R' L' U L U' R
R' U R U2 R' L' U R U' L
R U' R' U2 R L U' R' U L'
L U' L' U2 L R U' L' U R'
R U' L U R' L' U2 L U L'
R U' L U R' L' U2 L U L'
L' U R' U' L R U2 R' U' R
R U' L U L' R' U2 L U L'",L U' L' U2 l L F' L' F l',3_coll,COLL,333,,,"#43FF43,#5D6671,#43FF43,#FFFF49,#FF4343,#FFFF49,#FF8A06,#FFFF49,#5D6671,#FFFF49,#FFFF49,#FFFF49,#5D6671,#FF8A06,#FFFF49,#FFFF49,#FFFF49,#FF4343,#246BFD,#5D6671,#246BFD",0.0,checked
333_coll_2,2,checked,"R' U R2 D r' U2 r D' R2 U' R
L U' L2 D' l U2 l' D L2 U L'
R U' R2 D' r U2 r' D R2 U R'
R' U R2 D r' U2 L x D' R2 U' R
L U' L2 D' l U2 R' x D L2 U L'
R U' R2 D' L F2 L' D R2 U R'
L U' L2 D' R B2 R' D L2 U L'
R' U R2 D L' B2 L D' R2 U' R
R' U R2 D L' B2 L D' R2 U' R
L2 U' L U B' U2 L' U2 L B U' L",R' U R2 D r' U2 r D' R2 U' R,3_coll,COLL,333,,,"#FF8A06,#5D6671,#FF8A06,#FFFF49,#43FF43,#FFFF49,#246BFD,#FFFF49,#5D6671,#FFFF49,#FFFF49,#FFFF49,#5D6671,#FF4343,#FFFF49,#FFFF49,#FFFF49,#FF4343,#43FF43,#5D6671,#246BFD",0.0,checked
333_coll_22,22,checked,"r' F R F' r U' R' U' R U' R'
L U' R' U L' U R U R' U R
F' U B U' F U' B' U' B U' B'
B U' F' U B' U F U F' U F
B' U F U' B U' F' U' F U' F'
L' U R U' L U' R' U' R U' R'
F U' B' U F' U B U B' U B
R' U L U' R U' L' U' L U' L'
R U' R' U2 R L U' R2 U L' U' R
L U' L' U2 R L U' L2 U R' U' L",R U R' U R U r' F R' F' r,3_coll,COLL,333,,,"#FFFF49,#5D6671,#FFFF49,#43FF43,#FF8A06,#FFFF49,#FF4343,#43FF43,#5D6671,#FFFF49,#FFFF49,#FFFF49,#5D6671,#FF4343,#246BFD,#FFFF49,#246BFD,#FF8A06,#FFFF49,#5D6671,#FFFF49",0.0,checked
333_coll_4,4,checked,"F2 L2 F' R2 F L2 F' R2 F'
F2 R2 F L2 F' R2 F L2 F
L2 D2 L U2 L' D2 L U2 L
R2 D2 R' U2 R D2 R' U2 R'
F2 L2 F' R2 F L2 F' R2 F'
R2 D2 R U2 R' D2 R U2 l
F U2 F' R F R' U2 R F' R'
F R2 U' r' F R2 F' r U F'
B' U2 B R' B' R U2 R' B R
R' U2 R F' R' F U2 F' R F",F R2 F L2 F' R2 F L2 F2,3_coll,COLL,333,,,"#246BFD,#5D6671,#43FF43,#FFFF49,#FF8A06,#FFFF49,#FF8A06,#FFFF49,#5D6671,#FFFF49,#FFFF49,#FFFF49,#5D6671,#FF4343,#FFFF49,#FFFF49,#FFFF49,#FF4343,#43FF43,#5D6671,#246BFD",0.0,checked
333_coll_14,14,checked,"B' R' F R B R' F' R
R' F' L F R F' L' F
R B R' F R B' R' F'
R' F' r U R U' r' F
l' U' L U R U' L' U
D' R' U R D R' U' R
L' B' R B L B' R' B
L F L' B L F' L' B'
R U R' D R U' R' D'
F' L' B L F L' B' L",R' F R B' R' F' R B,3_coll,COLL,333,,,"#FF4343,#5D6671,#FFFF49,#43FF43,#FFFF49,#FFFF49,#43FF43,#FF8A06,#5D6671,#FFFF49,#FFFF49,#FFFF49,#5D6671,#FFFF49,#246BFD,#FFFF49,#FFFF49,#FF4343,#FF8A06,#5D6671,#246BFD",0.0,checked
333_coll_27,27,checked,"U L' U2 R U' R' U' L U' r U2 L'
r U R' U R z R U' l U2 R U2 R'
B L' B2 R B' R' B' L B' L U2 L'
L2 F' D' L2 B L' B' D L2 F U' L'
F' U' F U' R2 F' U2 F U2 F R2 F'
R' F2 R U2 R U2 R' F2 U' R U' R'
F' L2 F U2 F U2 F' L2 U' F U' F'
R' U' R U' B2 L' B2 L U2 L U2 L'
B L2 U F' D F U' F2 D' F2 L2 B'
R' F2 L2 D' L2 U' L D L' U F2 R",L U2 r' U L' U R U R' U2 L U',3_coll,COLL,333,,,"#246BFD,#5D6671,#FFFF49,#FFFF49,#FF8A06,#FFFF49,#43FF43,#FF8A06,#5D6671,#FFFF49,#FFFF49,#FFFF49,#5D6671,#FFFF49,#43FF43,#FFFF49,#FF4343,#246BFD,#FF4343,#5D6671,#FFFF49",0.0,checked
333_coll_41,41,checked,"R' L' U2 R U R' U2 L U' R
R' U L' U2 R U' R' U2 R L
R U' L U2 R' U R U2 R' L'
R' z U' R2 U R U' R2 z' R U' L
R L U2 L' U' L U2 R' U L'
B' U F' U2 B U' B' U2 B F
L R U2 L' U' L U2 R' U L'
L U' R U2 L' U L U2 L' R'
L' R' U2 L U L' U2 R U' L
B U' F U2 B' U B U2 B' F'",R' U L' U2 R U' R' U2 L R,3_coll,COLL,333,,,"#43FF43,#5D6671,#FF4343,#FF8A06,#FFFF49,#FFFF49,#FFFF49,#246BFD,#5D6671,#FFFF49,#FFFF49,#FFFF49,#5D6671,#FF8A06,#FFFF49,#FFFF49,#FFFF49,#43FF43,#246BFD,#5D6671,#FF4343",0.0,checked
333_coll_9,9,checked,"L' B2 L' F2 L B2 L' F2 L2
R' F2 R' B2 R F2 R' B2 R2
L' U2 L' D2 L U2 L' D2 L2
R' U2 R' D2 R U2 R' D2 R2
R B2 R F2 R' B2 R F2 R2
R U2 R D2 R' U2 R D2 R2
B U2 B D2 B' U2 B D2 B2
F' R' F U2 F' R F R' U2 R
U' R' U B2 U' R U R' x' U2 R
R F R' U2 R F' R' F U2 F'",L2 F2 L B2 L' F2 L B2 L,3_coll,COLL,333,,,"#FFFF49,#5D6671,#FFFF49,#FF8A06,#246BFD,#FFFF49,#43FF43,#FF8A06,#5D6671,#FFFF49,#FFFF49,#FFFF49,#5D6671,#FF4343,#FFFF49,#FFFF49,#FFFF49,#FF4343,#43FF43,#5D6671,#246BFD",0.0,checked
333_coll_24,24,checked,"L' F U L2 F' U F U' L2 U' F' L
R F' U' R2 U' F U F' R2 U F R'
R F' U' R2 F U' F' U R2 U F R'
F L' U' F2 U' L U L' F2 U L F'
L B' U' L2 B U' B' U L2 U B L'
F' R U F2 R' U R U' F2 U' R' F
F' R U F2 U R' U' R F2 U' R' F
R F' U' R2 U' F U F' R2 U F R'
R' B U R2 U B' U' B R2 U' B' R
R F' U' R2 y U' L U L' y' R2 U F R'",L' F U L2 U F' U' F L2 U' F' L,3_coll,COLL,333,,,"#FF8A06,#5D6671,#FFFF49,#FFFF49,#43FF43,#FFFF49,#FF8A06,#246BFD,#5D6671,#FFFF49,#FFFF49,#FFFF49,#5D6671,#FFFF49,#43FF43,#FFFF49,#FF4343,#246BFD,#FF4343,#5D6671,#FFFF49",0.0,checked
333_coll_39,39,checked,"R' U2 R U F R' U R U' F'
L' U2 L U B L' U L U' B'
F' U2 F U2 B U' F' U B' F
R' U2 R U2 L U' R' U R L'
L' U2 L U2 R U' L' U L R'
L' U2 L U2 R U' L' U R' L
F' U2 F U2 B U' F' U F B'
L' U2 L U2 R U' L' U M'
R' U2 R U2 L U' R' U x M
R U R' U R2 D R' U2 R D' R2",F U R' U' R F' U' R' U2 R,3_coll,COLL,333,,,"#43FF43,#5D6671,#FFFF49,#FFFF49,#FF4343,#FFFF49,#43FF43,#FF8A06,#5D6671,#FFFF49,#FFFF49,#FFFF49,#5D6671,#FF8A06,#FFFF49,#FFFF49,#246BFD,#FFFF49,#246BFD,#5D6671,#FF4343",0.0,checked
333_coll_11,11,checked,"R' U2 R' D' R U2 R' D R2
F' U2 F' D' F U2 F' D F2
L' U2 L' D' L U2 L' D L2
R' U2 R' D' R U2 R' D R2
R' D2 R' U' R D2 R' U l2
R' U2 R' D' L F2 L' D R2
L U L' U2 R U' L U R' U L'
R U R' U2 L U' R U L' U R'
R' U F U F' U' R U2 F U2 F'
R U' L U' R2 U L' U' R2 U2 R'",R2 D' R U2 R' D R U2 R,3_coll,COLL,333,,,"#FFFF49,#5D6671,#FFFF49,#FF8A06,#246BFD,#FFFF49,#FF4343,#43FF43,#5D6671,#FFFF49,#FFFF49,#FFFF49,#5D6671,#43FF43,#FFFF49,#FFFF49,#FFFF49,#FF4343,#FF8A06,#5D6671,#246BFD",0.0,checked
333_coll_34,34,checked,"F U R' U' R F' U' R' U2 R
R U B' U' B R' U' B' U2 B
R' L U' R U L' U2 R' U2 R
L' R U' L U R' U2 L' U2 L
B' F U' B U F' U2 B' U2 B
M F' L F l' U2 L' U2 L
M' U' R U L' U2 R' U2 R
M U' L U R' U2 L' U2 L
B2 D B' U2 B D' B2 U' B U' B'
R2 D R' U2 R D' R2 U' R U' R'",R' U2 R U F R' U R U' F',3_coll,COLL,333,,,"#FFFF49,#5D6671,#FF4343,#FF8A06,#246BFD,#FFFF49,#43FF43,#FFFF49,#5D6671,#FFFF49,#FFFF49,#FFFF49,#5D6671,#FFFF49,#FF8A06,#FFFF49,#FFFF49,#FF4343,#43FF43,#5D6671,#246BFD",0.0,checked
333_coll_29,29,checked,"B U2 B' U' B U' B'
F U2 F' U' F U' F'
l' U' L U' L' U2 l
r' U' R U' R' U2 r
F' U' F U' F' U2 F
R U2 R' U' R U' R'
R U2 R' U' R U' R'
L U2 L' U' L U' L'
R' U R2 U' R' U R' U'
R' U' R' U R' U' R2 U",B U B' U B U2 B',3_coll,COLL,333,,,"#FFFF49,#5D6671,#FF4343,#43FF43,#FF8A06,#FFFF49,#43FF43,#FFFF49,#5D6671,#FFFF49,#FFFF49,#FFFF49,#5D6671,#FFFF49,#246BFD,#FFFF49,#FFFF49,#FF4343,#FF8A06,#5D6671,#246BFD",0.0,checked
333_coll_20,20,checked,"B U2 B' U' B U B' U' B U' B'
R' U' R U' R' U R U' R' U2 R
l U2 L' U' L U L' U' L U' l'
R U R' U R U' R' U R U2 R'
L' U' L U' L' U L U' L' U2 L
R U R' U R U' R' U R U2 R'
F' U2 F U F' U' F U F' U F
L U L' U L U' L' U L U2 L'
R U2 R' U' R U R' U' R U' R'
L' U2 L U L' U' L U L' U L",B U B' U B U' B' U B U2 B',3_coll,COLL,333,,,"#FFFF49,#5D6671,#FFFF49,#FF4343,#43FF43,#FFFF49,#246BFD,#FF4343,#5D6671,#FFFF49,#FFFF49,#FFFF49,#5D6671,#FF8A06,#43FF43,#FFFF49,#246BFD,#FF8A06,#FFFF49,#5D6671,#FFFF49",0.0,checked
333_coll_30,30,checked,"L' B U2 B' L B L' U2 L B'
R' F U2 F' R F R' U2 R F'
R' D2 L2 D' R2 D L2 D' R2 D' R
L2 F2 L' F' R2 F L F' R2 F' L2
R' D2 r2 U' R2 U r2 D' R2 D' R
F U2 F L2 u R' F2 R u' L2 F2
R2 D2 F' L U2 L' F D2 l U2 R
F2 R2 D' B L2 B' D R2 F U2 F
R U2 R F2 D L' B2 L D' F2 R2
R' F U' F' U' R F U' R' U' R F'",B L' U2 L B' L' B U2 B' L,3_coll,COLL,333,,,"#FFFF49,#5D6671,#FF8A06,#FF4343,#43FF43,#FFFF49,#246BFD,#FFFF49,#5D6671,#FFFF49,#FFFF49,#FFFF49,#5D6671,#FFFF49,#FF8A06,#FFFF49,#FFFF49,#FF4343,#43FF43,#5D6671,#246BFD",0.0,checked
333_coll_17,17,checked,"R B L' B' R' B L B'
B L F' L' B' L F L'
B' R' B L' B' R B L
F R B' R' F' R B R'
L' B' L F' L' B L F
r U R' U' r' F R F'
U' L' U R' U' L U l
F' L' F R' F' L F R
R B L' B' R' B L B'
R' F' R B' R' F R B",B L' B' R B L B' R',3_coll,COLL,333,,,"#FF8A06,#5D6671,#FFFF49,#246BFD,#FFFF49,#FFFF49,#FF4343,#43FF43,#5D6671,#FFFF49,#FFFF49,#FFFF49,#5D6671,#FFFF49,#FF8A06,#FFFF49,#FFFF49,#FF4343,#43FF43,#5D6671,#246BFD",0.0,checked
333_coll_10,10,checked,"L' B' R B L B' R2 y' R' B L B' R B
U R' U' R U2 L U r' F U' R U R'
F' L F L' F2 R' F' R F' U L' U' L
B' R B R' B2 L' B' L B' U R' U' R
R' U' F2 D F' U F D' F2 R F U' F'
R' U' R F R2 D' R U R' D R2 U' F'
F' U' L2 D L' U L D' L2 F L U' L'
F U R2 D' R U' R' D R2 F' R' U R
L U F2 D' F U' F' D F2 L' F' U F
B' U' R2 D R' U R D' R2 B R U' R'",B' R' B L' B' R y R2 B L' B' R' B L,3_coll,COLL,333,,,"#FFFF49,#5D6671,#FFFF49,#FF4343,#43FF43,#FFFF49,#43FF43,#FF8A06,#5D6671,#FFFF49,#FFFF49,#FFFF49,#5D6671,#FF8A06,#FFFF49,#FFFF49,#FFFF49,#FF4343,#246BFD,#5D6671,#246BFD",0.0,checked
333_coll_35,35,checked,"F' U2 F U F' U F
L' U2 L U L' U L
R' U2 R U R' U R
L U L' U L U2 L'
F U F' U F U2 F'
R U R' U R U2 R'
R' U R U' R U R2 U'
R' U' R2 U R U' R U
R U R U' R U R2 U'
R U' R2 U R U' R U",F' U' F U' F' U2 F,3_coll,COLL,333,,,"#FF8A06,#5D6671,#FFFF49,#FFFF49,#43FF43,#FFFF49,#FF4343,#43FF43,#5D6671,#FFFF49,#FFFF49,#FFFF49,#5D6671,#FF8A06,#FFFF49,#FFFF49,#246BFD,#FFFF49,#246BFD,#5D6671,#FF4343",0.0,checked
333_coll_16,16,checked,"L2 D L' U2 L D' L' U2 L'
R2 D R' U2 R D' R' U2 R'
L2 D R' F2 R D' L' U2 L'
R' U2 R U F' R' F U F' R F
L' U R' U L U' R U2 L' U L
R' U L' U R U' L U2 R' U R
F2 D F' U F D' F2 U F U2 F'
L' U2 L2 U' R' U L2 U' R U' L
L2 D L' U L D' L2 U L U2 L'
R2 D R' U R D' R2 U R U2 R'",L U2 L D L' U2 L D' L2,3_coll,COLL,333,,,"#FF8A06,#5D6671,#FFFF49,#246BFD,#FFFF49,#FFFF49,#43FF43,#FF8A06,#5D6671,#FFFF49,#FFFF49,#FFFF49,#5D6671,#FFFF49,#43FF43,#FFFF49,#FFFF49,#FF4343,#FF4343,#5D6671,#246BFD",0.0,checked
333_coll_5,5,checked,"r U' r' y' r U R U' r'
r' U' R' U L U' z' U r
F R' F' r U R U' r'
R D' R' U R D R' U'
L' U' R' U L U' R U
B' R' F' R B R' F R
B' R' F' R B R' F R
B L' B' R B L B' R'
L F' L' B L F L' B'
U R' U' L U R U' r'",r U R' U' r' y r U r',3_coll,COLL,333,,,"#246BFD,#5D6671,#FF4343,#FFFF49,#FF8A06,#FFFF49,#43FF43,#FFFF49,#5D6671,#FFFF49,#FFFF49,#FFFF49,#5D6671,#43FF43,#FFFF49,#FFFF49,#FFFF49,#FF4343,#FF8A06,#5D6671,#246BFD",0.0,checked
333_coll_23,23,checked,"R U2 R2 U' R2 U' R2 U2 R
B' U2 B2 U B2 U B2 U2 B'
R' U2 R2 U R2 U R2 U2 R'
L U2 L2 U' L2 U' L2 U2 L
D' R2 D2 R D2 R D2 R2 z' R'
R' U2 R2 U R2 U R2 U2 R'
F U R U' R' F2 L' U' L U F
F' U' L' U L F2 R U R' U' F'
B' U' R' U R B2 L U L' U' B'
F L' D2 L F' U F L' D2 L F'",R' U2 R2 U R2 U R2 U2 R',3_coll,COLL,333,,,"#FF8A06,#5D6671,#FFFF49,#FFFF49,#43FF43,#FFFF49,#FF4343,#43FF43,#5D6671,#FFFF49,#FFFF49,#FFFF49,#5D6671,#FFFF49,#246BFD,#FFFF49,#FF4343,#246BFD,#FF8A06,#5D6671,#FFFF49",0.0,checked
333_coll_28,28,checked,"F' L F2 R' F R F L' F L' U2 L
F' L F2 R' F R F L' F L' U2 L
L2 B D L2 F' L F D' L2 B' U L
R U R' U F2 R U2 R' U2 R' F2 R
F R2 F' U2 F' U2 F R2 U F' U F
R U R' U F2 L F2 L' U2 L' U2 L
F U2 F' U2 F' L2 F L2 U B' U B
R B2 L2 D L2 U L' D' L U' B2 R'
F' L2 U' B D' B' U B2 D B2 L2 F
B U B' R' B U' F' U B' U F U R",L' U2 L F' L F' R' F' R F2 L' F,3_coll,COLL,333,,,"#43FF43,#5D6671,#FFFF49,#FFFF49,#FF4343,#FFFF49,#43FF43,#FF8A06,#5D6671,#FFFF49,#FFFF49,#FFFF49,#5D6671,#FFFF49,#246BFD,#FFFF49,#FF4343,#246BFD,#FF8A06,#5D6671,#FFFF49",0.0,checked
333_coll_33,33,checked,"R U2 R' U' B' R U' R' U B
F U2 F' U' R' F U' F' U R
R U2 R' U' f' U L' U' L f
F U2 F' U2 B' U F U' B F'
F U2 F' U2 B' U F U' F' B
L U2 L' U2 R' U L U' r' R
L U2 L' U2 R' U L U' R L'
R U2 R' U2 L' U R U' R' L
R U2 R' U2 L' U R U' M'
L U2 L' U2 R' U L U' x M",B' U' R U R' B U R U2 R',3_coll,COLL,333,,,"#FFFF49,#5D6671,#43FF43,#FF4343,#43FF43,#FFFF49,#FF8A06,#FFFF49,#5D6671,#FFFF49,#FFFF49,#FFFF49,#5D6671,#FFFF49,#246BFD,#FFFF49,#FFFF49,#FF4343,#FF8A06,#5D6671,#246BFD",0.0,checked
333_coll_12,12,checked,"R U2 R D R' U2 R D' R2
L U2 L D L' U2 L D' L2
R U2 R D R' U2 R D' R2
L U2 L D R' F2 R D' L2
F' R' F U' F' R F U' R' U2 R
R' U' R U2 L' U R' U' L U' R
R' U L' U R2 U' L U R2 U2 R
L' U R' U L2 U' R U L2 U2 L
R U2 R' U' R2 D R' U' R D' R2
F2 D F D2 B L2 B D' B2 D2 F",R2 D R' U2 R D' R' U2 R',3_coll,COLL,333,,,"#FFFF49,#5D6671,#FFFF49,#FF4343,#43FF43,#FFFF49,#FF8A06,#246BFD,#5D6671,#FFFF49,#FFFF49,#FFFF49,#5D6671,#43FF43,#FFFF49,#FFFF49,#FFFF49,#FF4343,#FF8A06,#5D6671,#246BFD",0.0,checked
333_coll_18,18,checked,"r U2 R' F R' F' R2 U2 r'
R' F2 L2 D' L' D L' F2 R
F R2 B2 D B D' B R2 F'
F R2 B' D B' D' B2 R2 F'
R' F2 L2 D' L' D L' F2 R
F' L2 B D' B D B2 L2 F
R B2 L' D L' D' L2 B2 R'
L' U2 R U' R' U2 L R U' R'
R' U' R L U2 R' U' R U2 L'
L' U2 R L U' L' U R' U2 L",r U2 R2 F R F' R U2 r',3_coll,COLL,333,,,"#43FF43,#5D6671,#FFFF49,#FF8A06,#FFFF49,#FFFF49,#FF8A06,#246BFD,#5D6671,#FFFF49,#FFFF49,#FFFF49,#5D6671,#FFFF49,#43FF43,#FFFF49,#FFFF49,#FF4343,#FF4343,#5D6671,#246BFD",0.0,checked
333_coll_31,31,checked,"R U2 r' F R' F' r U' R U' R'
R U2 L' U R' U' L U' R U' R'
R U2 r' F R' F' r U' R U' R'
R' U' R U' L U' R' U L' U2 R
F' U' F U' B U' F' U B' U2 F
B U2 F' U B' U' F U' B U' B'
L' U' L U' R U' L' U R' U2 L
B2 U2 B D F' L2 F D' B2 U B'
R L F L' B L B' F' R' B L' B'
F2 U' R' U' R U F' U2 R' U2 R F'",R U R' U r' F R F' r U2 R',3_coll,COLL,333,,,"#FFFF49,#5D6671,#FF8A06,#43FF43,#FF8A06,#FFFF49,#246BFD,#FFFF49,#5D6671,#FFFF49,#FFFF49,#FFFF49,#5D6671,#FFFF49,#43FF43,#FFFF49,#FFFF49,#FF4343,#FF4343,#5D6671,#246BFD",0.0,checked
333_coll_13,13,checked,"R F' D2 F R' U2 R F' D2 F R'
F' R D2 R' F U2 F' R D2 R' F
R F' D2 F R' U2 R F' D2 F R'
D2 x' l F' D2 F l' x D2 x' l F' D2 F l'
F' R L' U' L U R' U L' U' L U' F
R U2 R' L' U' L U' L' U2 L R U R'
R U2 L' R' U' L U' L' U2 L R U R'
R' F D' F2 L F' L' D F' R F2 U' F
F R B' R B' D L' D L D2 B2 R2 F'
D F2 U' R2 U R2 F' U F2 D' F2 U' F'",R F' D2 F R' U2 R F' D2 F R',3_coll,COLL,333,,,"#43FF43,#5D6671,#FFFF49,#FF8A06,#FFFF49,#FFFF49,#FF4343,#43FF43,#5D6671,#FFFF49,#FFFF49,#FFFF49,#5D6671,#FFFF49,#246BFD,#FFFF49,#FFFF49,#FF4343,#FF8A06,#5D6671,#246BFD",0.0,checked
333_coll_19,19,checked,"R' F2 R2 U2 R' F2 R U2 R2 F2 R
R B2 R2 U2 R B2 R' U2 R2 B2 R'
R U2 R2 F2 R U2 R' F2 R2 U2 l'
R B2 L2 D2 L D2 R' B2 L2 U2 L'
F2 R D2 R' F2 U2 F2 L B2 L' F2
R' F R' F' R2 U R' U' R y U' R U' R'
R' F R' F' R F' U2 F R' F R F' R
F R' F R F2 U' F U F' U L' U L
R' U' R U' B U' B' U B2 L' B' L B'
R U R' U F' U F U' F2 L F L' F",R' F2 R2 U2 R' F2 R U2 R2 F2 R,3_coll,COLL,333,,,"#FFFF49,#5D6671,#FFFF49,#FF4343,#43FF43,#FFFF49,#43FF43,#FF8A06,#5D6671,#FFFF49,#FFFF49,#FFFF49,#5D6671,#FF4343,#246BFD,#FFFF49,#246BFD,#FF8A06,#FFFF49,#5D6671,#FFFF49",0.0,checked
333_coll_21,21,checked,"L' B2 D L2 U' L2 D' R' L U2 R
B' R2 u R2 U' R2 D' x M U2 L
B L2 u' L2 U L2 D x M U2 R'
L F2 D2 R2 D' R2 D' F2 L2 U L
L' B2 D2 R2 D R2 D B2 L2 U' L'
F' L2 D2 B2 D B2 D L2 F2 U' F'
F U R' U F2 U' F2 U' R F2 U2 F
L U F' U L2 U' L2 U' F L2 U2 L
R U B' U R2 U' R2 U' B R2 U2 R
R' U' F U' R2 U R2 U F' R2 U2 R'",R' U2 L' R D L2 U L2 D' B2 L,3_coll,COLL,333,,,"#FFFF49,#5D6671,#FFFF49,#43FF43,#FF8A06,#FFFF49,#246BFD,#FF4343,#5D6671,#FFFF49,#FFFF49,#FFFF49,#5D6671,#43FF43,#FF4343,#FFFF49,#246BFD,#FF8A06,#FFFF49,#5D6671,#FFFF49",0.0,checked
333_coll_38,38,checked,"R U' r' F R' F' r
F U' B' U F' U' B
L U' R' U L' U' R
B U' F' U B' U' F
R U' L' U R' U' L
R U' L' U R' U' L
R F' L' F R' F' L F
F R' U R U' F' U R' U' R
r U' L' U R' U' L U R r'
L d' R2 y' D2 R y' R2 u R' u R2",r' F R F' r U R',3_coll,COLL,333,,,"#246BFD,#5D6671,#FFFF49,#FFFF49,#FF8A06,#FFFF49,#43FF43,#FF8A06,#5D6671,#FFFF49,#FFFF49,#FFFF49,#5D6671,#FF4343,#FFFF49,#FFFF49,#246BFD,#FFFF49,#43FF43,#5D6671,#FF4343",0.0,checked
333_coll_15,15,checked,"F2 D' F U2 F' D F U2 F
R2 D' R U2 R' D R U2 R
B2 D' B U2 B' D B U2 B
L2 D' L U2 L' D L U2 L
L2 D' R B2 R' D L U2 L
B2 D' F R2 F' D B U2 B
L U' R U' L' U R' U2 L U' L'
R U' L U' R' U L' U2 R U' R'
F U2 F' U2 R' U F U' F' U' R
R2 D' R U' R' D R2 U' R' U2 R",F' U2 F' D' F U2 F' D F2,3_coll,COLL,333,,,"#FF4343,#5D6671,#FFFF49,#43FF43,#FFFF49,#FFFF49,#FF8A06,#246BFD,#5D6671,#FFFF49,#FFFF49,#FFFF49,#5D6671,#FFFF49,#FF8A06,#FFFF49,#FFFF49,#FF4343,#43FF43,#5D6671,#246BFD",0.0,checked
333_coll_25,25,checked,"L' U' L U' L' U' R U' L U R'
L U L' U L U R' U L' U' R
r' F' r U' r' F' R F' r U R'
R' U' R U' R' U' L U' R U L'
R U R' U R U L' U R' U' L
L' U' L U' r' F' R F' r U R'
L' U R U' L2 U R' L' U2 L U L'
F R F' U2 F' U2 F R' U F' U F
L U' R' U L2 U' L R U2 L' U' L
L U' R' U L2 U' R L U2 L' U' L",R U' L' U R' U L U L' U L,3_coll,COLL,333,,,"#246BFD,#5D6671,#FFFF49,#FFFF49,#FF8A06,#FFFF49,#FF4343,#43FF43,#5D6671,#FFFF49,#FFFF49,#FFFF49,#5D6671,#FFFF49,#FF8A06,#FFFF49,#FF4343,#246BFD,#43FF43,#5D6671,#FFFF49",0.0,checked
333_coll_40,40,checked,"L' U' B U B' L U B U2 B'
L' U' B U B' L U B U2 B'
R' U' F U F' R U F U2 F'
r' R F R' F' r U2 R U2 R'
R L' U R' U' L U2 R U2 R'
B F' U B' U' F U2 B U2 B'
L' R U R' U' L U2 R U2 R'
M U R' U' L U2 R U2 R'
M F R' F' r U2 R U2 R'
L2 D' L U2 L' D L2 U L' U L",B U2 B' U' L' B U' B' U L,3_coll,COLL,333,,,"#43FF43,#5D6671,#FFFF49,#FFFF49,#FF4343,#FFFF49,#FF8A06,#246BFD,#5D6671,#FFFF49,#FFFF49,#FFFF49,#5D6671,#43FF43,#FFFF49,#FFFF49,#246BFD,#FFFF49,#FF8A06,#5D6671,#FF4343",0.0,checked
333_zbll-t_19,19,checked,"R2 U' R D R' U' R D' R U R2 U R2
B' U2 B U B' U B R' U2 R L U' R' U L' U2 R",R2 U' R2 U' R' D R' U R D' R' U R2,3_zbll_t,ZBLL-T,333,,,"#FF8A06,#FF4343,#FF8A06,#FFFF49,#43FF43,#FFFF49,#246BFD,#FFFF49,#246BFD,#FFFF49,#FFFF49,#FFFF49,#FF8A06,#FF4343,#FFFF49,#FFFF49,#FFFF49,#FF4343,#43FF43,#43FF43,#246BFD",0.0,checked
333_zbll-t_7,7,checked,"B2 R2 B' L' B R2 B2 R B L B' R'
B2 L2 B R B' L2 B2 L' B' R' B L
R2 U R2 U2 R' U' R U' R U' R U' R2 U2 R'",R B L' B' R' B2 R2 B' L B R2 B2,3_zbll_t,ZBLL-T,333,,,"#FF8A06,#246BFD,#FF4343,#FFFF49,#43FF43,#FFFF49,#43FF43,#FFFF49,#FF4343,#FFFF49,#FFFF49,#FFFF49,#FF8A06,#FF8A06,#FFFF49,#FFFF49,#FFFF49,#FF4343,#246BFD,#43FF43,#246BFD",0.0,checked
333_zbll-t_34,34,checked,"F U F' U R' F r U' r' R U2 R' F' R
F U F' U l' U L U' r' R U2 R' F' R
L' U' L D' U' L2 U2 L2 U' L2 U' L2 D L' U L
B U B2 U' B2 U' B2 U2 B2 U2 B' R' U L U' R U L'
B U2 B2 U2 B2 U B2 U B2 U' B' L U' R' U L' U' R",R' F R U2 R' r U r' F' R U' F U' F',3_zbll_t,ZBLL-T,333,,,"#43FF43,#246BFD,#43FF43,#FFFF49,#FF4343,#FFFF49,#FF8A06,#FFFF49,#FF4343,#FFFF49,#FFFF49,#FFFF49,#43FF43,#FF8A06,#FFFF49,#FFFF49,#FFFF49,#FF4343,#246BFD,#FF8A06,#246BFD",0.0,checked
333_zbll-t_9,9,checked,"F U2 F' U' F U' F' L U L' U L U2 L'
R U2 R' U' R U' R' U' R U R' U R U2 R'
R U' R' U2 R U R2 U2 R' U R2 U' R U2 R",L U2 L' U' L U' L' F U F' U F U2 F',3_zbll_t,ZBLL-T,333,,,"#FF8A06,#FF4343,#FF4343,#FFFF49,#43FF43,#FFFF49,#43FF43,#FFFF49,#FF8A06,#FFFF49,#FFFF49,#FFFF49,#246BFD,#FF8A06,#FFFF49,#FFFF49,#FFFF49,#FF4343,#246BFD,#43FF43,#246BFD",0.0,checked
333_zbll-t_29,29,checked,"L F U' F' U' L' U' L2 F' L' F L'
R U R2 F R F' R U' R' F' U F
B' U2 B U B' U B R' U L U' R U L'",L F' L F L2 U L U F U F' L',3_zbll_t,ZBLL-T,333,,,"#43FF43,#43FF43,#43FF43,#FFFF49,#FF4343,#FFFF49,#FF8A06,#FFFF49,#246BFD,#FFFF49,#FFFF49,#FFFF49,#FF4343,#FF8A06,#FFFF49,#FFFF49,#FFFF49,#FF4343,#246BFD,#FF8A06,#246BFD",0.0,checked
333_zbll-t_12,12,checked,"R' U' R U' R U2 R2 U' R2 U' R2 U R
L' U' L U' L U2 L2 U' L2 U' L2 U L
L' U' L B U B' U B U2 B' U L' U2 L
B U B' U B U2 B' L U2 L2 U' L2 U' L2 U2 L",R' U' R2 U R2 U R2 U2 R' U R' U R,3_zbll_t,ZBLL-T,333,,,"#FF8A06,#43FF43,#FF4343,#FFFF49,#43FF43,#FFFF49,#43FF43,#FFFF49,#FF4343,#FFFF49,#FFFF49,#FFFF49,#246BFD,#FF8A06,#FFFF49,#FFFF49,#FFFF49,#FF4343,#246BFD,#FF8A06,#246BFD",0.0,checked
333_zbll-t_58,58,checked,"R' F' U F U F' U2 F U R
F' L' U L U L' U2 L y U L
R U R' U' L' U2 R U2 R' U2 L",R' U' F' U2 F U' F' U' F R,3_zbll_t,ZBLL-T,333,,,"#246BFD,#246BFD,#FF4343,#FFFF49,#FF8A06,#FFFF49,#43FF43,#FFFF49,#FF4343,#FFFF49,#FFFF49,#FFFF49,#43FF43,#43FF43,#FFFF49,#FFFF49,#FFFF49,#FF4343,#FF8A06,#FF8A06,#246BFD",0.0,checked
333_zbll-t_2,2,checked,"F' R B2 L2 B D' B' D L2 B2 R' F
R' U' R U R' U R U2 R' U R U2 R' U' R
R U R' U R U2 R' U R U2 R' U' R U' R'",F' R B2 L2 D' B D B' L2 B2 R' F,3_zbll_t,ZBLL-T,333,,,"#FF8A06,#FF8A06,#FF4343,#FFFF49,#43FF43,#FFFF49,#43FF43,#FFFF49,#FF4343,#FFFF49,#FFFF49,#FFFF49,#43FF43,#FF8A06,#FFFF49,#FFFF49,#FFFF49,#FF4343,#246BFD,#246BFD,#246BFD",0.0,checked
333_zbll-t_1,1,checked,"R' D R2 U' B2 U B2 R' U R2 D' R2
B2 D B2 D' R2 U R' U' B2 U' B2 U R'
R' U2 R U R' U R L U2 L' U' L U' L'
L U2 L' U' L U' L' R' U2 R U R' U R
R U2 R' U' R U' R' L' U2 L U L' U L
B U2 B' U' B U' B' F' U2 F U F' U F
R U2 R' U' R U' R' U2 R' U2 R U R' U R
R' U2 R U R' U R U2 R U2 R' U' R U' R'
R' U2 R' U2 R U R' U R U2 R U2 R' U' R
R' U2 R' U2 R U R' U R U2 R U2 R' U' R",R2 D R2 U' R B2 U' B2 U R2 D' R,3_zbll_t,ZBLL-T,333,,,"#FF8A06,#43FF43,#FF4343,#FFFF49,#43FF43,#FFFF49,#43FF43,#FFFF49,#FF8A06,#FFFF49,#FFFF49,#FFFF49,#FF4343,#FF8A06,#FFFF49,#FFFF49,#FFFF49,#FF4343,#246BFD,#246BFD,#246BFD",0.0,checked
333_zbll-t_33,33,checked,"R' U' R U' R' U R F U' R' U2 R U F'
R' U' R U' R' U R U L U2 R' U2 R U2 L'
R' U2 R2 U2 R2 U' R2 U' R2 U F' L F R F' L' F",F U' R' U2 R U F' R' U' R U R' U R,3_zbll_t,ZBLL-T,333,,,"#43FF43,#FF8A06,#43FF43,#FFFF49,#FF4343,#FFFF49,#FF8A06,#FFFF49,#FF4343,#FFFF49,#FFFF49,#FFFF49,#246BFD,#FF8A06,#FFFF49,#FFFF49,#FFFF49,#FF4343,#246BFD,#43FF43,#246BFD",0.0,checked
333_zbll-t_44,44,checked,"R' U R U' u' R2 U' F' U2 F R2 u R'
R' U' R2 U' R2 U2 D R' U' R D' U R U' R
R' U2 R U R' U R' D R' U2 R D' R' U2 R'",R u' R2 F' U2 F U R2 u U R' U' R,3_zbll_t,ZBLL-T,333,,,"#246BFD,#FF8A06,#43FF43,#FFFF49,#FF8A06,#FFFF49,#FF8A06,#FFFF49,#246BFD,#FFFF49,#FFFF49,#FFFF49,#FF4343,#FF4343,#FFFF49,#FFFF49,#FFFF49,#FF4343,#43FF43,#43FF43,#246BFD",0.0,checked
333_zbll-t_26,26,checked,"R U' L U L' R' U2 L U L'
R U' R' U2 R L U' R' U L'",L U' L' U2 R L U' L' U R',3_zbll_t,ZBLL-T,333,,,"#43FF43,#FF4343,#43FF43,#FFFF49,#FF4343,#FFFF49,#FF8A06,#FFFF49,#FF8A06,#FFFF49,#FFFF49,#FFFF49,#43FF43,#FF8A06,#FFFF49,#FFFF49,#FFFF49,#FF4343,#246BFD,#246BFD,#246BFD",0.0,checked
333_zbll-t_63,63,checked,"R' D R' U R D' R' U R2 U' R2 U' R2
R2 U' R2 U R U f' U2 r' F2 r f R
L' D L' U2 L2 U' L2 U' L2 U L' D' L
R' D R' U2 R2 U' R2 U' R2 U R' D' R
R U R' U2 L U' R U' R' U R U2 L' R'
f U R U' R' f' R' U2 R y U2 F R' F' R
F R U R' U' F' R' F2 r U2 R U' r' F
F U R U2 R' U R2 D R' U R D' R2 F'",R2 U R2 U R2 U' R D R' U' R D' R,3_zbll_t,ZBLL-T,333,,,"#43FF43,#FF4343,#FF8A06,#FFFF49,#FF4343,#FFFF49,#246BFD,#FFFF49,#43FF43,#FFFF49,#FFFF49,#FFFF49,#FF8A06,#43FF43,#FFFF49,#FFFF49,#FFFF49,#FF4343,#FF8A06,#246BFD,#246BFD",0.0,checked
333_zbll-t_70,70,checked,"R' D U2 R' U2 R D' U R2 U R' U' R'
F R2 U' R2 U R U R' U R U2 R U R2 F'
R' F R U R U' R' F' U R U R' U R U' R'",R U R U' R2 U' D R' U2 R U2 D' R,3_zbll_t,ZBLL-T,333,,,"#43FF43,#FF4343,#FF8A06,#FFFF49,#FF4343,#FFFF49,#246BFD,#FFFF49,#246BFD,#FFFF49,#FFFF49,#FFFF49,#43FF43,#43FF43,#FFFF49,#FFFF49,#FFFF49,#FF4343,#FF8A06,#FF8A06,#246BFD",0.0,checked
333_zbll-t_56,56,checked,"L U L' F' U L U L' U' F L U2 L'
L' D U' L2 U' L U L U' L D' U2 L",L U2 L' F' U L U' L' U' F L U' L',3_zbll_t,ZBLL-T,333,,,"#246BFD,#246BFD,#FF4343,#FFFF49,#FF8A06,#FFFF49,#43FF43,#FFFF49,#FF8A06,#FFFF49,#FFFF49,#FFFF49,#FF4343,#43FF43,#FFFF49,#FFFF49,#FFFF49,#FF4343,#FF8A06,#43FF43,#246BFD",0.0,checked
333_zbll-t_3,3,checked,"L U L' U' L U' L' U2 L U' L' U2 L U L'
R' U' R U' R' U2 R U' R' U2 R U R' U R",L U' L' U2 L U L' U2 L U L' U L U' L',3_zbll_t,ZBLL-T,333,,,"#FF8A06,#FF4343,#FF4343,#FFFF49,#43FF43,#FFFF49,#43FF43,#FFFF49,#43FF43,#FFFF49,#FFFF49,#FFFF49,#FF8A06,#FF8A06,#FFFF49,#FFFF49,#FFFF49,#FF4343,#246BFD,#246BFD,#246BFD",0.0,checked
333_zbll-t_14,14,checked,"L2 U L' D' L U L' D L' U' L2 U' L2
R U2 R' U' R U' R' y R U2 x R' r' U R U' L U2 R'
B U2 B' U' B U' B' L U2 L' R' U L U' R U2 L'",L2 U L2 U L D' L U' L' D L U' L2,3_zbll_t,ZBLL-T,333,,,"#FF8A06,#FF4343,#FF8A06,#FFFF49,#43FF43,#FFFF49,#246BFD,#FFFF49,#FF8A06,#FFFF49,#FFFF49,#FFFF49,#43FF43,#FF4343,#FFFF49,#FFFF49,#FFFF49,#FF4343,#43FF43,#246BFD,#246BFD",0.0,checked
333_zbll-t_54,54,checked,"F R U R' U' R' F' R U2 R U2 R'
F L' U2 L U2 L F' L' U' L' U L
R U' R' U2 R U R' U F R U R' U' R' F' R",R U2 R' U2 R' F R U R U' R' F',3_zbll_t,ZBLL-T,333,,,"#246BFD,#246BFD,#FF4343,#FFFF49,#FF8A06,#FFFF49,#43FF43,#FFFF49,#43FF43,#FFFF49,#FFFF49,#FFFF49,#FF8A06,#43FF43,#FFFF49,#FFFF49,#FFFF49,#FF4343,#FF8A06,#FF4343,#246BFD",0.0,checked
333_zbll-t_24,24,checked,"R' U2 R' U2 R2 U R F R U R U' R' F' R2
R U2 R U2 R2 U' R' B' R' U' R' U R B R2
B2 R2 B' L' B R2 B' L B2 R B L' B' R' B L
F2 R2 F L F' R2 F L' F2 R' F' L F R F' L'",R2 F R U R' U' R' F' R' U' R2 U2 R U2 R,3_zbll_t,ZBLL-T,333,,,"#FF8A06,#FF4343,#FF8A06,#FFFF49,#43FF43,#FFFF49,#246BFD,#FFFF49,#43FF43,#FFFF49,#FFFF49,#FFFF49,#246BFD,#FF4343,#FFFF49,#FFFF49,#FFFF49,#FF4343,#43FF43,#FF8A06,#246BFD",0.0,checked
333_zbll-t_28,28,checked,"L' U' L2 F' L' F L' U L F U' F'
R' U' R2 y R' F' R F' U F R U' R'
R' F' U F U R U R2 F R F' R
r' F' r2 U' L' U r' d F R U' R'
B U2 B' U' B U' B' L U' R' U L' U' R
R U R' F R U' R' U R U R2 F' R U R U2 R'",F U F' L' U' L F' L F L2 U L,3_zbll_t,ZBLL-T,333,,,"#43FF43,#43FF43,#43FF43,#FFFF49,#FF4343,#FFFF49,#FF8A06,#FFFF49,#FF8A06,#FFFF49,#FFFF49,#FFFF49,#246BFD,#FF8A06,#FFFF49,#FFFF49,#FFFF49,#FF4343,#246BFD,#FF4343,#246BFD",0.0,checked
333_zbll-t_67,67,checked,L U R' U L' U' R U' L U L' U2 L U2 L',L U2 L' U2 L U' L' U R' U L U' R U' L',3_zbll_t,ZBLL-T,333,,,"#43FF43,#246BFD,#FF8A06,#FFFF49,#FF4343,#FFFF49,#246BFD,#FFFF49,#FF4343,#FFFF49,#FFFF49,#FFFF49,#FF8A06,#43FF43,#FFFF49,#FFFF49,#FFFF49,#FF4343,#FF8A06,#43FF43,#246BFD",0.0,checked
333_zbll-t_25,25,checked,L' U R' U' R L U2 R' U' R,R' U R U2 L' R' U R U' L,3_zbll_t,ZBLL-T,333,,,"#43FF43,#FF8A06,#43FF43,#FFFF49,#FF4343,#FFFF49,#FF8A06,#FFFF49,#43FF43,#FFFF49,#FFFF49,#FFFF49,#FF4343,#FF8A06,#FFFF49,#FFFF49,#FFFF49,#FF4343,#246BFD,#246BFD,#246BFD",0.0,checked
333_zbll-t_66,66,checked,"R' U' R U' R' U R U L U' R' U x M
R' U' R U' R' U2 R x U R U' L U R' U' r'",M' x' U' R U L' U' R' U' R U R' U R,3_zbll_t,ZBLL-T,333,,,"#43FF43,#43FF43,#FF8A06,#FFFF49,#FF4343,#FFFF49,#246BFD,#FFFF49,#246BFD,#FFFF49,#FFFF49,#FFFF49,#FF8A06,#43FF43,#FFFF49,#FFFF49,#FFFF49,#FF4343,#FF8A06,#FF4343,#246BFD",0.0,checked
333_zbll-t_11,11,checked,"R' U' F R' D R' D' R2 F2 U F R
l' F2 R2 U' R' U l' U F' U F R
R U' R U R U' R' U' R U2 R' U2 R' U R'
R' U2 R2 U R2 U R U' R U R' U' R U' R'",R' F' U' F2 R2 D R D' R F' U R,3_zbll_t,ZBLL-T,333,,,"#FF8A06,#246BFD,#FF4343,#FFFF49,#43FF43,#FFFF49,#43FF43,#FFFF49,#FF8A06,#FFFF49,#FFFF49,#FFFF49,#43FF43,#FF8A06,#FFFF49,#FFFF49,#FFFF49,#FF4343,#246BFD,#FF4343,#246BFD",0.0,checked
333_zbll-t_40,40,checked,"F' U2 R2 x U' R U' R' U2 R U' l U2 F
R U2 F R U R U' R U R2 U' F' U2 R'
L' R' U R U' L R' U' R U2 R U R2 U R2 U2 R'",F' U2 l' U R' U2 R U R' U x' R2 U2 F,3_zbll_t,ZBLL-T,333,,,"#246BFD,#FF8A06,#43FF43,#FFFF49,#FF8A06,#FFFF49,#FF8A06,#FFFF49,#43FF43,#FFFF49,#FFFF49,#FFFF49,#246BFD,#FF4343,#FFFF49,#FFFF49,#FFFF49,#FF4343,#43FF43,#FF4343,#246BFD",0.0,checked
333_zbll-t_51,51,checked,"L R U' R' U L' R U R' U R U' R'
L D' U2 L U2 L' D U' L2 U' L U L",R U R' U' R U' R' L U' R U R' L',3_zbll_t,ZBLL-T,333,,,"#246BFD,#43FF43,#FF4343,#FFFF49,#FF8A06,#FFFF49,#43FF43,#FFFF49,#FF4343,#FFFF49,#FFFF49,#FFFF49,#FF8A06,#43FF43,#FFFF49,#FFFF49,#FFFF49,#FF4343,#FF8A06,#246BFD,#246BFD",0.0,checked
333_zbll-t_27,27,checked,"F' L2 D2 R' B' R D2 L' F U' R' U L' U' R
F R2 D2 L B L' D2 R F' U L U' R U L'
U R D' U2 R2 U R U' R2 D R' U R U R' U'
R U L' R2 U2 R U R' U2 L U' R U R U' R'",R' U L U' R U F' L D2 R' B R D2 L2 F,3_zbll_t,ZBLL-T,333,,,"#43FF43,#43FF43,#43FF43,#FFFF49,#FF4343,#FFFF49,#FF8A06,#FFFF49,#FF4343,#FFFF49,#FFFF49,#FFFF49,#FF8A06,#FF8A06,#FFFF49,#FFFF49,#FFFF49,#FF4343,#246BFD,#246BFD,#246BFD",0.0,checked
333_zbll-t_41,41,checked,"R' U' R U' R' U R' U L U' R U x M
B L' B' R B L B' R2 U' R U' R' U2 R
R' U2 R U2 L' U L U2 R' U R U' L' U L",M' x' U' R' U L' U' R U' R U R' U R,3_zbll_t,ZBLL-T,333,,,"#246BFD,#246BFD,#43FF43,#FFFF49,#FF8A06,#FFFF49,#FF8A06,#FFFF49,#43FF43,#FFFF49,#FFFF49,#FFFF49,#FF4343,#FF4343,#FFFF49,#FFFF49,#FFFF49,#FF4343,#43FF43,#FF8A06,#246BFD",0.0,checked
333_zbll-t_47,47,checked,"L U L' F' U L U L' U' F U' L U' L'
L D' L U2 L' U L U' L' D L2 U2 L U2 L
R2 U' B' F R2 B F' U' F2 R' B2 R F2 R' B2 R'",L U L' U F' U L U' L' U' F L U' L',3_zbll_t,ZBLL-T,333,,,"#246BFD,#246BFD,#43FF43,#FFFF49,#FF8A06,#FFFF49,#FF8A06,#FFFF49,#FF8A06,#FFFF49,#FFFF49,#FFFF49,#43FF43,#FF4343,#FFFF49,#FFFF49,#FFFF49,#FF4343,#43FF43,#FF4343,#246BFD",0.0,checked
333_zbll-t_31,31,checked,"L U L' U L U' L' U' R' U2 L U2 L' U2 R
L U2 L2 U2 L2 U L2 U L2 U' F R' F' L' F R F'",R' U2 L U2 L' U2 R U L U L' U' L U' L',3_zbll_t,ZBLL-T,333,,,"#43FF43,#FF4343,#43FF43,#FFFF49,#FF4343,#FFFF49,#FF8A06,#FFFF49,#246BFD,#FFFF49,#FFFF49,#FFFF49,#FF8A06,#FF8A06,#FFFF49,#FFFF49,#FFFF49,#FF4343,#246BFD,#43FF43,#246BFD",0.0,checked
333_zbll-t_13,13,checked,"L2 U' L U L2 F2 R U' R' F2 D' L D
L' U2 L U2 R U R' U R U L' U R' U2 L
L' U2 L U L' U L2 U2 L' R' U L U' R U2 L'
R' U2 R U R' U R2 U2 R' L' U R U' L U2 R'
R' U2 R U R' U R2 U2 x R' r' U R U' L U2 R'",D' L' D F2 R U R' F2 L2 U' L' U L2,3_zbll_t,ZBLL-T,333,,,"#FF8A06,#FF8A06,#FF8A06,#FFFF49,#43FF43,#FFFF49,#246BFD,#FFFF49,#43FF43,#FFFF49,#FFFF49,#FFFF49,#FF4343,#FF4343,#FFFF49,#FFFF49,#FFFF49,#FF4343,#43FF43,#246BFD,#246BFD",0.0,checked
333_zbll-t_18,18,checked,"R2 U R U2 R' U R D' R U2 R' D U' R
F' U L2 U' L U' L' U2 L2 U L' U2 L F
R' U' R U' R' U2 R2 U R' U L' U R U' L U2 R'",R' U D' R U2 R' D R' U' R U2 R' U' R2,3_zbll_t,ZBLL-T,333,,,"#FF8A06,#246BFD,#FF8A06,#FFFF49,#43FF43,#FFFF49,#246BFD,#FFFF49,#43FF43,#FFFF49,#FFFF49,#FFFF49,#FF8A06,#FF4343,#FFFF49,#FFFF49,#FFFF49,#FF4343,#43FF43,#FF4343,#246BFD",0.0,checked
333_zbll-t_45,45,checked,R' B' U R U R' U2 R U R' B R,R' B' R U' R' U2 R U' R' U' B R,3_zbll_t,ZBLL-T,333,,,"#246BFD,#FF4343,#43FF43,#FFFF49,#FF8A06,#FFFF49,#FF8A06,#FFFF49,#FF8A06,#FFFF49,#FFFF49,#FFFF49,#246BFD,#FF4343,#FFFF49,#FFFF49,#FFFF49,#FF4343,#43FF43,#43FF43,#246BFD",0.0,checked
333_zbll-t_55,55,checked,"L U L' U L U' L' U' R' U L U' x M
L U L' U L U2 L' x U' L' U R' U' L U l
R U R' U R' F' R U R U' R' F R U R' U' R U2 R'",M' x' U L' U' R U L U L' U' L U' L',3_zbll_t,ZBLL-T,333,,,"#246BFD,#FF4343,#FF4343,#FFFF49,#FF8A06,#FFFF49,#43FF43,#FFFF49,#246BFD,#FFFF49,#FFFF49,#FFFF49,#FF8A06,#43FF43,#FFFF49,#FFFF49,#FFFF49,#FF4343,#FF8A06,#43FF43,#246BFD",0.0,checked
333_zbll-t_39,39,checked,"L B U' L' U' L U2 L' U' L B' L'
R B' R' F R B R' F' R U2 R' U' R U' R'
R U' R' U' R U2 R' U2 R' D' R U' R' D R",L B L' U L U2 L' U L U B' L',3_zbll_t,ZBLL-T,333,,,"#246BFD,#FF4343,#43FF43,#FFFF49,#FF8A06,#FFFF49,#FF8A06,#FFFF49,#43FF43,#FFFF49,#FFFF49,#FFFF49,#FF8A06,#FF4343,#FFFF49,#FFFF49,#FFFF49,#FF4343,#43FF43,#246BFD,#246BFD",0.0,checked
333_zbll-t_50,50,checked,R U' R' U2 L R U' R' U' L' U' L U' L',L U L' U L U R U R' L' U2 R U R',3_zbll_t,ZBLL-T,333,,,"#246BFD,#FF4343,#FF4343,#FFFF49,#FF8A06,#FFFF49,#43FF43,#FFFF49,#FF8A06,#FFFF49,#FFFF49,#FFFF49,#43FF43,#43FF43,#FFFF49,#FFFF49,#FFFF49,#FF4343,#FF8A06,#246BFD,#246BFD",0.0,checked
333_zbll-t_32,32,checked,"B r2 U2 R B R' U2 r U' r
l' U l' U2 r U' r' U2 x R2 z' l'
F' r2 U2 R' F' R U2 r' U r'
B r2 U2 l U l' U2 r U' r
R B2 D2 F L F' D2 B R' B
L' B L' D2 R F' R' D2 L2 B'
R' F2 D2 B' L' B D2 F' R F'
B L2 D2 R F R' D2 L B' L
F R2 D2 r z L x' F' D2 B R' B
B L2 D2 R F R' D2 x' L U' L",r' U r' U2 R B' R' U2 r2 B',3_zbll_t,ZBLL-T,333,,,"#43FF43,#246BFD,#43FF43,#FFFF49,#FF4343,#FFFF49,#FF8A06,#FFFF49,#FF8A06,#FFFF49,#FFFF49,#FFFF49,#FF4343,#FF8A06,#FFFF49,#FFFF49,#FFFF49,#FF4343,#246BFD,#43FF43,#246BFD",0.0,checked
333_zbll-t_20,20,checked,"R' U R2 D r' U2 r D' R2 U' R
L' U L2 u F' L2 F u' L2 U' L
R' U R2 D L' B2 L D' R2 U' R
R U2 L' U L U2 R' L' U' L U L' U L
R U R2 U' R2 U' R2 U2 R L' U R U' L U2 R'",R' U R2 D r' U2 r D' R2 U' R,3_zbll_t,ZBLL-T,333,,,"#FF8A06,#246BFD,#FF8A06,#FFFF49,#43FF43,#FFFF49,#246BFD,#FFFF49,#FF8A06,#FFFF49,#FFFF49,#FFFF49,#FF4343,#FF4343,#FFFF49,#FFFF49,#FFFF49,#FF4343,#43FF43,#43FF43,#246BFD",0.0,checked
333_zbll-t_71,71,checked,"M U2 F U2 F' U2 R' F' r
B F' L2 U L2 U' L2 y' L' U' R",r' F R U2 F U2 F' U2 M',3_zbll_t,ZBLL-T,333,,,"#43FF43,#246BFD,#FF8A06,#FFFF49,#FF4343,#FFFF49,#246BFD,#FFFF49,#FF8A06,#FFFF49,#FFFF49,#FFFF49,#43FF43,#43FF43,#FFFF49,#FFFF49,#FFFF49,#FF4343,#FF8A06,#FF4343,#246BFD",0.0,checked
333_zbll-t_53,53,checked,"R D' R U2 R2 U R2 U R2 U' R D R'
F' U' L' U2 L U' L2 D' L U' L' D L2 F",R D' R' U R2 U' R2 U' R2 U2 R' D R',3_zbll_t,ZBLL-T,333,,,"#246BFD,#43FF43,#FF4343,#FFFF49,#FF8A06,#FFFF49,#43FF43,#FFFF49,#246BFD,#FFFF49,#FFFF49,#FFFF49,#FF4343,#43FF43,#FFFF49,#FFFF49,#FFFF49,#FF4343,#FF8A06,#FF8A06,#246BFD",0.0,checked
333_zbll-t_72,72,checked,L' U L U2 R' L' U L U R U R' U R,R' U' R U' R' U' L' U' L R U2 L' U' L,3_zbll_t,ZBLL-T,333,,,"#43FF43,#43FF43,#FF8A06,#FFFF49,#FF4343,#FFFF49,#246BFD,#FFFF49,#FF4343,#FFFF49,#FFFF49,#FFFF49,#246BFD,#43FF43,#FFFF49,#FFFF49,#FFFF49,#FF4343,#FF8A06,#FF8A06,#246BFD",0.0,checked
333_zbll-t_49,49,checked,"r U R2 U' r' y U R U' r R' U2 r'
R2 D r' U2 r R' U' R D' R' U' R'
L U L' U' L F2 L' U2 L U2 L F2 L2
L D' L U L' D U' L' U L' U' L' U L",r U2 R r' U R' U' y' r U R2 U' r',3_zbll_t,ZBLL-T,333,,,"#246BFD,#FF8A06,#FF4343,#FFFF49,#FF8A06,#FFFF49,#43FF43,#FFFF49,#43FF43,#FFFF49,#FFFF49,#FFFF49,#FF4343,#43FF43,#FFFF49,#FFFF49,#FFFF49,#FF4343,#FF8A06,#246BFD,#246BFD",0.0,checked
333_zbll-t_62,62,checked,"F R U' R' U' R U2 R' y' U' R'
F R U' R' U' R U2 R' y' U' R'
L F U' F' U' F U2 F' U' L'
F R U' R' U' R U2 R' U' F'
L' U' L U R U2 L' U2 L U2 R'",R U y R U2 R' U R U R' F',3_zbll_t,ZBLL-T,333,,,"#43FF43,#FF8A06,#FF8A06,#FFFF49,#FF4343,#FFFF49,#246BFD,#FFFF49,#FF4343,#FFFF49,#FFFF49,#FFFF49,#43FF43,#43FF43,#FFFF49,#FFFF49,#FFFF49,#FF4343,#FF8A06,#246BFD,#246BFD",0.0,checked
333_zbll-t_6,6,checked,"L U L' U L' U2 L2 U L2 U L2 U' L'
R U R' U R' U2 R2 U R2 U R2 U' R'
R U R' B' U' B U' B' U2 B U' R U2 R'
F' U' F U' F' U2 F L' U2 L2 U L2 U L2 U2 L'",L U L2 U' L2 U' L2 U2 L U' L U' L',3_zbll_t,ZBLL-T,333,,,"#FF8A06,#43FF43,#FF4343,#FFFF49,#43FF43,#FFFF49,#43FF43,#FFFF49,#246BFD,#FFFF49,#FFFF49,#FFFF49,#FF8A06,#FF8A06,#FFFF49,#FFFF49,#FFFF49,#FF4343,#246BFD,#FF4343,#246BFD",0.0,checked
333_zbll-t_10,10,checked,"L U L' U L U2 L2 U' L U' L' U2 L
R U R' U R U2 R2 U' R U' R' U2 R",L' U2 L U L' U L2 U2 L' U' L U' L',3_zbll_t,ZBLL-T,333,,,"#FF8A06,#FF4343,#FF4343,#FFFF49,#43FF43,#FFFF49,#43FF43,#FFFF49,#246BFD,#FFFF49,#FFFF49,#FFFF49,#43FF43,#FF8A06,#FFFF49,#FFFF49,#FFFF49,#FF4343,#246BFD,#FF8A06,#246BFD",0.0,checked
333_zbll-t_42,42,checked,"R' U' R F U' R' U' R U F' U R' U R
R' D R' U2 R U' R' U R D' R2 U2 R' U2 R'
R2 U F B' R2 F' B U B2 R F2 R' B2 R F2 R",R' U' R U' F U' R' U R U F' R' U R,3_zbll_t,ZBLL-T,333,,,"#246BFD,#43FF43,#43FF43,#FFFF49,#FF8A06,#FFFF49,#FF8A06,#FFFF49,#246BFD,#FFFF49,#FFFF49,#FFFF49,#FF8A06,#FF4343,#FFFF49,#FFFF49,#FFFF49,#FF4343,#43FF43,#FF4343,#246BFD",0.0,checked
333_zbll-t_4,4,checked,R' U' R U' R' U2 R2 U R' U R U2 R',R U2 R' U' R U' R2 U2 R U R' U R,3_zbll_t,ZBLL-T,333,,,"#FF8A06,#FF8A06,#FF4343,#FFFF49,#43FF43,#FFFF49,#43FF43,#FFFF49,#43FF43,#FFFF49,#FFFF49,#FFFF49,#246BFD,#FF8A06,#FFFF49,#FFFF49,#FFFF49,#FF4343,#246BFD,#FF4343,#246BFD",0.0,checked
333_zbll-t_15,15,checked,"L U' L2 D' l U2 l' D L2 U L'
R U' R2 u' F R2 F' u R2 U R'
R U' R2 D' L F2 L' D R2 U R'
R' U' R2 U R2 U R2 U2 R' L U' R' U L' U2 R
L U L' U L U2 L' R' U2 R L U' R' U L' U2 R",L U' L2 D' l U2 l' D L2 U L',3_zbll_t,ZBLL-T,333,,,"#FF8A06,#43FF43,#FF8A06,#FFFF49,#43FF43,#FFFF49,#246BFD,#FFFF49,#FF4343,#FFFF49,#FFFF49,#FFFF49,#FF8A06,#FF4343,#FFFF49,#FFFF49,#FFFF49,#FF4343,#43FF43,#246BFD,#246BFD",0.0,checked
333_zbll-t_35,35,checked,"F' U2 R' u' R U' R' u U' R F U' R' U' R
L' R2 U R' U' x' M' U2 R' U' R2 U R' U' R2
R B L' B' R' B L B L2 B R B' L2 B R' B
L' B' R B L B' R' B' L2 B R B' L2 B R' B
F R U' R' U' R U2 R' U' F' R' U' R U' R' U2 R",R' U R U F' R' U u' R U R' u R U2 F,3_zbll_t,ZBLL-T,333,,,"#43FF43,#FF8A06,#43FF43,#FFFF49,#FF4343,#FFFF49,#FF8A06,#FFFF49,#246BFD,#FFFF49,#FFFF49,#FFFF49,#43FF43,#FF8A06,#FFFF49,#FFFF49,#FFFF49,#FF4343,#246BFD,#FF4343,#246BFD",0.0,checked
333_zbll-t_16,16,checked,"L2 U' L' U2 L U' L' D L' U2 L D' U L'
F U' R2 U R' U R U2 R2 U' R U2 R' F'
R U R' U R U2 R2 U' R U' L U' R' U L' U2 R",L U' D L' U2 L D' L U L' U2 L U L2,3_zbll_t,ZBLL-T,333,,,"#FF8A06,#43FF43,#FF8A06,#FFFF49,#43FF43,#FFFF49,#246BFD,#FFFF49,#FF8A06,#FFFF49,#FFFF49,#FFFF49,#246BFD,#FF4343,#FFFF49,#FFFF49,#FFFF49,#FF4343,#43FF43,#FF4343,#246BFD",0.0,checked
333_zbll-t_68,68,checked,F' R U2 R' U2 R' F R U R U' R',R U R' U' R' F' R U2 R U2 R' F,3_zbll_t,ZBLL-T,333,,,"#43FF43,#FF8A06,#FF8A06,#FFFF49,#FF4343,#FFFF49,#246BFD,#FFFF49,#246BFD,#FFFF49,#FFFF49,#FFFF49,#FF4343,#43FF43,#FFFF49,#FFFF49,#FFFF49,#FF4343,#FF8A06,#43FF43,#246BFD",0.0,checked
333_zbll-t_46,46,checked,"F R U' R' U R U R' U R U' R' F'
R' U' R B U' L U L' U L U' L' B'
B' U' B U' B' U2 B L2 D' R B2 R' D L U2 L
B U B' U B U2 B' R2 D L' B2 L D' R' U2 R'",F R U R' U' R U' R' U' R U R' F',3_zbll_t,ZBLL-T,333,,,"#246BFD,#FF4343,#43FF43,#FFFF49,#FF8A06,#FFFF49,#FF8A06,#FFFF49,#246BFD,#FFFF49,#FFFF49,#FFFF49,#43FF43,#FF4343,#FFFF49,#FFFF49,#FFFF49,#FF4343,#43FF43,#FF8A06,#246BFD",0.0,checked
333_zbll-t_17,17,checked,"L2 U' L2 U' L' D L' U L D' L' U L2
L' U2 L R U' L' U R' U L U' L' U2 L",L2 U' L D L' U' L D' L U L2 U L2,3_zbll_t,ZBLL-T,333,,,"#FF8A06,#43FF43,#FF8A06,#FFFF49,#43FF43,#FFFF49,#246BFD,#FFFF49,#246BFD,#FFFF49,#FFFF49,#FFFF49,#FF4343,#FF4343,#FFFF49,#FFFF49,#FFFF49,#FF4343,#43FF43,#FF8A06,#246BFD",0.0,checked
333_zbll-t_69,69,checked,L' U R' U' L U' R' U2 R' U R' U' R U2 R2,R2 U2 R' U R U' R U2 R U L' U R U' L,3_zbll_t,ZBLL-T,333,,,"#43FF43,#FF4343,#FF8A06,#FFFF49,#FF4343,#FFFF49,#246BFD,#FFFF49,#FF8A06,#FFFF49,#FFFF49,#FFFF49,#246BFD,#43FF43,#FFFF49,#FFFF49,#FFFF49,#FF4343,#FF8A06,#43FF43,#246BFD",0.0,checked
333_zbll-t_57,57,checked,"M U2 F' U2 F U2 L F l'
B' F R2 U' R2 U R2 y R U L'",l F' L' U2 F' U2 F U2 M',3_zbll_t,ZBLL-T,333,,,"#246BFD,#FF8A06,#FF4343,#FFFF49,#FF8A06,#FFFF49,#43FF43,#FFFF49,#FF4343,#FFFF49,#FFFF49,#FFFF49,#246BFD,#43FF43,#FFFF49,#FFFF49,#FFFF49,#FF4343,#FF8A06,#43FF43,#246BFD",0.0,checked
333_zbll-t_59,59,checked,R' U' L U' R U L' U R' U' R U2 R' U2 R,R' U2 R U2 R' U R U' L U' R' U L' U R,3_zbll_t,ZBLL-T,333,,,"#246BFD,#FF8A06,#FF4343,#FFFF49,#FF8A06,#FFFF49,#43FF43,#FFFF49,#246BFD,#FFFF49,#FFFF49,#FFFF49,#43FF43,#43FF43,#FFFF49,#FFFF49,#FFFF49,#FF4343,#FF8A06,#FF4343,#246BFD",0.0,checked
333_zbll-t_8,8,checked,"F' U2 F U F' U F R' U' R U' R' U2 R
R' U2 R U R' U R U R' U' R U' R' U2 R
L' U2 L U L' U L U L' U' L U' L' U2 L
L' U L U2 L' U' L2 U2 L U' L2 U L' U2 L'",R' U2 R U R' U R F' U' F U' F' U2 F,3_zbll_t,ZBLL-T,333,,,"#FF8A06,#FF8A06,#FF4343,#FFFF49,#43FF43,#FFFF49,#43FF43,#FFFF49,#246BFD,#FFFF49,#FFFF49,#FFFF49,#FF4343,#FF8A06,#FFFF49,#FFFF49,#FFFF49,#FF4343,#246BFD,#43FF43,#246BFD",0.0,checked
333_zbll-t_65,65,checked,"R2 U' R U R U' R D' U R U' R' D
D R2 U' R U R U' R D' U R U' R'
R' U' R U R' F2 R U2 R' U2 R' F2 R2
R' D R' U' R D' U R U' R U R U' R'
R2 U' R2 F' R' U R U' R U R U' R' F",D' R U R' U' D R' U R' U' R' U R2,3_zbll_t,ZBLL-T,333,,,"#43FF43,#246BFD,#FF8A06,#FFFF49,#FF4343,#FFFF49,#246BFD,#FFFF49,#43FF43,#FFFF49,#FFFF49,#FFFF49,#FF4343,#43FF43,#FFFF49,#FFFF49,#FFFF49,#FF4343,#FF8A06,#FF8A06,#246BFD",0.0,checked
333_zbll-t_61,61,checked,"F' L F l' U' L' U l
R' U R D' R' U' R D",l' U' L U l F' L' F,3_zbll_t,ZBLL-T,333,,,"#43FF43,#43FF43,#FF8A06,#FFFF49,#FF4343,#FFFF49,#246BFD,#FFFF49,#FF8A06,#FFFF49,#FFFF49,#FFFF49,#FF4343,#43FF43,#FFFF49,#FFFF49,#FFFF49,#FF4343,#FF8A06,#246BFD,#246BFD",0.0,checked
333_zbll-t_64,64,checked,"R' U' R F U' R' U' R U F' R' U2 R
R D' U R2 U R' U' R' U R' D U2 R'",R' U2 R F U' R' U R U F' R' U R,3_zbll_t,ZBLL-T,333,,,"#43FF43,#FF8A06,#FF8A06,#FFFF49,#FF4343,#FFFF49,#246BFD,#FFFF49,#43FF43,#FFFF49,#FFFF49,#FFFF49,#246BFD,#43FF43,#FFFF49,#FFFF49,#FFFF49,#FF4343,#FF8A06,#FF4343,#246BFD",0.0,checked
333_zbll-t_30,30,checked,"F U' R' U2 R U F' R' U' R U R' U R
R2 U R U' R' L' U R U' L U2 R2 U' R' U R'
R U R' D U R2 U2 R2 U R2 U R2 D' R U' R'
B' U2 B2 U2 B2 U' B2 U' B2 U B R' U L U' R U L'
F' U' F2 U F2 U F2 U2 F2 U2 F R U' L' U R' U' L",R' U' R U' R' U R F U' R' U2 R U F',3_zbll_t,ZBLL-T,333,,,"#43FF43,#246BFD,#43FF43,#FFFF49,#FF4343,#FFFF49,#FF8A06,#FFFF49,#43FF43,#FFFF49,#FFFF49,#FFFF49,#FF8A06,#FF8A06,#FFFF49,#FFFF49,#FFFF49,#FF4343,#246BFD,#FF4343,#246BFD",0.0,checked
333_zbll-t_48,48,checked,"L U L' U L U' L U' R' U L' U' x M
L U2 L' U2 R U' R' U2 L U' L' U R U' R'",M' x' U L U' R U L' U L' U' L U' L',3_zbll_t,ZBLL-T,333,,,"#246BFD,#43FF43,#43FF43,#FFFF49,#FF8A06,#FFFF49,#FF8A06,#FFFF49,#FF4343,#FFFF49,#FFFF49,#FFFF49,#246BFD,#FF4343,#FFFF49,#FFFF49,#FFFF49,#FF4343,#43FF43,#FF8A06,#246BFD",0.0,checked
333_zbll-t_36,36,checked,"F U2 L u L' U L u' U L' F' U L U L'
R L2 U' L U x' M' U2 L U L2 U' L U L2
R B L' B' R' B L B R2 B' L' B R2 B' L B'
L' B' R B L B' R' B' R2 B' L' B R2 B' L B'",L U' L' U' F L U' u L' U' L u' L' U2 F',3_zbll_t,ZBLL-T,333,,,"#43FF43,#FF4343,#43FF43,#FFFF49,#FF4343,#FFFF49,#FF8A06,#FFFF49,#43FF43,#FFFF49,#FFFF49,#FFFF49,#246BFD,#FF8A06,#FFFF49,#FFFF49,#FFFF49,#FF4343,#246BFD,#FF8A06,#246BFD",0.0,checked
333_zbll-t_38,38,checked,"L U L2 U L2 U2 D' L U L' D U' L' U L'
L U2 L' U' L U' L D' L U2 L' D L U2 L",L U' L U D' L U' L' D U2 L2 U' L2 U' L',3_zbll_t,ZBLL-T,333,,,"#246BFD,#FF8A06,#43FF43,#FFFF49,#FF8A06,#FFFF49,#FF8A06,#FFFF49,#FF4343,#FFFF49,#FFFF49,#FFFF49,#43FF43,#FF4343,#FFFF49,#FFFF49,#FFFF49,#FF4343,#43FF43,#246BFD,#246BFD",0.0,checked
333_zbll-t_60,60,checked,"F R' F' r U R U' r'
D' R' U' R D R' U l",r U R' U' r' F R F',3_zbll_t,ZBLL-T,333,,,"#246BFD,#FF4343,#FF4343,#FFFF49,#FF8A06,#FFFF49,#43FF43,#FFFF49,#43FF43,#FFFF49,#FFFF49,#FFFF49,#246BFD,#43FF43,#FFFF49,#FFFF49,#FFFF49,#FF4343,#FF8A06,#FF8A06,#246BFD",0.0,checked
333_zbll-t_43,43,checked,"R2 D2 R' U2 R D2 R' U2 l'
F R2 U' L' U R2 U' L U F'
R' U R' F R U R U' R' F' R U R' U2 R",l U2 R D2 R' U2 R D2 R2,3_zbll_t,ZBLL-T,333,,,"#246BFD,#246BFD,#43FF43,#FFFF49,#FF8A06,#FFFF49,#FF8A06,#FFFF49,#FF4343,#FFFF49,#FFFF49,#FFFF49,#FF8A06,#FF4343,#FFFF49,#FFFF49,#FFFF49,#FF4343,#43FF43,#43FF43,#246BFD",0.0,checked
333_zbll-t_23,23,checked,"L' U R U' L2 U' R' U L' U' R U2 R'
L' U R U' L U2 R U' L' U R' U' M'
B U' F' U B' U' F L F R' F' L' F R F'
B' U F U' B U F' R' F' L F R F' L' F",R U2 R' U L U' R U L2 U R' U' L,3_zbll_t,ZBLL-T,333,,,"#FF8A06,#FF8A06,#FF8A06,#FFFF49,#43FF43,#FFFF49,#246BFD,#FFFF49,#246BFD,#FFFF49,#FFFF49,#FFFF49,#43FF43,#FF4343,#FFFF49,#FFFF49,#FFFF49,#FF4343,#43FF43,#FF4343,#246BFD",0.0,checked
333_zbll-t_37,37,checked,"R2 D2 R U2 R' D2 R U2 l
F' L2 U R U' L2 U R' U' F
R' U2 R U2 L U2 R' U2 R U2 L'",l' U2 R' D2 R U2 R' D2 R2,3_zbll_t,ZBLL-T,333,,,"#246BFD,#43FF43,#43FF43,#FFFF49,#FF8A06,#FFFF49,#FF8A06,#FFFF49,#FF8A06,#FFFF49,#FFFF49,#FFFF49,#FF4343,#FF4343,#FFFF49,#FFFF49,#FFFF49,#FF4343,#43FF43,#246BFD,#246BFD",0.0,checked
333_zbll-t_22,22,checked,"R2 U R2 U R D' R U' R' D R U' R2
R U2 R' L' U R U' L U' R' U R U2 R'",R2 U R' D' R U R' D R' U' R2 U' R2,3_zbll_t,ZBLL-T,333,,,"#FF8A06,#246BFD,#FF8A06,#FFFF49,#43FF43,#FFFF49,#246BFD,#FFFF49,#FF4343,#FFFF49,#FFFF49,#FFFF49,#43FF43,#FF4343,#FFFF49,#FFFF49,#FFFF49,#FF4343,#43FF43,#FF8A06,#246BFD",0.0,checked
333_zbll-t_5,5,checked,"L U F' L D' L D L2 F2 U' F' L'
L' U L' U' L' U L U L' U2 L U2 L U' L
R' U R' U' R' U R U R' U2 R U2 R U' R
L U2 L2 U' L2 U' L' U L' U' L U L' U L",L F U F2 L2 D' L' D L' F U' L',3_zbll_t,ZBLL-T,333,,,"#FF8A06,#246BFD,#FF4343,#FFFF49,#43FF43,#FFFF49,#43FF43,#FFFF49,#43FF43,#FFFF49,#FFFF49,#FFFF49,#FF4343,#FF8A06,#FFFF49,#FFFF49,#FFFF49,#FF4343,#246BFD,#FF8A06,#246BFD",0.0,checked
333_zbll-t_21,21,checked,"R2 U R' U' R2 F2 L' U L F2 D R' D'
R U2 R' U2 L' U' L U' L' U' R U' L U2 R'
R U2 R' U' R U' R2 U2 R L U' R' U L' U2 R
L U2 L' U' L U' L2 U2 L R U' L' U R' U2 L",D R D' F2 L' U' L F2 R2 U R U' R2,3_zbll_t,ZBLL-T,333,,,"#FF8A06,#FF8A06,#FF8A06,#FFFF49,#43FF43,#FFFF49,#246BFD,#FFFF49,#FF4343,#FFFF49,#FFFF49,#FFFF49,#246BFD,#FF4343,#FFFF49,#FFFF49,#FFFF49,#FF4343,#43FF43,#43FF43,#246BFD",0.0,checked
333_zbll-t_52,52,checked,R U' L U R' U L U2 L U' L U L' U2 L2,L2 U2 L U' L' U L' U2 L' U' R U' L' U R',3_zbll_t,ZBLL-T,333,,,"#246BFD,#43FF43,#FF4343,#FFFF49,#FF8A06,#FFFF49,#43FF43,#FFFF49,#FF8A06,#FFFF49,#FFFF49,#FFFF49,#246BFD,#43FF43,#FFFF49,#FFFF49,#FFFF49,#FF4343,#FF8A06,#FF4343,#246BFD",0.0,checked
333_zbll-u_30,30,checked,R' U' R U' F U' R' U R U F' R' U R,R' U' R F U' R' U' R U F' U R' U R,3_zbll_u,ZBLL-U,333,,,"#FFFF49,#43FF43,#FFFF49,#FF8A06,#246BFD,#FFFF49,#43FF43,#FF8A06,#246BFD,#FFFF49,#FFFF49,#FFFF49,#FF8A06,#FF4343,#FFFF49,#FFFF49,#FFFF49,#FF4343,#43FF43,#FF4343,#246BFD",0.0,checked
333_zbll-u_45,45,checked,F U' R U2 L U2 L' U2 R' U F' L U' L',L U L' F U' R U2 L U2 L' U2 R' U F',3_zbll_u,ZBLL-U,333,,,"#FFFF49,#FF8A06,#FFFF49,#FF4343,#43FF43,#FFFF49,#43FF43,#FF8A06,#FF4343,#FFFF49,#FFFF49,#FFFF49,#246BFD,#FF8A06,#FFFF49,#FFFF49,#FFFF49,#FF4343,#246BFD,#43FF43,#246BFD",0.0,checked
333_zbll-u_22,22,checked,"F U' R' U R U F' R' U2 R
R' U R U R' U' R' D' R U' R' D R2
f U R U' R' f' r' U2 R U R' U r
F R U R' U' R' F' R L' U2 R U2 R' U2 L",R' U2 R F U' R' U' R U F',3_zbll_u,ZBLL-U,333,,,"#FFFF49,#246BFD,#FFFF49,#43FF43,#FF8A06,#FFFF49,#FF8A06,#246BFD,#FF4343,#FFFF49,#FFFF49,#FFFF49,#43FF43,#FF4343,#FFFF49,#FFFF49,#FFFF49,#FF4343,#43FF43,#FF8A06,#246BFD",0.0,checked
333_zbll-u_18,18,checked,L D' U2 L U' L' D U' L' U2 L U L2 U' L2 U L,L' U' L2 U L2 U' L' U2 L U D' L U L' U2 D L',3_zbll_u,ZBLL-U,333,,,"#FFFF49,#246BFD,#FFFF49,#43FF43,#FF8A06,#FFFF49,#FF8A06,#246BFD,#43FF43,#FFFF49,#FFFF49,#FFFF49,#FF8A06,#FF4343,#FFFF49,#FFFF49,#FFFF49,#FF4343,#43FF43,#FF4343,#246BFD",0.0,checked
333_zbll-u_42,42,checked,"L U L' F U' R U2 L U2 L' U2 R' U F'
F' U2 F2 U F2 U F2 U2 F' R' U L U' R U L'",F U' R U2 L U2 L' U2 R' U F' L U' L',3_zbll_u,ZBLL-U,333,,,"#FFFF49,#246BFD,#FFFF49,#FF4343,#43FF43,#FFFF49,#43FF43,#FF8A06,#43FF43,#FFFF49,#FFFF49,#FFFF49,#FF8A06,#FF8A06,#FFFF49,#FFFF49,#FFFF49,#FF4343,#246BFD,#FF4343,#246BFD",0.0,checked
333_zbll-u_67,67,checked,L D R' D' U L D' L' U' L u2 L D' R2,R2 D L' u2 L' U L D L' U' D R D' L',3_zbll_u,ZBLL-U,333,,,"#FFFF49,#246BFD,#FFFF49,#FF4343,#43FF43,#FFFF49,#FF8A06,#246BFD,#FF4343,#FFFF49,#FFFF49,#FFFF49,#FF8A06,#43FF43,#FFFF49,#FFFF49,#FFFF49,#FF4343,#FF8A06,#43FF43,#246BFD",0.0,checked
333_zbll-u_17,17,checked,F' U L U' L' U' F L U2 L',L U2 L' F' U L U L' U' F,3_zbll_u,ZBLL-U,333,,,"#FFFF49,#43FF43,#FFFF49,#43FF43,#FF8A06,#FFFF49,#FF8A06,#246BFD,#246BFD,#FFFF49,#FFFF49,#FFFF49,#FF4343,#FF4343,#FFFF49,#FFFF49,#FFFF49,#FF4343,#43FF43,#FF8A06,#246BFD",0.0,checked
333_zbll-u_66,66,checked,L U2 L' U R' U2 L U2 R U L' U R' U R,R' U' R U' L U' R' U2 L' U2 R U' L U2 L',3_zbll_u,ZBLL-U,333,,,"#FFFF49,#43FF43,#FFFF49,#FF4343,#43FF43,#FFFF49,#FF8A06,#246BFD,#246BFD,#FFFF49,#FFFF49,#FFFF49,#FF8A06,#43FF43,#FFFF49,#FFFF49,#FFFF49,#FF4343,#FF8A06,#FF4343,#246BFD",0.0,checked
333_zbll-u_1,1,checked,"R2 U F' R2 D R2 D' F2 U F' U' R2
L U L' U L U2 L' R' U' R U' R' U2 R
R U R' U R U2 R' L' U' L U' L' U2 L
L' U' L U' L' U2 L R U R' U R U2 R'
R' U' R U' R' U2 R L U L' U L U2 L'
R' U' R U' R' U2 R U2 R U R' U R U2 R'
L' U' L U' L' U2 L U2 L U L' U L U2 L'
R U R' U R U2 R' U2 R' U' R U' R' U2 R
R' U R U2 R' U2 R' U' R U' R' U2 R U2 R
L2 U2 R' U2 R U R' U R U2 R U2 R' U' R U' R'",R2 U F U' F2 D R2 D' R2 F U' R2,3_zbll_u,ZBLL-U,333,,,"#FFFF49,#43FF43,#FFFF49,#43FF43,#FF8A06,#FFFF49,#FF4343,#43FF43,#FF8A06,#FFFF49,#FFFF49,#FFFF49,#FF4343,#FF8A06,#FFFF49,#FFFF49,#FFFF49,#FF4343,#246BFD,#246BFD,#246BFD",0.0,checked
333_zbll-u_4,4,checked,R U2 R' U' R U' R2 U2 R U R' U R,R' U' R U' R' U2 R2 U R' U R U2 R',3_zbll_u,ZBLL-U,333,,,"#FFFF49,#FF8A06,#FFFF49,#43FF43,#FF8A06,#FFFF49,#FF4343,#43FF43,#43FF43,#FFFF49,#FFFF49,#FFFF49,#246BFD,#FF8A06,#FFFF49,#FFFF49,#FFFF49,#FF4343,#246BFD,#FF4343,#246BFD",0.0,checked
333_zbll-u_38,38,checked,"F' r U L' U2 R' U' l F' U L' U' L
B' R B R' B2 L' B' L B' U R' U' R
r' U r2 U' r U2 R B' R' U2 x' U L2 D'
F' U F' R F U' F' U' R' U R U R' F2
F2 U F' R2 F U' F' U' R2 U R2 U R2 F'
U' L U L' B L U' L' U2 x' U' F' U L' U' L
F2 R' F' R U R U' R' F R U' R' U R U R' F2",L' U L U' F l' U R U2 L U' r' F,3_zbll_u,ZBLL-U,333,,,"#FFFF49,#FF4343,#FFFF49,#FF4343,#43FF43,#FFFF49,#43FF43,#FF8A06,#FF8A06,#FFFF49,#FFFF49,#FFFF49,#43FF43,#FF8A06,#FFFF49,#FFFF49,#FFFF49,#FF4343,#246BFD,#246BFD,#246BFD",0.0,checked
333_zbll-u_8,8,checked,"F R U R' U F' r U' r' F2 U2 F'
F R U R2 F2 u' R' u F' R U' F'
F R U R' U F' U' F2 R' F' R U' F'
L F U F' U L' U' L2 F' L' F U' L'
U R' D R' U' R D' R D' R U R' D U'
L U' R U' L' U R' U R' U L U' R L'
D R' U R' D' R U' R U' R D R' D' U
R U' L U' R' U L' U L' U R U' L R'
R' U' R U' R' U R U' R U R2 U R2 U2 R'",F U2 F2 r U r' F U' R U' R' F',3_zbll_u,ZBLL-U,333,,,"#FFFF49,#FF8A06,#FFFF49,#43FF43,#FF8A06,#FFFF49,#FF4343,#43FF43,#246BFD,#FFFF49,#FFFF49,#FFFF49,#FF4343,#FF8A06,#FFFF49,#FFFF49,#FFFF49,#FF4343,#246BFD,#43FF43,#246BFD",0.0,checked
333_zbll-u_13,13,checked,"M U' L U' L' U' R' U' L R U2 R'
F' U' L2 U2 L2 U2 L2 U' L2 U' L2 U L2 F",R U2 R' L' U R U L U L' U M',3_zbll_u,ZBLL-U,333,,,"#FFFF49,#FF8A06,#FFFF49,#43FF43,#FF8A06,#FFFF49,#FF8A06,#246BFD,#43FF43,#FFFF49,#FFFF49,#FFFF49,#FF4343,#FF4343,#FFFF49,#FFFF49,#FFFF49,#FF4343,#43FF43,#246BFD,#246BFD",0.0,checked
333_zbll-u_51,51,checked,R U2 F' R U R U' R' F R2 U R2 U R',R U' R2 U' R2 F' R U R' U' R' F U2 R',3_zbll_u,ZBLL-U,333,,,"#FFFF49,#43FF43,#FFFF49,#FF8A06,#246BFD,#FFFF49,#FF4343,#43FF43,#FF4343,#FFFF49,#FFFF49,#FFFF49,#FF8A06,#43FF43,#FFFF49,#FFFF49,#FFFF49,#FF4343,#FF8A06,#246BFD,#246BFD",0.0,checked
333_zbll-u_59,59,checked,R' D' L D U' R' D R U R' u2 R' D L2,L2 D' R u2 R U' R' D' R U D' L' D R,3_zbll_u,ZBLL-U,333,,,"#FFFF49,#FF8A06,#FFFF49,#FF8A06,#246BFD,#FFFF49,#FF4343,#43FF43,#246BFD,#FFFF49,#FFFF49,#FFFF49,#43FF43,#43FF43,#FFFF49,#FFFF49,#FFFF49,#FF4343,#FF8A06,#FF4343,#246BFD",0.0,checked
333_zbll-u_44,44,checked,"R' U' L U' R U2 L' U R' L U' R U2 L'
r' F' R F' r U2 R' U M F' r U2 R'
F2 R2 U' r U2 r' U R2 F2 D R' U R D'",L U2 R' U L' R U' L U2 R' U L' U R,3_zbll_u,ZBLL-U,333,,,"#FFFF49,#246BFD,#FFFF49,#FF4343,#43FF43,#FFFF49,#43FF43,#FF8A06,#FF8A06,#FFFF49,#FFFF49,#FFFF49,#FF4343,#FF8A06,#FFFF49,#FFFF49,#FFFF49,#FF4343,#246BFD,#43FF43,#246BFD",0.0,checked
333_zbll-u_49,49,checked,"R' U2 R' D' R U2 R' D R2
R' U2 R' D' L F2 L' D R2
L R U' R' U L' U2 R U' R' U2 R U R'",R2 D' R U2 R' D R U2 R,3_zbll_u,ZBLL-U,333,,,"#FFFF49,#FF8A06,#FFFF49,#FF8A06,#246BFD,#FFFF49,#FF4343,#43FF43,#43FF43,#FFFF49,#FFFF49,#FFFF49,#FF4343,#43FF43,#FFFF49,#FFFF49,#FFFF49,#FF4343,#FF8A06,#246BFD,#246BFD",0.0,checked
333_zbll-u_25,25,checked,F R' F' R F R' F' R F R' F' R U R U' R' U R U' R' U R U' R',R U R' U' R U R' U' R U R' U' R' F R F' R' F R F' R' F R F',3_zbll_u,ZBLL-U,333,,,"#FFFF49,#43FF43,#FFFF49,#FF8A06,#246BFD,#FFFF49,#43FF43,#FF8A06,#FF8A06,#FFFF49,#FFFF49,#FFFF49,#FF4343,#FF4343,#FFFF49,#FFFF49,#FFFF49,#FF4343,#43FF43,#246BFD,#246BFD",0.0,checked
333_zbll-u_2,2,checked,"B R' F2 L2 D F' D' F L2 F2 R B'
R U' R' U2 R U R' U2 R U R' U R U' R'
R' U' R U' R' U2 R U R' U2 R U R' U R
R2 U2 R' U' R' U R U' R U' R2 U2 R U2 R'",B R' F2 L2 F' D F D' L2 F2 R B',3_zbll_u,ZBLL-U,333,,,"#FFFF49,#FF8A06,#FFFF49,#43FF43,#FF8A06,#FFFF49,#FF4343,#43FF43,#FF4343,#FFFF49,#FFFF49,#FFFF49,#43FF43,#FF8A06,#FFFF49,#FFFF49,#FFFF49,#FF4343,#246BFD,#246BFD,#246BFD",0.0,checked
333_zbll-u_16,16,checked,R' D U2 R' U R D' U R U2 R' U' R2 U R2 U' R',R U R2 U' R2 U R U2 R' U' D R' U' R U2 D' R,3_zbll_u,ZBLL-U,333,,,"#FFFF49,#43FF43,#FFFF49,#43FF43,#FF8A06,#FFFF49,#FF8A06,#246BFD,#FF8A06,#FFFF49,#FFFF49,#FFFF49,#246BFD,#FF4343,#FFFF49,#FFFF49,#FFFF49,#FF4343,#43FF43,#FF4343,#246BFD",0.0,checked
333_zbll-u_11,11,checked,"R U2 R' U' R U' R' U R U R' U R U2 R'
R' U2 R' U R2 U' R U2 R2 U' R' U2 R U R'",R U2 R' U' R U' R' U' R U R' U R U2 R',3_zbll_u,ZBLL-U,333,,,"#FFFF49,#246BFD,#FFFF49,#43FF43,#FF8A06,#FFFF49,#FF4343,#43FF43,#FF8A06,#FFFF49,#FFFF49,#FFFF49,#43FF43,#FF8A06,#FFFF49,#FFFF49,#FFFF49,#FF4343,#246BFD,#FF4343,#246BFD",0.0,checked
333_zbll-u_35,35,checked,L U L' U F' U L U' L' U' F L U' L',L U L' F' U L U L' U' F U' L U' L',3_zbll_u,ZBLL-U,333,,,"#FFFF49,#246BFD,#FFFF49,#FF8A06,#246BFD,#FFFF49,#43FF43,#FF8A06,#FF8A06,#FFFF49,#FFFF49,#FFFF49,#43FF43,#FF4343,#FFFF49,#FFFF49,#FFFF49,#FF4343,#43FF43,#FF4343,#246BFD",0.0,checked
333_zbll-u_19,19,checked,R' D R2 U2 R' U R U R2 D' R,R' D R2 U' R' U' R U2 R2 D' R,3_zbll_u,ZBLL-U,333,,,"#FFFF49,#FF4343,#FFFF49,#43FF43,#FF8A06,#FFFF49,#FF8A06,#246BFD,#246BFD,#FFFF49,#FFFF49,#FFFF49,#FF8A06,#FF4343,#FFFF49,#FFFF49,#FFFF49,#FF4343,#43FF43,#43FF43,#246BFD",0.0,checked
333_zbll-u_29,29,checked,"L' F' L U' L' U2 L U' L' U' F L
U' F' U R' U' R2 U R' U' R' F U",L' F' U L U L' U2 L U L' F L,3_zbll_u,ZBLL-U,333,,,"#FFFF49,#246BFD,#FFFF49,#FF8A06,#246BFD,#FFFF49,#43FF43,#FF8A06,#43FF43,#FFFF49,#FFFF49,#FFFF49,#FF4343,#FF4343,#FFFF49,#FFFF49,#FFFF49,#FF4343,#43FF43,#FF8A06,#246BFD",0.0,checked
333_zbll-u_63,63,checked,"R U2 R' U' R2 D R' U' R D' R2
F R U R' U' R' F' R U R U R' U' R U' R'",R2 D R' U R D' R2 U R U2 R',3_zbll_u,ZBLL-U,333,,,"#FFFF49,#FF4343,#FFFF49,#FF4343,#43FF43,#FFFF49,#FF8A06,#246BFD,#43FF43,#FFFF49,#FFFF49,#FFFF49,#FF8A06,#43FF43,#FFFF49,#FFFF49,#FFFF49,#FF4343,#FF8A06,#246BFD,#246BFD",0.0,checked
333_zbll-u_40,40,checked,"R2 U2 R' U2 l' U R U' L U' L' U R'
D2 R2 D' R2 u' R D R' U R' U' R D'
D U R2 D' R2 U' R D R' U R' U' R D'
L R U2 R' U2 L' U R U' L U' L' U R'",R U' L U L' U R' U' l U2 R U2 R2,3_zbll_u,ZBLL-U,333,,,"#FFFF49,#43FF43,#FFFF49,#FF4343,#43FF43,#FFFF49,#43FF43,#FF8A06,#FF8A06,#FFFF49,#FFFF49,#FFFF49,#246BFD,#FF8A06,#FFFF49,#FFFF49,#FFFF49,#FF4343,#246BFD,#FF4343,#246BFD",0.0,checked
333_zbll-u_46,46,checked,"R' U' R F' U L' U2 R' U2 R U2 L U' F
F U2 F2 U' F2 U' F2 U2 F L U' R' U L' U' R",F' U L' U2 R' U2 R U2 L U' F R' U R,3_zbll_u,ZBLL-U,333,,,"#FFFF49,#246BFD,#FFFF49,#FF4343,#43FF43,#FFFF49,#43FF43,#FF8A06,#FF4343,#FFFF49,#FFFF49,#FFFF49,#43FF43,#FF8A06,#FFFF49,#FFFF49,#FFFF49,#FF4343,#246BFD,#FF8A06,#246BFD",0.0,checked
333_zbll-u_56,56,checked,F' D' L U' L' U L' D F2 U' F' L' U L,L' U' L F U F2 D' L U' L U L' D F,3_zbll_u,ZBLL-U,333,,,"#FFFF49,#246BFD,#FFFF49,#FF8A06,#246BFD,#FFFF49,#FF4343,#43FF43,#FF8A06,#FFFF49,#FFFF49,#FFFF49,#FF4343,#43FF43,#FFFF49,#FFFF49,#FFFF49,#FF4343,#FF8A06,#43FF43,#246BFD",0.0,checked
333_zbll-u_52,52,checked,R' F R' U F' R' F U' R2 F' R U R',R U' R' F R2 U F' R F U' R F' R,3_zbll_u,ZBLL-U,333,,,"#FFFF49,#43FF43,#FFFF49,#FF8A06,#246BFD,#FFFF49,#FF4343,#43FF43,#FF8A06,#FFFF49,#FFFF49,#FFFF49,#246BFD,#43FF43,#FFFF49,#FFFF49,#FFFF49,#FF4343,#FF8A06,#FF4343,#246BFD",0.0,checked
333_zbll-u_9,9,checked,"R U' R U2 R U2 R' U R U R' U' R' U R'
L U L' U L U' L' U L' U' L2 U' L2 U2 L",R U' R U R U' R' U' R U2 R' U2 R' U R',3_zbll_u,ZBLL-U,333,,,"#FFFF49,#FF4343,#FFFF49,#43FF43,#FF8A06,#FFFF49,#FF4343,#43FF43,#FF8A06,#FFFF49,#FFFF49,#FFFF49,#246BFD,#FF8A06,#FFFF49,#FFFF49,#FFFF49,#FF4343,#246BFD,#43FF43,#246BFD",0.0,checked
333_zbll-u_71,71,checked,"R' F U2 F U L' U L y L U' L U L F
R D' U R U2 R' D U2 R2 U2 R U R2 U R",F' L' U' L' U L' y' L' U' L U' F' U2 F' R,3_zbll_u,ZBLL-U,333,,,"#FFFF49,#246BFD,#FFFF49,#FF4343,#43FF43,#FFFF49,#FF8A06,#246BFD,#FF8A06,#FFFF49,#FFFF49,#FFFF49,#43FF43,#43FF43,#FFFF49,#FFFF49,#FFFF49,#FF4343,#FF8A06,#FF4343,#246BFD",0.0,checked
333_zbll-u_57,57,checked,L F' U2 F' U' R U' R' y' R' U R' U' R' F',F R U R U' R y R U R' U F U2 F L',3_zbll_u,ZBLL-U,333,,,"#FFFF49,#FF8A06,#FFFF49,#FF8A06,#246BFD,#FFFF49,#FF4343,#43FF43,#FF4343,#FFFF49,#FFFF49,#FFFF49,#246BFD,#43FF43,#FFFF49,#FFFF49,#FFFF49,#FF4343,#FF8A06,#43FF43,#246BFD",0.0,checked
333_zbll-u_39,39,checked,"R2 U2 R' U2 F' r U' L' U R' U' R U R'
R2 U2 x2 L U2 R' U2 x' U2 R' U2 R U2 L' U2 x' U2 x R2
r U2 r U2 r' U2 r U2 l' U2 r U2 r' U2 r' x' U2 r'",R U' R' U R U' L U r' F U2 R U2 R2,3_zbll_u,ZBLL-U,333,,,"#FFFF49,#43FF43,#FFFF49,#FF4343,#43FF43,#FFFF49,#43FF43,#FF8A06,#FF4343,#FFFF49,#FFFF49,#FFFF49,#FF8A06,#FF8A06,#FFFF49,#FFFF49,#FFFF49,#FF4343,#246BFD,#246BFD,#246BFD",0.0,checked
333_zbll-u_10,10,checked,"L' U2 L U L' U L2 U2 L' U' L U' L'
R' U2 R U R' U R2 U2 R' U' R U' R'",L U L' U L U2 L2 U' L U' L' U2 L,3_zbll_u,ZBLL-U,333,,,"#FFFF49,#FF4343,#FFFF49,#43FF43,#FF8A06,#FFFF49,#FF4343,#43FF43,#246BFD,#FFFF49,#FFFF49,#FFFF49,#43FF43,#FF8A06,#FFFF49,#FFFF49,#FFFF49,#FF4343,#246BFD,#FF8A06,#246BFD",0.0,checked
333_zbll-u_15,15,checked,F' U' L U L' U L U L' U' F L U2 L',L U2 L' F' U L U' L' U' L U' L' U F,3_zbll_u,ZBLL-U,333,,,"#FFFF49,#43FF43,#FFFF49,#43FF43,#FF8A06,#FFFF49,#FF8A06,#246BFD,#FF4343,#FFFF49,#FFFF49,#FFFF49,#FF8A06,#FF4343,#FFFF49,#FFFF49,#FFFF49,#FF4343,#43FF43,#246BFD,#246BFD",0.0,checked
333_zbll-u_12,12,checked,"R U R2 U' R2 U' R2 U2 R U' R U' R'
L U L2 U' L2 U' L2 U2 L U' L U' L'",R U R' U R' U2 R2 U R2 U R2 U' R',3_zbll_u,ZBLL-U,333,,,"#FFFF49,#43FF43,#FFFF49,#43FF43,#FF8A06,#FFFF49,#FF4343,#43FF43,#FF4343,#FFFF49,#FFFF49,#FFFF49,#246BFD,#FF8A06,#FFFF49,#FFFF49,#FFFF49,#FF4343,#246BFD,#FF8A06,#246BFD",0.0,checked
333_zbll-u_41,41,checked,"L2 U2 L U2 r U' L' U R' U R U' L
R' L' U2 L U2 R U' L' U R' U R U' L",L' U R' U' R U' L U r' U2 L' U2 L2,3_zbll_u,ZBLL-U,333,,,"#FFFF49,#43FF43,#FFFF49,#FF4343,#43FF43,#FFFF49,#43FF43,#FF8A06,#246BFD,#FFFF49,#FFFF49,#FFFF49,#FF4343,#FF8A06,#FFFF49,#FFFF49,#FFFF49,#FF4343,#246BFD,#FF8A06,#246BFD",0.0,checked
333_zbll-u_58,58,checked,L2 y2 x2 U' L2 U' r' u2 l' D' L2 U L' D' L,L' D L U' L2 D l u2 r U L2 U x2 y2 L2,3_zbll_u,ZBLL-U,333,,,"#FFFF49,#246BFD,#FFFF49,#FF8A06,#246BFD,#FFFF49,#FF4343,#43FF43,#FF4343,#FFFF49,#FFFF49,#FFFF49,#43FF43,#43FF43,#FFFF49,#FFFF49,#FFFF49,#FF4343,#FF8A06,#FF8A06,#246BFD",0.0,checked
333_zbll-u_54,54,checked,"F U' R' U R U2 F' R' F U' F' U2 R
F R2 F' R U R U' R' F' R U2 R' U2 R' F2 R2 F'",R' U2 F U F' R F U2 R' U' R U F',3_zbll_u,ZBLL-U,333,,,"#FFFF49,#246BFD,#FFFF49,#FF8A06,#246BFD,#FFFF49,#FF4343,#43FF43,#43FF43,#FFFF49,#FFFF49,#FFFF49,#FF8A06,#43FF43,#FFFF49,#FFFF49,#FFFF49,#FF4343,#FF8A06,#FF4343,#246BFD",0.0,checked
333_zbll-u_72,72,checked,L' U R U' L U R2 U2 R U R' U R,R' U' R U' R' U2 R2 U' L' U R' U' L,3_zbll_u,ZBLL-U,333,,,"#FFFF49,#43FF43,#FFFF49,#FF4343,#43FF43,#FFFF49,#FF8A06,#246BFD,#FF4343,#FFFF49,#FFFF49,#FFFF49,#246BFD,#43FF43,#FFFF49,#FFFF49,#FFFF49,#FF4343,#FF8A06,#FF8A06,#246BFD",0.0,checked
333_zbll-u_14,14,checked,"R' U2 R F U' R' U' R U F'
R D' R2 U2 R U' R' U' R2 D R'
L D' L2 U2 L U' L' U' L2 D L'
L' U2 L F2 R' F' R U R U' R' F'
R2 D' R U R' D R U R U' R' U' R",F U' R' U R U F' R' U2 R,3_zbll_u,ZBLL-U,333,,,"#FFFF49,#FF4343,#FFFF49,#43FF43,#FF8A06,#FFFF49,#FF8A06,#246BFD,#FF8A06,#FFFF49,#FFFF49,#FFFF49,#43FF43,#FF4343,#FFFF49,#FFFF49,#FFFF49,#FF4343,#43FF43,#246BFD,#246BFD",0.0,checked
333_zbll-u_62,62,checked,R2 y2 x2 U R2 U l u2 r D R2 U' R D R',R D' R' U R2 D' r' u2 l' U' R2 U' x2 y2 R2,3_zbll_u,ZBLL-U,333,,,"#FFFF49,#FF8A06,#FFFF49,#FF4343,#43FF43,#FFFF49,#FF8A06,#246BFD,#FF4343,#FFFF49,#FFFF49,#FFFF49,#43FF43,#43FF43,#FFFF49,#FFFF49,#FFFF49,#FF4343,#FF8A06,#246BFD,#246BFD",0.0,checked
333_zbll-u_24,24,checked,"R' F' M U' M' F M U r
L U' R' U L' U' R L' U R U' L U R'
F' U' L' U2 L2 F U F' U' L' F R U' R'
L' U' L U L U L D' U L U' L' D U' L'
R U R' U' R' U' R' D U' R' U R D' U R
R2 U2 R U R' U R2 U' R2 D' R U' R' D R2
F U R U' R' F' R U R' U' M' U R U' r'
r U R' U' M U R U' R' F R U R' U' F'",r' U' M' F' M U M' F R,3_zbll_u,ZBLL-U,333,,,"#FFFF49,#FF4343,#FFFF49,#43FF43,#FF8A06,#FFFF49,#FF8A06,#246BFD,#43FF43,#FFFF49,#FFFF49,#FFFF49,#246BFD,#FF4343,#FFFF49,#FFFF49,#FFFF49,#FF4343,#43FF43,#FF8A06,#246BFD",0.0,checked
333_zbll-u_27,27,checked,"R U R' U' L U L' U2 R U R' U2 L U2 L'
R D' R2 U R U R D R D' R2 U2 R2 D R2",L U2 L' U2 R U' R' U2 L U' L' U R U' R',3_zbll_u,ZBLL-U,333,,,"#FFFF49,#FF4343,#FFFF49,#FF8A06,#246BFD,#FFFF49,#43FF43,#FF8A06,#43FF43,#FFFF49,#FFFF49,#FFFF49,#FF8A06,#FF4343,#FFFF49,#FFFF49,#FFFF49,#FF4343,#43FF43,#246BFD,#246BFD",0.0,checked
333_zbll-u_21,21,checked,"M U R' U R U L U R' L' U2 L
F U R2 U2 R2 U2 R2 U R2 U R2 U' R2 F'",L' U2 L R U' L' U' R' U' R U' M',3_zbll_u,ZBLL-U,333,,,"#FFFF49,#FF8A06,#FFFF49,#43FF43,#FF8A06,#FFFF49,#FF8A06,#246BFD,#FF4343,#FFFF49,#FFFF49,#FFFF49,#246BFD,#FF4343,#FFFF49,#FFFF49,#FFFF49,#FF4343,#43FF43,#43FF43,#246BFD",0.0,checked
333_zbll-u_5,5,checked,"L' U2 L U L' U L U' L' U' L U' L' U2 L
R' U2 R U R' U R U' R' U' R U' R' U2 R
R U2 R U' R2 U R' U2 R2 U R U2 R' U' R
L U2 L U' L2 U L' U2 L2 U L U2 L' U' L",L' U2 L U L' U L U L' U' L U' L' U2 L,3_zbll_u,ZBLL-U,333,,,"#FFFF49,#246BFD,#FFFF49,#43FF43,#FF8A06,#FFFF49,#FF4343,#43FF43,#43FF43,#FFFF49,#FFFF49,#FFFF49,#FF4343,#FF8A06,#FFFF49,#FFFF49,#FFFF49,#FF4343,#246BFD,#FF8A06,#246BFD",0.0,checked
333_zbll-u_69,69,checked,L F' L U' F L F' U L2 F L' U' L,L' U L F' L2 U' F L' F' U L' F L',3_zbll_u,ZBLL-U,333,,,"#FFFF49,#FF4343,#FFFF49,#FF4343,#43FF43,#FFFF49,#FF8A06,#246BFD,#FF8A06,#FFFF49,#FFFF49,#FFFF49,#246BFD,#43FF43,#FFFF49,#FFFF49,#FFFF49,#FF4343,#FF8A06,#43FF43,#246BFD",0.0,checked
333_zbll-u_34,34,checked,"F R U R' U' R U' R' U' R U R' F'
F2 R U' R' U R U R2 F2 R U R U' R'",F R U' R' U R U R' U R U' R' F',3_zbll_u,ZBLL-U,333,,,"#FFFF49,#FF4343,#FFFF49,#FF8A06,#246BFD,#FFFF49,#43FF43,#FF8A06,#246BFD,#FFFF49,#FFFF49,#FFFF49,#43FF43,#FF4343,#FFFF49,#FFFF49,#FFFF49,#FF4343,#43FF43,#FF8A06,#246BFD",0.0,checked
333_zbll-u_70,70,checked,L' U2 F L' U' L' U L F' L2 U' L2 U' L,L' U L2 U L2 F L' U' L U L F' U2 L,3_zbll_u,ZBLL-U,333,,,"#FFFF49,#FF4343,#FFFF49,#FF4343,#43FF43,#FFFF49,#FF8A06,#246BFD,#246BFD,#FFFF49,#FFFF49,#FFFF49,#43FF43,#43FF43,#FFFF49,#FFFF49,#FFFF49,#FF4343,#FF8A06,#FF8A06,#246BFD",0.0,checked
333_zbll-u_3,3,checked,"B' L F2 R2 D' F D F' R2 F2 L' B
R U R' U R U2 R' U' R U2 R' U' R U' R'
L' U L U2 L' U' L U2 L' U' L U' L' U L
L2 U2 L U L U' L' U L' U L2 U2 L' U2 L",B' L F2 R2 F D' F' D R2 F2 L' B,3_zbll_u,ZBLL-U,333,,,"#FFFF49,#FF4343,#FFFF49,#43FF43,#FF8A06,#FFFF49,#FF4343,#43FF43,#43FF43,#FFFF49,#FFFF49,#FFFF49,#FF8A06,#FF8A06,#FFFF49,#FFFF49,#FFFF49,#FF4343,#246BFD,#246BFD,#246BFD",0.0,checked
333_zbll-u_28,28,checked,"R U2 x U R' U R2 U' R' U R' U2 x' U2 R'
U' F2 L' U L' U2 L U L' U L2 F2 U
R U2 F R' F R2 F' R' F R' F2 U2 R'
L' U2 F' L F' L2 F L F' L F2 U2 L
R U2 F U R2 U' R' U R' U' R' F' U2 R'
F R2 u F R2 F' R' F R' F' R' u' R2 F'",R U2 x U2 R U' R U R2 U' R U' x' U2 R',3_zbll_u,ZBLL-U,333,,,"#FFFF49,#FF8A06,#FFFF49,#FF8A06,#246BFD,#FFFF49,#43FF43,#FF8A06,#43FF43,#FFFF49,#FFFF49,#FFFF49,#246BFD,#FF4343,#FFFF49,#FFFF49,#FFFF49,#FF4343,#43FF43,#FF4343,#246BFD",0.0,checked
333_zbll-u_33,33,checked,"L' U' L U R' U' R U2 L' U' L U2 R' U2 R
L' D L2 U' L' U' L' D' L' D L2 U2 L2 D' L2",R' U2 R U2 L' U L U2 R' U R U' L' U L,3_zbll_u,ZBLL-U,333,,,"#FFFF49,#FF4343,#FFFF49,#FF8A06,#246BFD,#FFFF49,#43FF43,#FF8A06,#FF8A06,#FFFF49,#FFFF49,#FFFF49,#246BFD,#FF4343,#FFFF49,#FFFF49,#FFFF49,#FF4343,#43FF43,#43FF43,#246BFD",0.0,checked
333_zbll-u_31,31,checked,,,3_zbll_u,ZBLL-U,333,,,"#FFFF49,#246BFD,#FFFF49,#FF8A06,#246BFD,#FFFF49,#43FF43,#FF8A06,#FF4343,#FFFF49,#FFFF49,#FFFF49,#FF8A06,#FF4343,#FFFF49,#FFFF49,#FFFF49,#FF4343,#43FF43,#43FF43,#246BFD",0.0,checked
333_zbll-u_20,20,checked,F U R' U' R U' R' U' R U F' R' U2 R,R' U2 R F U' R' U R U R' U R U' F',3_zbll_u,ZBLL-U,333,,,"#FFFF49,#246BFD,#FFFF49,#43FF43,#FF8A06,#FFFF49,#FF8A06,#246BFD,#FF8A06,#FFFF49,#FFFF49,#FFFF49,#FF4343,#FF4343,#FFFF49,#FFFF49,#FFFF49,#FF4343,#43FF43,#43FF43,#246BFD",0.0,checked
333_zbll-u_47,47,checked,"F U R2 D' R U' R' D R2 F' R' U R
R U R' B' R2 D R' U' R D' R2 U B",R' U' R F R2 D' R U R' D R2 U' F',3_zbll_u,ZBLL-U,333,,,"#FFFF49,#FF8A06,#FFFF49,#FF4343,#43FF43,#FFFF49,#43FF43,#FF8A06,#246BFD,#FFFF49,#FFFF49,#FFFF49,#43FF43,#FF8A06,#FFFF49,#FFFF49,#FFFF49,#FF4343,#246BFD,#FF4343,#246BFD",0.0,checked
333_zbll-u_32,32,checked,"R u' R2 F' U2 F U R2 u U R' U' R
R' F2 R U' R2 F2 R2 U' R' U2 R' F2 R2
L2 D L2 U2 L2 D' L2 U L' D L2 U L2 D' L",R' U R U' u' R2 U' F' U2 F R2 u R',3_zbll_u,ZBLL-U,333,,,"#FFFF49,#FF8A06,#FFFF49,#FF8A06,#246BFD,#FFFF49,#43FF43,#FF8A06,#246BFD,#FFFF49,#FFFF49,#FFFF49,#FF4343,#FF4343,#FFFF49,#FFFF49,#FFFF49,#FF4343,#43FF43,#43FF43,#246BFD",0.0,checked
333_zbll-u_65,65,checked,"L U2 L D R' F2 R D' L2
R' U' R U2 L' U R' U' L U' R",L2 D R' F2 R D' L' U2 L',3_zbll_u,ZBLL-U,333,,,"#FFFF49,#246BFD,#FFFF49,#FF4343,#43FF43,#FFFF49,#FF8A06,#246BFD,#43FF43,#FFFF49,#FFFF49,#FFFF49,#FF4343,#43FF43,#FFFF49,#FFFF49,#FFFF49,#FF4343,#FF8A06,#FF8A06,#246BFD",0.0,checked
333_zbll-u_48,48,checked,"B' U' R2 D R' U R D' R2 B R U' R'
F' U' L2 D L' U L D' L2 F L U' L'",R U R' B' R2 D R' U' R D' R2 U B,3_zbll_u,ZBLL-U,333,,,"#FFFF49,#FF4343,#FFFF49,#FF4343,#43FF43,#FFFF49,#43FF43,#FF8A06,#43FF43,#FFFF49,#FFFF49,#FFFF49,#246BFD,#FF8A06,#FFFF49,#FFFF49,#FFFF49,#FF4343,#246BFD,#FF8A06,#246BFD",0.0,checked
333_zbll-u_50,50,checked,R U' L' U R' U' L2 U2 L' U' L U' L',L U L' U L U2 L2 U R U' L U R',3_zbll_u,ZBLL-U,333,,,"#FFFF49,#FF4343,#FFFF49,#FF8A06,#246BFD,#FFFF49,#FF4343,#43FF43,#FF8A06,#FFFF49,#FFFF49,#FFFF49,#43FF43,#43FF43,#FFFF49,#FFFF49,#FFFF49,#FF4343,#FF8A06,#246BFD,#246BFD",0.0,checked
333_zbll-u_23,23,checked,"R' F2 r2 U2 F' R2 F U2 r2 F' U2 F' R
R' U2 x L2 U2 F' R2 F U2 r2 y L' U2 L' F
R' U2 R2 U2 R U2 R D' R U2 R' D R' U2 R U2 R'
F U R U2 R' U R U R' U R U2 R' U R U R' F'
F U R U' R U R U' R2 U R U' R U R U' R2 F'
F' U' L' U2 L U' L' U' L U' L' U2 L U' L' U' L F",R' F U2 F r2 U2 F' R2 F U2 r2 F2 R,3_zbll_u,ZBLL-U,333,,,"#FFFF49,#FF8A06,#FFFF49,#43FF43,#FF8A06,#FFFF49,#FF8A06,#246BFD,#246BFD,#FFFF49,#FFFF49,#FFFF49,#43FF43,#FF4343,#FFFF49,#FFFF49,#FFFF49,#FF4343,#43FF43,#FF4343,#246BFD",0.0,checked
333_zbll-u_64,64,checked,F D R' U R U' R D' F2 U F R U' R',R U R' F' U' F2 D R' U R' U' R D' F',3_zbll_u,ZBLL-U,333,,,"#FFFF49,#FF8A06,#FFFF49,#FF4343,#43FF43,#FFFF49,#FF8A06,#246BFD,#43FF43,#FFFF49,#FFFF49,#FFFF49,#246BFD,#43FF43,#FFFF49,#FFFF49,#FFFF49,#FF4343,#FF8A06,#FF4343,#246BFD",0.0,checked
333_zbll-u_55,55,checked,R' U2 R U' L U2 R' U2 L' U' R U' L U' L',L U L' U R' U L U2 R U2 L' U R' U2 R,3_zbll_u,ZBLL-U,333,,,"#FFFF49,#FF4343,#FFFF49,#FF8A06,#246BFD,#FFFF49,#FF4343,#43FF43,#246BFD,#FFFF49,#FFFF49,#FFFF49,#FF8A06,#43FF43,#FFFF49,#FFFF49,#FFFF49,#FF4343,#FF8A06,#43FF43,#246BFD",0.0,checked
333_zbll-u_26,26,checked,"L F2 L' U L2 F2 L2 U L U2 L F2 L2
R U R2 F' U' R' U' R U F R' U' R2 U2 R
R' U2 R' D' R U2 R' D R' U R' U R U2 R'
R2 D' R2 U2 R2 D R2 U' R D' R2 U' R2 D R'",L2 F2 L' U2 L' U' L2 F2 L2 U' L F2 L',3_zbll_u,ZBLL-U,333,,,"#FFFF49,#FF8A06,#FFFF49,#FF8A06,#246BFD,#FFFF49,#43FF43,#FF8A06,#FF4343,#FFFF49,#FFFF49,#FFFF49,#43FF43,#FF4343,#FFFF49,#FFFF49,#FFFF49,#FF4343,#43FF43,#246BFD,#246BFD",0.0,checked
333_zbll-u_61,61,checked,"L U2 L D L' U2 L D' L2
R U2 R D R' U2 R D' R2",L2 D L' U2 L D' L' U2 L',3_zbll_u,ZBLL-U,333,,,"#FFFF49,#43FF43,#FFFF49,#FF4343,#43FF43,#FFFF49,#FF8A06,#246BFD,#FF8A06,#FFFF49,#FFFF49,#FFFF49,#FF4343,#43FF43,#FFFF49,#FFFF49,#FFFF49,#FF4343,#FF8A06,#246BFD,#246BFD",0.0,checked
333_zbll-u_36,36,checked,R F R' U R U2 R' U R U F' R',R F U' R' U' R U2 R' U' R F' R',3_zbll_u,ZBLL-U,333,,,"#FFFF49,#43FF43,#FFFF49,#FF8A06,#246BFD,#FFFF49,#43FF43,#FF8A06,#FF4343,#FFFF49,#FFFF49,#FFFF49,#246BFD,#FF4343,#FFFF49,#FFFF49,#FFFF49,#FF4343,#43FF43,#FF8A06,#246BFD",0.0,checked
333_zbll-u_43,43,checked,F' U L' U2 R' U2 R U2 L U' F R' U R,R' U' R F' U L' U2 R' U2 R U2 L U' F,3_zbll_u,ZBLL-U,333,,,"#FFFF49,#FF4343,#FFFF49,#FF4343,#43FF43,#FFFF49,#43FF43,#FF8A06,#246BFD,#FFFF49,#FFFF49,#FFFF49,#FF8A06,#FF8A06,#FFFF49,#FFFF49,#FFFF49,#FF4343,#246BFD,#43FF43,#246BFD",0.0,checked
333_zbll-u_53,53,checked,"L' U2 L U L2 D' L U L' D L2
R' U2 R U R2 D' R U R' D R2",L2 D' L U' L' D L2 U' L' U2 L,3_zbll_u,ZBLL-U,333,,,"#FFFF49,#43FF43,#FFFF49,#FF8A06,#246BFD,#FFFF49,#FF4343,#43FF43,#246BFD,#FFFF49,#FFFF49,#FFFF49,#FF4343,#43FF43,#FFFF49,#FFFF49,#FFFF49,#FF4343,#FF8A06,#FF8A06,#246BFD",0.0,checked
333_zbll-u_68,68,checked,"F' U L U' L' U2 F L F' U F U2 L'
R2 U' R y R2 u R' U R U' R u' R2 F",L U2 F' U' F L' F' U2 L U L' U' F,3_zbll_u,ZBLL-U,333,,,"#FFFF49,#FF8A06,#FFFF49,#FF4343,#43FF43,#FFFF49,#FF8A06,#246BFD,#246BFD,#FFFF49,#FFFF49,#FFFF49,#FF4343,#43FF43,#FFFF49,#FFFF49,#FFFF49,#FF4343,#FF8A06,#43FF43,#246BFD",0.0,checked
333_zbll-u_6,6,checked,R' U' R2 U R2 U R2 U2 R' U R' U R,R' U' R U' R U2 R2 U' R2 U' R2 U R,3_zbll_u,ZBLL-U,333,,,"#FFFF49,#43FF43,#FFFF49,#43FF43,#FF8A06,#FFFF49,#FF4343,#43FF43,#246BFD,#FFFF49,#FFFF49,#FFFF49,#FF8A06,#FF8A06,#FFFF49,#FFFF49,#FFFF49,#FF4343,#246BFD,#FF4343,#246BFD",0.0,checked
333_zbll-u_37,37,checked,"F R' F' R F2 r U r' F U' R U R'
U R' U' R U2 L U r' F U' R U R'
l U' l2 U l' U2 L' B L U2 x' U' R2 D
U R' U' R B' R' U R U2 x' U F U' R U R'
R U' R2 U' R2 U R' F' R U R2 U' R' F R2
R' F R' F' R U R U' R' F R U' R' U R U R' F' R",R U' R' U F' r U' r' F2 R' F R F',3_zbll_u,ZBLL-U,333,,,"#FFFF49,#FF8A06,#FFFF49,#FF4343,#43FF43,#FFFF49,#43FF43,#FF8A06,#43FF43,#FFFF49,#FFFF49,#FFFF49,#FF4343,#FF8A06,#FFFF49,#FFFF49,#FFFF49,#FF4343,#246BFD,#246BFD,#246BFD",0.0,checked
333_zbll-u_60,60,checked,"R' U2 R' D' R U2 R' D R2
L' U2 L' D' L U2 L' D L2
R' F R2 U' R' U' R U R' F' R U' R' U R U R'",R2 D' R U2 R' D R U2 R,3_zbll_u,ZBLL-U,333,,,"#FFFF49,#FF4343,#FFFF49,#FF8A06,#246BFD,#FFFF49,#FF4343,#43FF43,#43FF43,#FFFF49,#FFFF49,#FFFF49,#246BFD,#43FF43,#FFFF49,#FFFF49,#FFFF49,#FF4343,#FF8A06,#FF8A06,#246BFD",0.0,checked
333_zbll-u_7,7,checked,"R U2 R2 U R' U R' U R' U R U2 R2 U' R2
R2 U R2 U R U' R' U R2 U2 R' U R' U R U' R'
R U2 R2 U' R2 U' R2 U2 R U2 R U R' U R U2 R'",R2 U R2 U2 R' U' R U' R U' R U' R2 U2 R',3_zbll_u,ZBLL-U,333,,,"#FFFF49,#246BFD,#FFFF49,#43FF43,#FF8A06,#FFFF49,#FF4343,#43FF43,#FF4343,#FFFF49,#FFFF49,#FFFF49,#FF8A06,#FF8A06,#FFFF49,#FFFF49,#FFFF49,#FF4343,#246BFD,#43FF43,#246BFD",0.0,checked
333_zbll-l_44,44,checked,"L' U R' U L U' R U2 L' U L
L' U R' U L U' R U2 L' U L
R' U L' U R U' L U2 R' U R",L' U' L U2 R' U L' U' R U' L,3_zbll_l,ZBLL-L,333,,,"#FF8A06,#FF8A06,#FFFF49,#246BFD,#FFFF49,#FFFF49,#43FF43,#FF8A06,#246BFD,#FFFF49,#FFFF49,#FFFF49,#FF4343,#FFFF49,#43FF43,#FFFF49,#FFFF49,#FF4343,#FF4343,#43FF43,#246BFD",0.0,checked
333_zbll-l_47,47,checked,R' U' R D U' L' D' R2 D L D' R U2 R,R' U2 R' D L' D' R2 D L U D' R' U R,3_zbll_l,ZBLL-L,333,,,"#FF8A06,#246BFD,#FFFF49,#246BFD,#FFFF49,#FFFF49,#43FF43,#FF8A06,#FF8A06,#FFFF49,#FFFF49,#FFFF49,#43FF43,#FFFF49,#43FF43,#FFFF49,#FFFF49,#FF4343,#FF4343,#FF4343,#246BFD",0.0,checked
333_zbll-l_38,38,checked,"R2 D R' U R D' R2 U R U2 R'
L2 D L' U L D' L2 U L U2 L'",R U2 R' U' R2 D R' U' R D' R2,3_zbll_l,ZBLL-L,333,,,"#FF8A06,#FF8A06,#FFFF49,#246BFD,#FFFF49,#FFFF49,#43FF43,#FF8A06,#FF4343,#FFFF49,#FFFF49,#FFFF49,#43FF43,#FFFF49,#43FF43,#FFFF49,#FFFF49,#FF4343,#FF4343,#246BFD,#246BFD",0.0,checked
333_zbll-l_39,39,checked,R D L2 U2 L2 D' U R2 D' R U' R2 D R2,R2 D' R2 U R' D R2 U' D L2 U2 L2 D' R',3_zbll_l,ZBLL-L,333,,,"#FF8A06,#FF4343,#FFFF49,#246BFD,#FFFF49,#FFFF49,#43FF43,#FF8A06,#43FF43,#FFFF49,#FFFF49,#FFFF49,#FF8A06,#FFFF49,#43FF43,#FFFF49,#FFFF49,#FF4343,#FF4343,#246BFD,#246BFD",0.0,checked
333_zbll-l_17,17,checked,"R' U' R U' R' y R' U' R U' F U' R' U' R
L' U' L U' L' U' L U2 L' R' U L U' R
U' R' U R' U' R' D' R' D U R2 D' R' D
L' U' L U' L' U' R' U' L R U2 R' U' R
U' R' U R' U' R' U R2 D' U' R U R' D
L' U' L U' L' U' L U2 R' L' U L U' R
R' U2 R' D U' R' U' R D' R U R U R2",R' U R U F' U R' U R y' R U R' U R,3_zbll_l,ZBLL-L,333,,,"#FF4343,#43FF43,#FFFF49,#43FF43,#FFFF49,#FFFF49,#43FF43,#FF8A06,#246BFD,#FFFF49,#FFFF49,#FFFF49,#FF4343,#FFFF49,#246BFD,#FFFF49,#FFFF49,#FF4343,#FF8A06,#FF8A06,#246BFD",0.0,checked
333_zbll-l_19,19,checked,"F U R U2 R' U R U R' F'
L U' F' U2 F U L' F' U F",F R U' R' U' R U2 R' U' F',3_zbll_l,ZBLL-L,333,,,"#FF4343,#FF4343,#FFFF49,#43FF43,#FFFF49,#FFFF49,#43FF43,#FF8A06,#246BFD,#FFFF49,#FFFF49,#FFFF49,#FF8A06,#FFFF49,#246BFD,#FFFF49,#FFFF49,#FF4343,#FF8A06,#43FF43,#246BFD",0.0,checked
333_zbll-l_10,10,checked,"R' U' R U' R' U2 R U2 R' U2 R U R' U R
R U R' U R U2 R' U2 R U2 R' U' R U' R'",R' U' R U' R' U2 R U2 R' U2 R U R' U R,3_zbll_l,ZBLL-L,333,,,"#43FF43,#FF4343,#FFFF49,#FF8A06,#FFFF49,#FFFF49,#FF4343,#43FF43,#246BFD,#FFFF49,#FFFF49,#FFFF49,#43FF43,#FFFF49,#246BFD,#FFFF49,#FFFF49,#FF4343,#FF8A06,#FF8A06,#246BFD",0.0,checked
333_zbll-l_66,66,checked,"L' U' L U' x M U' R' U2 L U R U2 R'
F' U L2 D' B2 D F L2 F L2 F2 D2 B' R2 B2 D2 L2",R U2 R' U' L' U2 R U M' x' U L' U L,3_zbll_l,ZBLL-L,333,,,"#43FF43,#246BFD,#FFFF49,#FF8A06,#FFFF49,#FFFF49,#FF8A06,#246BFD,#43FF43,#FFFF49,#FFFF49,#FFFF49,#FF8A06,#FFFF49,#43FF43,#FFFF49,#FFFF49,#FF4343,#FF4343,#FF4343,#246BFD",0.0,checked
333_zbll-l_36,36,checked,L U L' D' U R D L2 D' R' D L' U2 L',L U2 L D' R D L2 D' R' U' D L U' L',3_zbll_l,ZBLL-L,333,,,"#FF4343,#43FF43,#FFFF49,#43FF43,#FFFF49,#FFFF49,#FF8A06,#246BFD,#FF4343,#FFFF49,#FFFF49,#FFFF49,#246BFD,#FFFF49,#FF8A06,#FFFF49,#FFFF49,#FF4343,#43FF43,#FF8A06,#246BFD",0.0,checked
333_zbll-l_61,61,checked,"R2 U R' F' U' F R U R' F R' F' R2 U2 R2
R2 U' l U F U' R' F' R U' R U x R2 U2 R2
L' U R2 F R U R U' R' F' R U2 R' U2 R L
R B' R' F R B R' F' R2 D L' B2 L D' R' U2 R'",R2 U2 R2 F R F' R U' R' F' U F R U' R2,3_zbll_l,ZBLL-L,333,,,"#43FF43,#FF8A06,#FFFF49,#FF8A06,#FFFF49,#FFFF49,#FF8A06,#246BFD,#43FF43,#FFFF49,#FFFF49,#FFFF49,#FF4343,#FFFF49,#43FF43,#FFFF49,#FFFF49,#FF4343,#FF4343,#246BFD,#246BFD",0.0,checked
333_zbll-l_64,64,checked,"F R U R' F R' F' R2 U' R' F'
F R U R2 F R F' R U' R' F'
F2 D B' R2 B D' F' U2 F' R U' L' U R' U' L",F R U R2 F R F' R U' R' F',3_zbll_l,ZBLL-L,333,,,"#43FF43,#43FF43,#FFFF49,#FF8A06,#FFFF49,#FFFF49,#FF8A06,#246BFD,#FF8A06,#FFFF49,#FFFF49,#FFFF49,#246BFD,#FFFF49,#43FF43,#FFFF49,#FFFF49,#FF4343,#FF4343,#FF4343,#246BFD",0.0,checked
333_zbll-l_45,45,checked,L' U' L2 U' L' U2 L2 D' U2 L U2 L' D U' L',L U D' L U2 L' U2 D L2 U2 L U L2 U L,3_zbll_l,ZBLL-L,333,,,"#FF8A06,#FF4343,#FFFF49,#246BFD,#FFFF49,#FFFF49,#43FF43,#FF8A06,#FF8A06,#FFFF49,#FFFF49,#FFFF49,#246BFD,#FFFF49,#43FF43,#FFFF49,#FFFF49,#FF4343,#FF4343,#43FF43,#246BFD",0.0,checked
333_zbll-l_30,30,checked,R U R2 U R U2 R2 D U2 R' U2 R D' U R,R' U' D R' U2 R U2 D' R2 U2 R' U' R2 U' R',3_zbll_l,ZBLL-L,333,,,"#FF4343,#43FF43,#FFFF49,#43FF43,#FFFF49,#FFFF49,#FF8A06,#246BFD,#246BFD,#FFFF49,#FFFF49,#FFFF49,#FF8A06,#FFFF49,#FF8A06,#FFFF49,#FFFF49,#FF4343,#43FF43,#FF4343,#246BFD",0.0,checked
333_zbll-l_9,9,checked,R U' R U2 R U' R' U R U' R2 U' R' U2 R',R U2 R U R2 U R' U' R U R' U2 R' U R',3_zbll_l,ZBLL-L,333,,,"#43FF43,#FF4343,#FFFF49,#FF8A06,#FFFF49,#FFFF49,#FF4343,#43FF43,#FF8A06,#FFFF49,#FFFF49,#FFFF49,#246BFD,#FFFF49,#246BFD,#FFFF49,#FFFF49,#FF4343,#FF8A06,#43FF43,#246BFD",0.0,checked
333_zbll-l_24,24,checked,"R' F' r U R U' r' F
R D R' U R D' R' U'
R' U' R' D' R U R' D R2",F' r U R' U' r' F R,3_zbll_l,ZBLL-L,333,,,"#FF4343,#FF4343,#FFFF49,#43FF43,#FFFF49,#FFFF49,#43FF43,#FF8A06,#43FF43,#FFFF49,#FFFF49,#FFFF49,#246BFD,#FFFF49,#246BFD,#FFFF49,#FFFF49,#FF4343,#FF8A06,#FF8A06,#246BFD",0.0,checked
333_zbll-l_4,4,checked,"R U2 R' U' R U' R' U2 R U R' U R U2 R'
L U2 L' U' L U' L' U2 L U L' U L U2 L'",R U2 R' U' R U' R' U2 R U R' U R U2 R',3_zbll_l,ZBLL-L,333,,,"#43FF43,#FF8A06,#FFFF49,#FF8A06,#FFFF49,#FFFF49,#FF4343,#43FF43,#43FF43,#FFFF49,#FFFF49,#FFFF49,#246BFD,#FFFF49,#246BFD,#FFFF49,#FFFF49,#FF4343,#FF8A06,#FF4343,#246BFD",0.0,checked
333_zbll-l_25,25,checked,"R2 D' R U2 R' D R U2 R
R U' R' U' R U R' F R U' R' U R U R2 F' R",R' U2 R' D' R U2 R' D R2,3_zbll_l,ZBLL-L,333,,,"#FF4343,#43FF43,#FFFF49,#43FF43,#FFFF49,#FFFF49,#FF8A06,#246BFD,#FF8A06,#FFFF49,#FFFF49,#FFFF49,#FF4343,#FFFF49,#FF8A06,#FFFF49,#FFFF49,#FF4343,#43FF43,#246BFD,#246BFD",0.0,checked
333_zbll-l_11,11,checked,"L2 R' u' R2 B L2 B' R2 u L U2 L R
R2 L' u' L2 F R2 F' L2 u R U2 R L
R' U2 R U R' U R U' R U2 R' U' R U' R'
L2 U2 L2 U' L U2 L2 U' L' U L' U L' U L'",R' L' U2 L' u' R2 B L2 B' R2 u R L2,3_zbll_l,ZBLL-L,333,,,"#43FF43,#246BFD,#FFFF49,#FF8A06,#FFFF49,#FFFF49,#FF4343,#43FF43,#FF8A06,#FFFF49,#FFFF49,#FFFF49,#43FF43,#FFFF49,#246BFD,#FFFF49,#FFFF49,#FF4343,#FF8A06,#FF4343,#246BFD",0.0,checked
333_zbll-l_63,63,checked,"F2 R U' R' U R U R2 F' R U R U' R' F'
R U F R U' R' U R U R2 F' R U R U' R' U' R'",F R U R' U' R' F R2 U' R' U' R U R' F2,3_zbll_l,ZBLL-L,333,,,"#43FF43,#43FF43,#FFFF49,#FF8A06,#FFFF49,#FFFF49,#FF8A06,#246BFD,#FF4343,#FFFF49,#FFFF49,#FFFF49,#FF8A06,#FFFF49,#43FF43,#FFFF49,#FFFF49,#FF4343,#FF4343,#246BFD,#246BFD",0.0,checked
333_zbll-l_67,67,checked,R' U2 r' R2 U' L U R2 F2 R,R' F2 R2 U' L' U R2 r U2 R,3_zbll_l,ZBLL-L,333,,,"#43FF43,#FF4343,#FFFF49,#FF8A06,#FFFF49,#FFFF49,#FF8A06,#246BFD,#246BFD,#FFFF49,#FFFF49,#FFFF49,#FF8A06,#FFFF49,#43FF43,#FFFF49,#FFFF49,#FF4343,#FF4343,#43FF43,#246BFD",0.0,checked
333_zbll-l_51,51,checked,"R U R' U' R U' R' L U' R U R' L'
R' U' R' U R2 D' U R U2 R' D U2 R'
R' U' R U F R' U R U' F' U2 R' U' R
L' U' L U' R U2 L' U L U L' U R' U2 L",L R U' R' U L' R U R' U R U' R',3_zbll_l,ZBLL-L,333,,,"#FF8A06,#43FF43,#FFFF49,#246BFD,#FFFF49,#FFFF49,#FF4343,#43FF43,#FF4343,#FFFF49,#FFFF49,#FFFF49,#FF8A06,#FFFF49,#FF8A06,#FFFF49,#FFFF49,#FF4343,#43FF43,#246BFD,#246BFD",0.0,checked
333_zbll-l_58,58,checked,"M U R' U' L U R U R' U' R U' R'
D' U R U' R' D R U R U' R' U R' U' R",R U R' U R U' R' U' L' U R U' M',3_zbll_l,ZBLL-L,333,,,"#FF8A06,#246BFD,#FFFF49,#246BFD,#FFFF49,#FFFF49,#FF4343,#43FF43,#FF4343,#FFFF49,#FFFF49,#FFFF49,#43FF43,#FFFF49,#FF8A06,#FFFF49,#FFFF49,#FF4343,#43FF43,#FF8A06,#246BFD",0.0,checked
333_zbll-l_35,35,checked,R U R' U L' U R U2 L U2 R' U L' U2 L,L' U2 L U' R U2 L' U2 R' U' L U' R U' R',3_zbll_l,ZBLL-L,333,,,"#FF4343,#246BFD,#FFFF49,#43FF43,#FFFF49,#FFFF49,#FF8A06,#246BFD,#FF8A06,#FFFF49,#FFFF49,#FFFF49,#43FF43,#FFFF49,#FF8A06,#FFFF49,#FFFF49,#FF4343,#43FF43,#FF4343,#246BFD",0.0,checked
333_zbll-l_29,29,checked,"L2 D' L U' L' D L2 U' L' U2 L
R2 D' R U' R' D R2 U' R' U2 R",L' U2 L U L2 D' L U L' D L2,3_zbll_l,ZBLL-L,333,,,"#FF4343,#246BFD,#FFFF49,#43FF43,#FFFF49,#FFFF49,#FF8A06,#246BFD,#43FF43,#FFFF49,#FFFF49,#FFFF49,#FF4343,#FFFF49,#FF8A06,#FFFF49,#FFFF49,#FF4343,#43FF43,#FF8A06,#246BFD",0.0,checked
333_zbll-l_27,27,checked,"R2 D' R U2 R' D R U2 R
R U' L U' R' U L' U2 R U' R'
R U' R' U2 R U R' U2 L U' R U R' L'",R' U2 R' D' R U2 R' D R2,3_zbll_l,ZBLL-L,333,,,"#FF4343,#FF4343,#FFFF49,#43FF43,#FFFF49,#FFFF49,#FF8A06,#246BFD,#43FF43,#FFFF49,#FFFF49,#FFFF49,#FF8A06,#FFFF49,#FF8A06,#FFFF49,#FFFF49,#FF4343,#43FF43,#246BFD,#246BFD",0.0,checked
333_zbll-l_23,23,checked,L' R' U2 R U L U2 x' M' U' R U L2 U2 L,L' U2 L2 U' R' U M x U2 L' U' R' U2 R L,3_zbll_l,ZBLL-L,333,,,"#FF4343,#FF8A06,#FFFF49,#43FF43,#FFFF49,#FFFF49,#43FF43,#FF8A06,#246BFD,#FFFF49,#FFFF49,#FFFF49,#43FF43,#FFFF49,#246BFD,#FFFF49,#FFFF49,#FF4343,#FF8A06,#FF4343,#246BFD",0.0,checked
333_zbll-l_22,22,checked,"F U R' U' R F' R' U' R U R' U R
r' U r U r' F' U' r F R U R' F'
D U' R' U R D' R' U' R' U R U' R U
M U' L U R' U' L' U' L U L' U L
r U R' U' M U R U' R' F R U' R' U R U R' F'",R' U' R U' R' U R F R' U R U' F',3_zbll_l,ZBLL-L,333,,,"#FF4343,#246BFD,#FFFF49,#43FF43,#FFFF49,#FFFF49,#43FF43,#FF8A06,#FF4343,#FFFF49,#FFFF49,#FFFF49,#43FF43,#FFFF49,#246BFD,#FFFF49,#FFFF49,#FF4343,#FF8A06,#FF8A06,#246BFD",0.0,checked
333_zbll-l_50,50,checked,"R U R' U R y' R U R' U B' U R U R'
L U L' U L U L' U2 L R U' L' U R'
R U R' U R U R' U2 R L U' R' U L'
L U L' U L U R U L' R' U2 R U R'
R U R' U R U L U R' L' U2 L U L'
R U R' U R U R' U2 L R U' R' U L'
R U2 R D' U R U R' D R' U' R' U' R2
R U' R U R2 U' R' U' R' D R' U R D' U R U' R'",R U' R' U' B U' R U' R' y R' U' R U' R',3_zbll_l,ZBLL-L,333,,,"#FF8A06,#FF4343,#FFFF49,#246BFD,#FFFF49,#FFFF49,#FF4343,#43FF43,#FF8A06,#FFFF49,#FFFF49,#FFFF49,#43FF43,#FFFF49,#FF8A06,#FFFF49,#FFFF49,#FF4343,#43FF43,#246BFD,#246BFD",0.0,checked
333_zbll-l_5,5,checked,"R' L' U2 L' u' R2 B L2 B' R2 u R L2
L' R' U2 R' u' L2 F R2 F' L2 u L R2
R U R' U R U2 R' U R' U' R U' R' U2 R
L2 U' L U L2 U L' U' L' U2 L' U L' U L2",L2 R' u' R2 B L2 B' R2 u L U2 L R,3_zbll_l,ZBLL-L,333,,,"#43FF43,#246BFD,#FFFF49,#FF8A06,#FFFF49,#FFFF49,#FF4343,#43FF43,#43FF43,#FFFF49,#FFFF49,#FFFF49,#FF4343,#FFFF49,#246BFD,#FFFF49,#FFFF49,#FF4343,#FF8A06,#FF8A06,#246BFD",0.0,checked
333_zbll-l_65,65,checked,"r U2 R' F R' F' R2 U2 r'
L U2 R' U R U2 L' R' U R
L' U' L R U2 L' U' L U2 R'
R2 F' R U R U' R' F R U' R' U R
L' U' L U' F2 R' F' R U R U' R' F'",r U2 R2 F R F' R U2 r',3_zbll_l,ZBLL-L,333,,,"#43FF43,#43FF43,#FFFF49,#FF8A06,#FFFF49,#FFFF49,#FF8A06,#246BFD,#246BFD,#FFFF49,#FFFF49,#FFFF49,#FF4343,#FFFF49,#43FF43,#FFFF49,#FFFF49,#FF4343,#FF4343,#FF8A06,#246BFD",0.0,checked
333_zbll-l_1,1,checked,"L' U2 L R U R' U L' U L R U2 R'
R' U2 R U2 R U R' U' R' U R U2 R U2 R'
R' U2 R U2 R U R' U' R' U R U2 R U2 R'",R U2 R' L' U' L U' R U' R' L' U2 L,3_zbll_l,ZBLL-L,333,,,"#43FF43,#43FF43,#FFFF49,#FF8A06,#FFFF49,#FFFF49,#FF4343,#43FF43,#FF8A06,#FFFF49,#FFFF49,#FFFF49,#FF4343,#FFFF49,#246BFD,#FFFF49,#FFFF49,#FF4343,#FF8A06,#246BFD,#246BFD",0.0,checked
333_zbll-l_6,6,checked,"R' U R' U2 R' U R U' R' U R2 U R U2 R
L' U L' U2 L' U L U' L' U L2 U L U2 L",R' U2 R' U' R2 U' R U R' U' R U2 R U' R,3_zbll_l,ZBLL-L,333,,,"#43FF43,#43FF43,#FFFF49,#FF8A06,#FFFF49,#FFFF49,#FF4343,#43FF43,#246BFD,#FFFF49,#FFFF49,#FFFF49,#FF8A06,#FFFF49,#246BFD,#FFFF49,#FFFF49,#FF4343,#FF8A06,#FF4343,#246BFD",0.0,checked
333_zbll-l_12,12,checked,"L2 R u R2 F' L2 F R2 u' L' U2 L' R'
R U2 R' U' R U' R' U R' U2 R U R' U R
R2 U2 R2 U R' U2 R2 U R U' R U' R U' R",R L U2 L u R2 F' L2 F R2 u' R' L2,3_zbll_l,ZBLL-L,333,,,"#43FF43,#43FF43,#FFFF49,#FF8A06,#FFFF49,#FFFF49,#FF4343,#43FF43,#FF4343,#FFFF49,#FFFF49,#FFFF49,#246BFD,#FFFF49,#246BFD,#FFFF49,#FFFF49,#FF4343,#FF8A06,#FF8A06,#246BFD",0.0,checked
333_zbll-l_20,20,checked,"R' U' R U R' U R L' U R' U' R L
R U R' U L' U2 R U' R' U' R U' L U2 R'
F R2 U' R' U2 R' U' R U' R' U' R2 U R2 F'
R U R' U' R U' R' U' F R U R' U' R' F' R",L' R' U R U' L R' U' R U' R' U R,3_zbll_l,ZBLL-L,333,,,"#FF4343,#246BFD,#FFFF49,#43FF43,#FFFF49,#FFFF49,#43FF43,#FF8A06,#FF8A06,#FFFF49,#FFFF49,#FFFF49,#FF4343,#FFFF49,#246BFD,#FFFF49,#FFFF49,#FF4343,#FF8A06,#43FF43,#246BFD",0.0,checked
333_zbll-l_48,48,checked,"L U' R' F' R U' F U l' F' U2 F R U' r'
R' U' R U' R U R U2 L' u R2 u' L U' R
F r U r' U r U2 r' U2 R' F' D' F' D R
L' U' L U' L U L U2 R' D F2 D' R U' L
R2 u R' U R U' R2 U R' U' u' R2 y' R' U' R
L' U' L U' R U' L' U2 R' U2 L U' R U2 R'
R' U' R U' l U' R' U2 L' U2 R U' L U2 l'
r' F' r U' R U' R' F2 R' F2 R U' R U2 R'
U' R' U R' D R' U' R2 D' R2 U R' D R2 D'
L' U' L U' R U' L' U2 R' U2 L U' R U2 R'",r U R' F' U2 F l U' F' U R' F R U L',3_zbll_l,ZBLL-L,333,,,"#FF8A06,#43FF43,#FFFF49,#246BFD,#FFFF49,#FFFF49,#43FF43,#FF8A06,#FF4343,#FFFF49,#FFFF49,#FFFF49,#246BFD,#FFFF49,#43FF43,#FFFF49,#FFFF49,#FF4343,#FF4343,#FF8A06,#246BFD",0.0,checked
333_zbll-l_71,71,checked,"R' F2 U L U2 L' U' F2 U L U R U L'
L U2 R' U R U2 L' U R U2 R' U' R' U R2 U2 R'",L U' R' U' L' U' F2 U L U2 L' U' F2 R,3_zbll_l,ZBLL-L,333,,,"#43FF43,#FF8A06,#FFFF49,#FF8A06,#FFFF49,#FFFF49,#FF8A06,#246BFD,#246BFD,#FFFF49,#FFFF49,#FFFF49,#43FF43,#FFFF49,#43FF43,#FFFF49,#FFFF49,#FF4343,#FF4343,#FF4343,#246BFD",0.0,checked
333_zbll-l_62,62,checked,"R U R' L' U2 R U R' U2 L
L' U2 R U' R' U2 L R U' R'",L' U2 R U' R' U2 L R U' R',3_zbll_l,ZBLL-L,333,,,"#43FF43,#FF4343,#FFFF49,#FF8A06,#FFFF49,#FFFF49,#FF8A06,#246BFD,#FF8A06,#FFFF49,#FFFF49,#FFFF49,#43FF43,#FFFF49,#43FF43,#FFFF49,#FFFF49,#FF4343,#FF4343,#246BFD,#246BFD",0.0,checked
333_zbll-l_18,18,checked,,,3_zbll_l,ZBLL-L,333,,,"#FF4343,#246BFD,#FFFF49,#43FF43,#FFFF49,#FFFF49,#43FF43,#FF8A06,#43FF43,#FFFF49,#FFFF49,#FFFF49,#FF8A06,#FFFF49,#246BFD,#FFFF49,#FFFF49,#FF4343,#FF8A06,#FF4343,#246BFD",0.0,checked
333_zbll-l_59,59,checked,U' L' U R' U' L U l,l' U' L' U R U' L U,3_zbll_l,ZBLL-L,333,,,"#FF8A06,#FF8A06,#FFFF49,#246BFD,#FFFF49,#FFFF49,#FF4343,#43FF43,#246BFD,#FFFF49,#FFFF49,#FFFF49,#43FF43,#FFFF49,#FF8A06,#FFFF49,#FFFF49,#FF4343,#43FF43,#FF4343,#246BFD",0.0,checked
333_zbll-l_13,13,checked,R' U2 R' U2 R F U' R' U' R U F' R,R' F U' R' U R U F' R' U2 R U2 R,3_zbll_l,ZBLL-L,333,,,"#FF4343,#FF8A06,#FFFF49,#43FF43,#FFFF49,#FFFF49,#43FF43,#FF8A06,#43FF43,#FFFF49,#FFFF49,#FFFF49,#FF4343,#FFFF49,#246BFD,#FFFF49,#FFFF49,#FF4343,#FF8A06,#246BFD,#246BFD",0.0,checked
333_zbll-l_69,69,checked,R U R' U x M U L U2 R' U' L' U2 L,L' U2 L U R U2 L' U' M' x' U' R U' R',3_zbll_l,ZBLL-L,333,,,"#43FF43,#FF8A06,#FFFF49,#FF8A06,#FFFF49,#FFFF49,#FF8A06,#246BFD,#FF4343,#FFFF49,#FFFF49,#FFFF49,#246BFD,#FFFF49,#43FF43,#FFFF49,#FFFF49,#FF4343,#FF4343,#43FF43,#246BFD",0.0,checked
333_zbll-l_41,41,checked,"F' R2 u R' U R' U' R u' R2 F' U F2
F' R2 u R' U R' U' R u' R2 F' y' U R2
L2 D L' U2 L D' U L U L2 U' L' U' L2",F2 U' F R2 u R' U R U' R u' R2 F,3_zbll_l,ZBLL-L,333,,,"#FF8A06,#246BFD,#FFFF49,#246BFD,#FFFF49,#FFFF49,#43FF43,#FF8A06,#43FF43,#FFFF49,#FFFF49,#FFFF49,#FF4343,#FFFF49,#43FF43,#FFFF49,#FFFF49,#FF4343,#FF4343,#FF8A06,#246BFD",0.0,checked
333_zbll-l_37,37,checked,"L2 D L' U2 L D' L' U2 L'
L' U L U L' U' L F' L' U L U' L' U' L2 F L'",L U2 L D L' U2 L D' L2,3_zbll_l,ZBLL-L,333,,,"#FF8A06,#43FF43,#FFFF49,#246BFD,#FFFF49,#FFFF49,#43FF43,#FF8A06,#FF8A06,#FFFF49,#FFFF49,#FFFF49,#FF4343,#FFFF49,#43FF43,#FFFF49,#FFFF49,#FF4343,#FF4343,#246BFD,#246BFD",0.0,checked
333_zbll-l_42,42,checked,"L' U' L U' L' U2 L2 U' R' U L' U' R
D' R' D R' D' R2 D2 R' U' R D' R' U
L' U' L U' L' U2 L2 U' R' U L' U' R
U' R' U R' U' R2 U2 R' D' R U' R' D
R' U' R U' R' U2 R2 U' L' U R' U' L",R' U L U' R U L2 U2 L U L' U L,3_zbll_l,ZBLL-L,333,,,"#FF8A06,#43FF43,#FFFF49,#246BFD,#FFFF49,#FFFF49,#43FF43,#FF8A06,#246BFD,#FFFF49,#FFFF49,#FFFF49,#FF8A06,#FFFF49,#43FF43,#FFFF49,#FFFF49,#FF4343,#FF4343,#FF4343,#246BFD",0.0,checked
333_zbll-l_31,31,checked,R2 D' L D2 R U' R' D' R D' U L' D R,R' D' L U' D R' D R U R' D2 L' D R2,3_zbll_l,ZBLL-L,333,,,"#FF4343,#246BFD,#FFFF49,#43FF43,#FFFF49,#FFFF49,#FF8A06,#246BFD,#FF4343,#FFFF49,#FFFF49,#FFFF49,#FF8A06,#FFFF49,#FF8A06,#FFFF49,#FFFF49,#FF4343,#43FF43,#43FF43,#246BFD",0.0,checked
333_zbll-l_21,21,checked,"U' r F U2 L U2 L' y U2 M
F R U R2 U' R' F' R U R U R U2 R'",M' U2 y' L U2 L' U2 F' r' U,3_zbll_l,ZBLL-L,333,,,"#FF4343,#FF8A06,#FFFF49,#43FF43,#FFFF49,#FFFF49,#43FF43,#FF8A06,#FF4343,#FFFF49,#FFFF49,#FFFF49,#246BFD,#FFFF49,#246BFD,#FFFF49,#FFFF49,#FF4343,#FF8A06,#43FF43,#246BFD",0.0,checked
333_zbll-l_7,7,checked,"R' U2 R U R' U' R U R' U' R U R' U R
R U2 R' U' R U R' U' R U R' U' R U' R'",R' U' R U' R' U R U' R' U R U' R' U2 R,3_zbll_l,ZBLL-L,333,,,"#43FF43,#246BFD,#FFFF49,#FF8A06,#FFFF49,#FFFF49,#FF4343,#43FF43,#FF4343,#FFFF49,#FFFF49,#FFFF49,#FF8A06,#FFFF49,#246BFD,#FFFF49,#FFFF49,#FF4343,#FF8A06,#43FF43,#246BFD",0.0,checked
333_zbll-l_8,8,checked,"R2 U' R U R U' R' U' R U' R' U R' U R2
L2 U' L U L U' L' U' L U' L' U L' U L2",R2 U' R U' R U R' U R U R' U' R' U R2,3_zbll_l,ZBLL-L,333,,,"#43FF43,#FF8A06,#FFFF49,#FF8A06,#FFFF49,#FFFF49,#FF4343,#43FF43,#246BFD,#FFFF49,#FFFF49,#FFFF49,#FF4343,#FFFF49,#246BFD,#FFFF49,#FFFF49,#FF4343,#FF8A06,#43FF43,#246BFD",0.0,checked
333_zbll-l_32,32,checked,L' D' R2 U2 R2 D U' L2 D L' U L2 D' L2,L2 D L2 U' L D' L2 U D' R2 U2 R2 D L,3_zbll_l,ZBLL-L,333,,,"#FF4343,#FF8A06,#FFFF49,#43FF43,#FFFF49,#FFFF49,#FF8A06,#246BFD,#246BFD,#FFFF49,#FFFF49,#FFFF49,#FF4343,#FFFF49,#FF8A06,#FFFF49,#FFFF49,#FF4343,#43FF43,#43FF43,#246BFD",0.0,checked
333_zbll-l_33,33,checked,R U R' U R U2 R2 U L U' R U L',L U' R' U L' U' R2 U2 R' U' R U' R',3_zbll_l,ZBLL-L,333,,,"#FF4343,#FF4343,#FFFF49,#43FF43,#FFFF49,#FFFF49,#FF8A06,#246BFD,#FF8A06,#FFFF49,#FFFF49,#FFFF49,#246BFD,#FFFF49,#FF8A06,#FFFF49,#FFFF49,#FF4343,#43FF43,#43FF43,#246BFD",0.0,checked
333_zbll-l_54,54,checked,U l' F' U2 R' U2 R y' U2 M,M' U2 y R' U2 R U2 F l U',3_zbll_l,ZBLL-L,333,,,"#FF8A06,#246BFD,#FFFF49,#246BFD,#FFFF49,#FFFF49,#FF4343,#43FF43,#43FF43,#FFFF49,#FFFF49,#FFFF49,#FF8A06,#FFFF49,#FF8A06,#FFFF49,#FFFF49,#FF4343,#43FF43,#FF4343,#246BFD",0.0,checked
333_zbll-l_26,26,checked,R2 D' R U2 R' D U' R' U' R2 U R U R2,R2 U' R' U' R2 U R U D' R U2 R' D R2,3_zbll_l,ZBLL-L,333,,,"#FF4343,#FF8A06,#FFFF49,#43FF43,#FFFF49,#FFFF49,#FF8A06,#246BFD,#FF4343,#FFFF49,#FFFF49,#FFFF49,#43FF43,#FFFF49,#FF8A06,#FFFF49,#FFFF49,#FF4343,#43FF43,#246BFD,#246BFD",0.0,checked
333_zbll-l_70,70,checked,R' F2 R2 U' L' U L R2 F2 R,R' F2 R2 L' U' L U R2 F2 R,3_zbll_l,ZBLL-L,333,,,"#43FF43,#246BFD,#FFFF49,#FF8A06,#FFFF49,#FFFF49,#FF8A06,#246BFD,#FF4343,#FFFF49,#FFFF49,#FFFF49,#43FF43,#FFFF49,#43FF43,#FFFF49,#FFFF49,#FF4343,#FF4343,#FF8A06,#246BFD",0.0,checked
333_zbll-l_56,56,checked,R' U L' U' L U' R U' R' U2 R U' L' U L,L' U' L U R' U2 R U R' U L' U L U' R,3_zbll_l,ZBLL-L,333,,,"#FF8A06,#246BFD,#FFFF49,#246BFD,#FFFF49,#FFFF49,#FF4343,#43FF43,#FF8A06,#FFFF49,#FFFF49,#FFFF49,#FF4343,#FFFF49,#FF8A06,#FFFF49,#FFFF49,#FF4343,#43FF43,#43FF43,#246BFD",0.0,checked
333_zbll-l_68,68,checked,"F2 L' U L U' L' U' L2 F L' U' L' U L F
R' U' F R U' R' U R U R2 F' R U R U' R' U R",F' L' U' L U L F' L2 U L U L' U' L F2,3_zbll_l,ZBLL-L,333,,,"#43FF43,#246BFD,#FFFF49,#FF8A06,#FFFF49,#FFFF49,#FF8A06,#246BFD,#FF8A06,#FFFF49,#FFFF49,#FFFF49,#FF4343,#FFFF49,#43FF43,#FFFF49,#FFFF49,#FF4343,#FF4343,#43FF43,#246BFD",0.0,checked
333_zbll-l_49,49,checked,L U2 L U2 L' F' U L U L' U' F L',L F' U L U' L' U' F L U2 L' U2 L',3_zbll_l,ZBLL-L,333,,,"#FF8A06,#FF8A06,#FFFF49,#246BFD,#FFFF49,#FFFF49,#FF4343,#43FF43,#43FF43,#FFFF49,#FFFF49,#FFFF49,#FF4343,#FFFF49,#FF8A06,#FFFF49,#FFFF49,#FF4343,#43FF43,#246BFD,#246BFD",0.0,checked
333_zbll-l_60,60,checked,"L' U2 L U2 L' U L U' R U' L' U R' U L
R' U2 R U2 R' U R U' L U' R' U L' U R
R L U2 L' U' R' U2 x' M' U L' U' R2 U2 R'",L' U' R U' L U R' U L' U' L U2 L' U2 L,3_zbll_l,ZBLL-L,333,,,"#FF8A06,#FF4343,#FFFF49,#246BFD,#FFFF49,#FFFF49,#FF4343,#43FF43,#43FF43,#FFFF49,#FFFF49,#FFFF49,#246BFD,#FFFF49,#FF8A06,#FFFF49,#FFFF49,#FF4343,#43FF43,#FF8A06,#246BFD",0.0,checked
333_zbll-l_40,40,checked,R U' L U' R' U' L' U2 R U L U' L' U R',R U' L U L' U' R' U2 L U R U L' U R',3_zbll_l,ZBLL-L,333,,,"#FF8A06,#FF8A06,#FFFF49,#246BFD,#FFFF49,#FFFF49,#43FF43,#FF8A06,#43FF43,#FFFF49,#FFFF49,#FFFF49,#246BFD,#FFFF49,#43FF43,#FFFF49,#FFFF49,#FF4343,#FF4343,#FF4343,#246BFD",0.0,checked
333_zbll-l_28,28,checked,L' U R' U L U R U2 L' U' R' U R U' L,L' U R' U' R U L U2 R' U' L' U' R U' L,3_zbll_l,ZBLL-L,333,,,"#FF4343,#FF8A06,#FFFF49,#43FF43,#FFFF49,#FFFF49,#FF8A06,#246BFD,#43FF43,#FFFF49,#FFFF49,#FFFF49,#246BFD,#FFFF49,#FF8A06,#FFFF49,#FFFF49,#FF4343,#43FF43,#FF4343,#246BFD",0.0,checked
333_zbll-l_53,53,checked,"R2 U' R2 U' R2 U R' D' R U R' D R'
R F U R2 U' R2 F' U R U R2 U' R2",R D' R U' R' D R U' R2 U R2 U R2,3_zbll_l,ZBLL-L,333,,,"#FF8A06,#43FF43,#FFFF49,#246BFD,#FFFF49,#FFFF49,#FF4343,#43FF43,#246BFD,#FFFF49,#FFFF49,#FFFF49,#FF4343,#FFFF49,#FF8A06,#FFFF49,#FFFF49,#FF4343,#43FF43,#FF8A06,#246BFD",0.0,checked
333_zbll-l_43,43,checked,L2 D R' D2 L' U L D L' D U' R D' L',L D R' U D' L D' L' U' L D2 R D' L2,3_zbll_l,ZBLL-L,333,,,"#FF8A06,#246BFD,#FFFF49,#246BFD,#FFFF49,#FFFF49,#43FF43,#FF8A06,#FF4343,#FFFF49,#FFFF49,#FFFF49,#FF8A06,#FFFF49,#43FF43,#FFFF49,#FFFF49,#FF4343,#FF4343,#43FF43,#246BFD",0.0,checked
333_zbll-l_14,14,checked,L' F' U' L2 U L2 F U' L' U' L2 U L2,L2 U' L2 U L U F' L2 U' L2 U F L,3_zbll_l,ZBLL-L,333,,,"#FF4343,#FF4343,#FFFF49,#43FF43,#FFFF49,#FFFF49,#43FF43,#FF8A06,#FF8A06,#FFFF49,#FFFF49,#FFFF49,#43FF43,#FFFF49,#246BFD,#FFFF49,#FFFF49,#FF4343,#FF8A06,#246BFD,#246BFD",0.0,checked
333_zbll-l_2,2,checked,"R L U2 L u R2 F' L2 F R2 u' R' L2
R' U' R U' R' U2 R U' R U R' U R U2 R'
R2 U R' U' R2 U' R U R U2 R U' R U' R2",L2 R u R2 F' L2 F R2 u' L' U2 L' R',3_zbll_l,ZBLL-L,333,,,"#43FF43,#FF8A06,#FFFF49,#FF8A06,#FFFF49,#FFFF49,#FF4343,#43FF43,#FF4343,#FFFF49,#FFFF49,#FFFF49,#43FF43,#FFFF49,#246BFD,#FFFF49,#FFFF49,#FF4343,#FF8A06,#246BFD,#246BFD",0.0,checked
333_zbll-l_46,46,checked,R' U L' U' L U R U2 L' U2 L U R' U2 R,R' U2 R U' L' U2 L U2 R' U' L' U L U' R,3_zbll_l,ZBLL-L,333,,,"#FF8A06,#FF4343,#FFFF49,#246BFD,#FFFF49,#FFFF49,#43FF43,#FF8A06,#246BFD,#FFFF49,#FFFF49,#FFFF49,#43FF43,#FFFF49,#43FF43,#FFFF49,#FFFF49,#FF4343,#FF4343,#FF8A06,#246BFD",0.0,checked
333_zbll-l_55,55,checked,R' U F U2 F' U' R F U' F',F U F' R' U F U2 F' U' R,3_zbll_l,ZBLL-L,333,,,"#FF8A06,#FF4343,#FFFF49,#246BFD,#FFFF49,#FFFF49,#FF4343,#43FF43,#246BFD,#FFFF49,#FFFF49,#FFFF49,#FF8A06,#FFFF49,#FF8A06,#FFFF49,#FFFF49,#FF4343,#43FF43,#43FF43,#246BFD",0.0,checked
333_zbll-l_34,34,checked,L U' R U R' U' L' U2 R U2 R' U' L U2 L',L U2 L' U R U2 R' U2 L U R U' R' U L',3_zbll_l,ZBLL-L,333,,,"#FF4343,#FF4343,#FFFF49,#43FF43,#FFFF49,#FFFF49,#FF8A06,#246BFD,#246BFD,#FFFF49,#FFFF49,#FFFF49,#43FF43,#FFFF49,#FF8A06,#FFFF49,#FFFF49,#FF4343,#43FF43,#FF8A06,#246BFD",0.0,checked
333_zbll-l_57,57,checked,"R U2 R' U2 R' F R U R U' R' F'
R' U' R U L U L' U2 R' U2 L U' x M
R' F R U R U' R' F' U' R U' R' U2 R U R'",F R U R' U' R' F' R U2 R U2 R',3_zbll_l,ZBLL-L,333,,,"#FF8A06,#FF8A06,#FFFF49,#246BFD,#FFFF49,#FFFF49,#FF4343,#43FF43,#FF4343,#FFFF49,#FFFF49,#FFFF49,#246BFD,#FFFF49,#FF8A06,#FFFF49,#FFFF49,#FF4343,#43FF43,#43FF43,#246BFD",0.0,checked
333_zbll-l_3,3,checked,R2 U R' U' R' U R U R' U R U' R U' R2,R2 U R' U R' U' R U' R' U' R U R U' R2,3_zbll_l,ZBLL-L,333,,,"#43FF43,#FF4343,#FFFF49,#FF8A06,#FFFF49,#FFFF49,#FF4343,#43FF43,#43FF43,#FFFF49,#FFFF49,#FFFF49,#FF8A06,#FFFF49,#246BFD,#FFFF49,#FFFF49,#FF4343,#FF8A06,#246BFD,#246BFD",0.0,checked
333_zbll-l_72,72,checked,"L F2 U' R' U2 R U F2 U' R' U' L' U' R
F2 D F' U2 F D' F' U2 F' R U' L' U R' U' L
L U' R U' L U' R2 U L' U' R2 U2 R2 U L' U' R",R' U L U R U F2 U' R' U2 R U F2 L',3_zbll_l,ZBLL-L,333,,,"#43FF43,#FF4343,#FFFF49,#FF8A06,#FFFF49,#FFFF49,#FF8A06,#246BFD,#43FF43,#FFFF49,#FFFF49,#FFFF49,#246BFD,#FFFF49,#43FF43,#FFFF49,#FFFF49,#FF4343,#FF4343,#FF8A06,#246BFD",0.0,checked
333_zbll-l_16,16,checked,L U2 F L' U' L2 U L' F' U' x U L' U' B' L',L B U L U' x' U F L U' L2 U L F' U2 L',3_zbll_l,ZBLL-L,333,,,"#FF4343,#43FF43,#FFFF49,#43FF43,#FFFF49,#FFFF49,#43FF43,#FF8A06,#FF8A06,#FFFF49,#FFFF49,#FFFF49,#246BFD,#FFFF49,#246BFD,#FFFF49,#FFFF49,#FF4343,#FF8A06,#FF4343,#246BFD",0.0,checked
333_zbll-l_52,52,checked,R' U2 F' R U R2 U' R F U x U' R U B R,R' B' U' R' U x' U' F' R' U R2 U' R' F U2 R,3_zbll_l,ZBLL-L,333,,,"#FF8A06,#43FF43,#FFFF49,#246BFD,#FFFF49,#FFFF49,#FF4343,#43FF43,#FF8A06,#FFFF49,#FFFF49,#FFFF49,#246BFD,#FFFF49,#FF8A06,#FFFF49,#FFFF49,#FF4343,#43FF43,#FF4343,#246BFD",0.0,checked
333_zbll-l_15,15,checked,L U' R U R' U L' U L U2 L' U R U' R',R U R' U' L U2 L' U' L U' R U' R' U L',3_zbll_l,ZBLL-L,333,,,"#FF4343,#43FF43,#FFFF49,#43FF43,#FFFF49,#FFFF49,#43FF43,#FF8A06,#FF4343,#FFFF49,#FFFF49,#FFFF49,#FF8A06,#FFFF49,#246BFD,#FFFF49,#FFFF49,#FF4343,#FF8A06,#246BFD,#246BFD",0.0,checked
333_zbll-h_7,7,checked,"R U2 R' U' R U R' U' R U' R'
L U2 L' U' L U L' U' L U' L'",R U R' U R U' R' U R U2 R',3_zbll_h,ZBLL-H,333,,,"#FF8A06,#43FF43,#FF4343,#FFFF49,#43FF43,#FFFF49,#43FF43,#FFFF49,#FF4343,#FFFF49,#FFFF49,#FFFF49,#246BFD,#FFFF49,#246BFD,#FFFF49,#246BFD,#FFFF49,#FF8A06,#FF8A06,#FF4343",0.0,checked
333_zbll-h_37,37,checked,F' U' L' U L F2 R U R2 U' R F' R' U R,R' U' R F R' U R2 U' R' F2 L' U' L U F,3_zbll_h,ZBLL-H,333,,,"#43FF43,#43FF43,#43FF43,#FFFF49,#FF4343,#FFFF49,#FF8A06,#FFFF49,#246BFD,#FFFF49,#FFFF49,#FFFF49,#FF4343,#FFFF49,#246BFD,#FFFF49,#246BFD,#FFFF49,#FF8A06,#FF8A06,#FF4343",0.0,checked
333_zbll-h_30,30,checked,R' B' U' R2 U2 R2 U' R2 U' R2 B R,R' B' R2 U R2 U R2 U2 R2 U B R,3_zbll_h,ZBLL-H,333,,,"#43FF43,#246BFD,#43FF43,#FFFF49,#FF4343,#FFFF49,#FF8A06,#FFFF49,#43FF43,#FFFF49,#FFFF49,#FFFF49,#FF8A06,#FFFF49,#246BFD,#FFFF49,#246BFD,#FFFF49,#FF8A06,#FF4343,#FF4343",0.0,checked
333_zbll-h_38,38,checked,"L U2 x U' L2 D L2 U x' M U2 R'
B L2 u' L2 U L2 D x M U2 R'
L F2 D2 R2 D' R2 D' F2 L2 U L",R U2 M' x U' L2 D' L2 U x' U2 L',3_zbll_h,ZBLL-H,333,,,"#43FF43,#FF4343,#43FF43,#FFFF49,#FF4343,#FFFF49,#FF8A06,#FFFF49,#246BFD,#FFFF49,#FFFF49,#FFFF49,#FF8A06,#FFFF49,#246BFD,#FFFF49,#246BFD,#FFFF49,#FF8A06,#43FF43,#FF4343",0.0,checked
333_zbll-h_23,23,checked,"U' R2 U L U' r' R2 U2 R' F' R U2 F
U R2 U' R' U R D' R2 D R2 U' R' D' R D
U' R2 U R U' R' D R2 D' R2 U R D R' D'
D' R2 U R' U' R' U2 R' U2 R U R' D R' U R
R' U' R2 U R U' R' D R2 D' R2 U R D R' D' R'",F' U2 R' F R U2 R2 r U L' U' R2 U,3_zbll_h,ZBLL-H,333,,,"#43FF43,#FF4343,#FF8A06,#FFFF49,#FF4343,#FFFF49,#246BFD,#FFFF49,#246BFD,#FFFF49,#FFFF49,#FFFF49,#43FF43,#FFFF49,#FF8A06,#FFFF49,#246BFD,#FFFF49,#43FF43,#FF8A06,#FF4343",0.0,checked
333_zbll-h_1,1,checked,R' U2 R U R' U R U R U R' U R U2 R',R U2 R' U' R U' R' U' R' U' R U' R' U2 R,3_zbll_h,ZBLL-H,333,,,"#FF8A06,#FF8A06,#FF4343,#FFFF49,#43FF43,#FFFF49,#43FF43,#FFFF49,#43FF43,#FFFF49,#FFFF49,#FFFF49,#246BFD,#FFFF49,#246BFD,#FFFF49,#246BFD,#FFFF49,#FF8A06,#FF4343,#FF4343",0.0,checked
333_zbll-h_22,22,checked,L' U R U' L U' R' U' R U' R',R U R' U R U L' U R' U' L,3_zbll_h,ZBLL-H,333,,,"#43FF43,#FF8A06,#FF8A06,#FFFF49,#FF4343,#FFFF49,#246BFD,#FFFF49,#FF4343,#FFFF49,#FFFF49,#FFFF49,#43FF43,#FFFF49,#FF8A06,#FFFF49,#246BFD,#FFFF49,#43FF43,#246BFD,#FF4343",0.0,checked
333_zbll-h_29,29,checked,F U R U' R' F2 L' U' L2 U L' F L U' L',L U L' F' L U' L2 U L F2 R U R' U' F',3_zbll_h,ZBLL-H,333,,,"#43FF43,#43FF43,#43FF43,#FFFF49,#FF4343,#FFFF49,#FF8A06,#FFFF49,#FF8A06,#FFFF49,#FFFF49,#FFFF49,#246BFD,#FFFF49,#246BFD,#FFFF49,#246BFD,#FFFF49,#FF8A06,#FF4343,#FF4343",0.0,checked
333_zbll-h_10,10,checked,"F U' R2 U R U2 R' U R2 U2 R' U' R F'
B U' L2 U L U2 L' U L2 U2 L' U' L B'
B U2 B' F' U B U' F U2 B' R U2 R' U' R U' R'",F R' U R U2 R2 U' R U2 R' U' R2 U F',3_zbll_h,ZBLL-H,333,,,"#FF8A06,#246BFD,#FF8A06,#FFFF49,#43FF43,#FFFF49,#246BFD,#FFFF49,#43FF43,#FFFF49,#FFFF49,#FFFF49,#FF8A06,#FFFF49,#43FF43,#FFFF49,#246BFD,#FFFF49,#FF4343,#FF4343,#FF4343",0.0,checked
333_zbll-h_6,6,checked,R U2 R' U' R U' R' U' R' U' R U' R' U2 R,R' U2 R U R' U R U R U R' U R U2 R',3_zbll_h,ZBLL-H,333,,,"#FF8A06,#FF4343,#FF4343,#FFFF49,#43FF43,#FFFF49,#43FF43,#FFFF49,#246BFD,#FFFF49,#FFFF49,#FFFF49,#43FF43,#FFFF49,#246BFD,#FFFF49,#246BFD,#FFFF49,#FF8A06,#FF8A06,#FF4343",0.0,checked
333_zbll-h_27,27,checked,L' U2 R U' L U' L' U L U L' U R' U2 L,L' U2 R U' L U' L' U' L U L' U R' U2 L,3_zbll_h,ZBLL-H,333,,,"#43FF43,#FF4343,#FF8A06,#FFFF49,#FF4343,#FFFF49,#246BFD,#FFFF49,#43FF43,#FFFF49,#FFFF49,#FFFF49,#FF8A06,#FFFF49,#FF8A06,#FFFF49,#246BFD,#FFFF49,#43FF43,#246BFD,#FF4343",0.0,checked
333_zbll-h_39,39,checked,"R U F' L2 u' L' u L2 F y U2 R U' R' F'
R' U R2 U2 F R F' U2 R' U R' F' U2 F R",F R U R' U2 y' F' L2 u' L u L2 F U' R',3_zbll_h,ZBLL-H,333,,,"#43FF43,#43FF43,#43FF43,#FFFF49,#FF4343,#FFFF49,#FF8A06,#FFFF49,#FF4343,#FFFF49,#FFFF49,#FFFF49,#FF8A06,#FFFF49,#246BFD,#FFFF49,#246BFD,#FFFF49,#FF8A06,#246BFD,#FF4343",0.0,checked
333_zbll-h_11,11,checked,"R' U2 l' u2 R U2 B2 R' u2 R U2 l
U' R U' R' U R' F2 R U' R U R' U
U R' U R U' l U2 l' U R' U' R U'
R' U L U' R U L' R' U L U' R U L'
M U' L U' L' U2 R' U R U' L U2 R'
R2 D R' U' R D' R' U D R' U' R D' R' U",l' U2 R' u2 R B2 U2 R' u2 l U2 R,3_zbll_h,ZBLL-H,333,,,"#FF8A06,#FF8A06,#FF8A06,#FFFF49,#43FF43,#FFFF49,#246BFD,#FFFF49,#246BFD,#FFFF49,#FFFF49,#FFFF49,#43FF43,#FFFF49,#43FF43,#FFFF49,#246BFD,#FFFF49,#FF4343,#FF4343,#FF4343",0.0,checked
333_zbll-h_17,17,checked,"L U2 L2 U' L2 U' L D' l U2 l' D L2
R U2 R2 U' R2 U' R D' r U2 r' D R2
R' U2 R2 U R2 U R' D r' U2 r D' R2",L2 D' l U2 l' D L' U L2 U L2 U2 L',3_zbll_h,ZBLL-H,333,,,"#43FF43,#FF8A06,#FF8A06,#FFFF49,#FF4343,#FFFF49,#246BFD,#FFFF49,#43FF43,#FFFF49,#FFFF49,#FFFF49,#246BFD,#FFFF49,#FF8A06,#FFFF49,#246BFD,#FFFF49,#43FF43,#FF4343,#FF4343",0.0,checked
333_zbll-h_14,14,checked,F U R U' R' U R U' R' U R U' R' F',F R U R' U' R U R' U' R U R' U' F',3_zbll_h,ZBLL-H,333,,,"#FF8A06,#FF4343,#FF8A06,#FFFF49,#43FF43,#FFFF49,#246BFD,#FFFF49,#43FF43,#FFFF49,#FFFF49,#FFFF49,#246BFD,#FFFF49,#43FF43,#FFFF49,#246BFD,#FFFF49,#FF4343,#FF8A06,#FF4343",0.0,checked
333_zbll-h_18,18,checked,"L U' L' U2 R L U' L2 U R' U' L
r U' r' U' r U r' F R' F' R2 U' R'
L' U2 L U L' U L R U' L' U R' U' L",L' U R U' L2 U L' R' U2 L U L',3_zbll_h,ZBLL-H,333,,,"#43FF43,#43FF43,#FF8A06,#FFFF49,#FF4343,#FFFF49,#246BFD,#FFFF49,#246BFD,#FFFF49,#FFFF49,#FFFF49,#FF8A06,#FFFF49,#FF8A06,#FFFF49,#246BFD,#FFFF49,#43FF43,#FF4343,#FF4343",0.0,checked
333_zbll-h_26,26,checked,L U' R' U L' U R2 U R2 U R U' R U' R',R U R' U R' U' R2 U' R2 U' L U' R U L',3_zbll_h,ZBLL-H,333,,,"#FF8A06,#FF4343,#246BFD,#FFFF49,#43FF43,#FFFF49,#FF4343,#FFFF49,#43FF43,#FFFF49,#FFFF49,#FFFF49,#246BFD,#FFFF49,#246BFD,#FFFF49,#FF4343,#FFFF49,#FF8A06,#FF8A06,#43FF43",0.0,checked
333_zbll-h_24,24,checked,R U2 R D' R U' R' D R' U' R2 U2 R,R' U2 R2 U R D' R U R' D R' U2 R',3_zbll_h,ZBLL-H,333,,,"#43FF43,#43FF43,#FF8A06,#FFFF49,#FF4343,#FFFF49,#246BFD,#FFFF49,#FF4343,#FFFF49,#FFFF49,#FFFF49,#246BFD,#FFFF49,#FF8A06,#FFFF49,#246BFD,#FFFF49,#43FF43,#FF8A06,#FF4343",0.0,checked
333_zbll-h_33,33,checked,B' R2 u R2 U' R2 D' x M U2 L,L' U2 M' x' D R2 U R2 u' R2 B,3_zbll_h,ZBLL-H,333,,,"#43FF43,#FF8A06,#43FF43,#FFFF49,#FF4343,#FFFF49,#FF8A06,#FFFF49,#FF4343,#FFFF49,#FFFF49,#FFFF49,#246BFD,#FFFF49,#246BFD,#FFFF49,#246BFD,#FFFF49,#FF8A06,#43FF43,#FF4343",0.0,checked
333_zbll-h_32,32,checked,L U F' U L2 U' L2 U' F L2 U2 L,L' U2 L2 F' U L2 U L2 U' F U' L',3_zbll_h,ZBLL-H,333,,,"#43FF43,#FF8A06,#43FF43,#FFFF49,#FF4343,#FFFF49,#FF8A06,#FFFF49,#43FF43,#FFFF49,#FFFF49,#FFFF49,#FF4343,#FFFF49,#246BFD,#FFFF49,#246BFD,#FFFF49,#FF8A06,#246BFD,#FF4343",0.0,checked
333_zbll-h_28,28,checked,"R' U R U2 L' R' U R2 U' L U R'
R U2 R' U' R U' R' L' U R U' L U R'",R U' L' U R2 U' R L U2 R' U' R,3_zbll_h,ZBLL-H,333,,,"#43FF43,#FF8A06,#FF8A06,#FFFF49,#FF4343,#FFFF49,#246BFD,#FFFF49,#246BFD,#FFFF49,#FFFF49,#FFFF49,#FF4343,#FFFF49,#FF8A06,#FFFF49,#246BFD,#FFFF49,#43FF43,#43FF43,#FF4343",0.0,checked
333_zbll-h_19,19,checked,"L U' R' U L' U R U R' U R
L U' R' U L' U R U R' U R",R' U' R U' R' U' L U' R U L',3_zbll_h,ZBLL-H,333,,,"#43FF43,#246BFD,#FF8A06,#FFFF49,#FF4343,#FFFF49,#246BFD,#FFFF49,#FF8A06,#FFFF49,#FFFF49,#FFFF49,#43FF43,#FFFF49,#FF8A06,#FFFF49,#246BFD,#FFFF49,#43FF43,#FF4343,#FF4343",0.0,checked
333_zbll-h_21,21,checked,L' U2 L' D L' U L D' L U L2 U2 L',L U2 L2 U' L' D L' U' L D' L U2 L,3_zbll_h,ZBLL-H,333,,,"#43FF43,#FF4343,#FF8A06,#FFFF49,#FF4343,#FFFF49,#246BFD,#FFFF49,#FF8A06,#FFFF49,#FFFF49,#FFFF49,#246BFD,#FFFF49,#FF8A06,#FFFF49,#246BFD,#FFFF49,#43FF43,#43FF43,#FF4343",0.0,checked
333_zbll-h_35,35,checked,"R F U R2 U2 R2 U R2 U R2 F' R'
L B U L2 U2 L2 U L2 U L2 B' L'",R F R2 U' R2 U' R2 U2 R2 U' F' R',3_zbll_h,ZBLL-H,333,,,"#43FF43,#246BFD,#43FF43,#FFFF49,#FF4343,#FFFF49,#FF8A06,#FFFF49,#FF4343,#FFFF49,#FFFF49,#FFFF49,#43FF43,#FFFF49,#246BFD,#FFFF49,#246BFD,#FFFF49,#FF8A06,#FF8A06,#FF4343",0.0,checked
333_zbll-h_8,8,checked,"r' U2 r U r2 R U' R U r2 R U R
R U R' U R U2 R' U' R' U2 R U R' U R
R' U' R U' R' U2 R U R U2 R' U' R U' R'",R' U' R' r2 U' R' U R' r2 U' r' U2 r,3_zbll_h,ZBLL-H,333,,,"#FF8A06,#246BFD,#FF4343,#FFFF49,#43FF43,#FFFF49,#43FF43,#FFFF49,#FF4343,#FFFF49,#FFFF49,#FFFF49,#FF8A06,#FFFF49,#246BFD,#FFFF49,#246BFD,#FFFF49,#FF8A06,#43FF43,#FF4343",0.0,checked
333_zbll-h_2,2,checked,"R' U2 R U R' U' R U R' U R
L' U2 L U L' U' L U L' U L",R' U' R U' R' U R U' R' U2 R,3_zbll_h,ZBLL-H,333,,,"#FF8A06,#43FF43,#FF4343,#FFFF49,#43FF43,#FFFF49,#43FF43,#FFFF49,#246BFD,#FFFF49,#FFFF49,#FFFF49,#FF8A06,#FFFF49,#246BFD,#FFFF49,#246BFD,#FFFF49,#FF8A06,#FF4343,#FF4343",0.0,checked
333_zbll-h_13,13,checked,"L R U R2 U L' U' R2 L U2 R2 U L' U' R
L R U L2 U R' U' L2 R U2 L2 U R' U' L
D U R U2 R D' R' D U2 R2 U2 R D' R' U R'
R' U R' D' R U2 R2 D U2 R' D' R U2 R D U
R U2 R' L' U R U' L U2 R' L' U2 L U L' U L",R' U L U' R2 U2 L' R2 U L U' R2 U' R' L',3_zbll_h,ZBLL-H,333,,,"#FF8A06,#246BFD,#FF8A06,#FFFF49,#43FF43,#FFFF49,#246BFD,#FFFF49,#FF4343,#FFFF49,#FFFF49,#FFFF49,#43FF43,#FFFF49,#43FF43,#FFFF49,#246BFD,#FFFF49,#FF4343,#FF8A06,#FF4343",0.0,checked
333_zbll-h_9,9,checked,"B' U R2 U' R' U2 R U' R2 U2 R U R' B
F' U L2 U' L' U2 L U' L2 U2 L U L' F
R' U2 R L U' R' U L' U2 R y' L' U2 L U L' U L",B' R U' R' U2 R2 U R' U2 R U R2 U' B,3_zbll_h,ZBLL-H,333,,,"#FF8A06,#43FF43,#FF8A06,#FFFF49,#43FF43,#FFFF49,#246BFD,#FFFF49,#FF8A06,#FFFF49,#FFFF49,#FFFF49,#246BFD,#FFFF49,#43FF43,#FFFF49,#246BFD,#FFFF49,#FF4343,#FF4343,#FF4343",0.0,checked
333_zbll-h_25,25,checked,"R U2 L' U R' U R U' R' U' R U' L U2 R'
L U2 R' U L' U L U' L' U' L U' R U2 L'",R U2 L' U R' U R U R' U' R U' L U2 R',3_zbll_h,ZBLL-H,333,,,"#43FF43,#246BFD,#FF8A06,#FFFF49,#FF4343,#FFFF49,#246BFD,#FFFF49,#43FF43,#FFFF49,#FFFF49,#FFFF49,#FF4343,#FFFF49,#FF8A06,#FFFF49,#246BFD,#FFFF49,#43FF43,#FF8A06,#FF4343",0.0,checked
333_zbll-h_3,3,checked,R U R' U R U' R' U R U2 R',R U2 R' U' R U R' U' R U' R',3_zbll_h,ZBLL-H,333,,,"#FF8A06,#246BFD,#FF4343,#FFFF49,#43FF43,#FFFF49,#43FF43,#FFFF49,#FF8A06,#FFFF49,#FFFF49,#FFFF49,#43FF43,#FFFF49,#246BFD,#FFFF49,#246BFD,#FFFF49,#FF8A06,#FF4343,#FF4343",0.0,checked
333_zbll-h_31,31,checked,"R2 U2 L' U' L U' R2 x U2 F R' F' R
R U2 R2 F R F2 r U2 R' U r' F2 R
U' R' D U R2 U' R2 U R2 D' R U' R2 U
R U2 R' U F2 R U2 R' U2 R' F2 R2 U R'",R' F R F' U2 x' R2 U L' U L U2 R2,3_zbll_h,ZBLL-H,333,,,"#43FF43,#FF8A06,#43FF43,#FFFF49,#FF4343,#FFFF49,#FF8A06,#FFFF49,#246BFD,#FFFF49,#FFFF49,#FFFF49,#43FF43,#FFFF49,#246BFD,#FFFF49,#246BFD,#FFFF49,#FF8A06,#FF4343,#FF4343",0.0,checked
333_zbll-h_16,16,checked,"R2 U B R2 B' U' R2 U2 R2 U B R2 B' U' R2
L2 U F L2 F' U' L2 U2 L2 U F L2 F' U' L2
L U L' U R' U L U' R U2 L2 U2 L U L' U L
R U R' U L' U R U' L U2 R2 U2 R U R' U R",R2 U B R2 B' U' R2 U2 R2 U B R2 B' U' R2,3_zbll_h,ZBLL-H,333,,,"#FF8A06,#246BFD,#FF8A06,#FFFF49,#43FF43,#FFFF49,#246BFD,#FFFF49,#FF8A06,#FFFF49,#FFFF49,#FFFF49,#FF4343,#FFFF49,#43FF43,#FFFF49,#246BFD,#FFFF49,#FF4343,#43FF43,#FF4343",0.0,checked
333_zbll-h_34,34,checked,R' U' F U' R2 U R2 U F' R2 U2 R',R U2 R2 F U' R2 U' R2 U F' U R,3_zbll_h,ZBLL-H,333,,,"#43FF43,#FF4343,#43FF43,#FFFF49,#FF4343,#FFFF49,#FF8A06,#FFFF49,#FF8A06,#FFFF49,#FFFF49,#FFFF49,#43FF43,#FFFF49,#246BFD,#FFFF49,#246BFD,#FFFF49,#FF8A06,#246BFD,#FF4343",0.0,checked
333_zbll-h_15,15,checked,"R' U' R2 U x U2 R' U2 R U2 R F R' F' R2
R' U' R2 U F2 l' U2 R U2 R F R' F' R2
R2 U' F' R2 F U R2 U2 R2 U' F' R2 F U R2
R' U' R U' L U' R' U L' U2 R2 U2 R' U' R U' R'",R2 F R F' R' U2 R' U2 R U2 x' U' R2 U R,3_zbll_h,ZBLL-H,333,,,"#FF8A06,#43FF43,#FF8A06,#FFFF49,#43FF43,#FFFF49,#246BFD,#FFFF49,#FF4343,#FFFF49,#FFFF49,#FFFF49,#FF8A06,#FFFF49,#43FF43,#FFFF49,#246BFD,#FFFF49,#FF4343,#246BFD,#FF4343",0.0,checked
333_zbll-h_20,20,checked,L U2 L2 U' L2 U' L' U L' U2 R U' L U R',R U' L' U R' U2 L U' L U L2 U L2 U2 L',3_zbll_h,ZBLL-H,333,,,"#43FF43,#43FF43,#FF8A06,#FFFF49,#FF4343,#FFFF49,#246BFD,#FFFF49,#FF8A06,#FFFF49,#FFFF49,#FFFF49,#FF4343,#FFFF49,#FF8A06,#FFFF49,#246BFD,#FFFF49,#43FF43,#246BFD,#FF4343",0.0,checked
333_zbll-h_40,40,checked,F U R U' R' U R U2 R' U' R U R' F',F R U' R' U R U2 R' U' R U R' U' F',3_zbll_h,ZBLL-H,333,,,"#43FF43,#246BFD,#43FF43,#FFFF49,#FF4343,#FFFF49,#FF8A06,#FFFF49,#FF8A06,#FFFF49,#FFFF49,#FFFF49,#FF4343,#FFFF49,#246BFD,#FFFF49,#246BFD,#FFFF49,#FF8A06,#43FF43,#FF4343",0.0,checked
333_zbll-h_36,36,checked,L2 U2 R U R' U L2 x U2 F' L F L',L F' L' F U2 x' L2 U' R U' R' U2 L2,3_zbll_h,ZBLL-H,333,,,"#43FF43,#FF4343,#43FF43,#FFFF49,#FF4343,#FFFF49,#FF8A06,#FFFF49,#43FF43,#FFFF49,#FFFF49,#FFFF49,#246BFD,#FFFF49,#246BFD,#FFFF49,#246BFD,#FFFF49,#FF8A06,#FF8A06,#FF4343",0.0,checked
333_zbll-h_4,4,checked,"R' U' R2 U R2 U R' U2 R' U2 R' U R2 U R2 U' R'
R U R2 U' R2 U' R U2 R U2 R U' R2 U' R2 U R
F U x R' U R U' x' R U' R' U x R' U R U' x' R U' R' F'
R U' R U R U R' U' R' U' R2 U' R U R' U' R U' R'
R' U R' U' R' U' R U R U R2 U R' U' R U R' U R
R' U R' U' R' U' R' U R U R' U2 R' U' R U R' U' R U' R'
R' U' R U' R U R2 U R U' R U R' U' R U R' U' R U' R'",R U R2 U' R2 U' R U2 R U2 R U' R2 U' R2 U R,3_zbll_h,ZBLL-H,333,,,"#FF8A06,#43FF43,#FF4343,#FFFF49,#43FF43,#FFFF49,#43FF43,#FFFF49,#FF8A06,#FFFF49,#FFFF49,#FFFF49,#FF4343,#FFFF49,#246BFD,#FFFF49,#246BFD,#FFFF49,#FF8A06,#246BFD,#FF4343",0.0,checked
333_zbll-h_5,5,checked,"L' U' L U' L' U L U' L' U2 L
R' U' R U' R' U R U' R' U2 R",L' U2 L U L' U' L U L' U L,3_zbll_h,ZBLL-H,333,,,"#FF8A06,#FF4343,#FF4343,#FFFF49,#43FF43,#FFFF49,#43FF43,#FFFF49,#FF8A06,#FFFF49,#FFFF49,#FFFF49,#246BFD,#FFFF49,#246BFD,#FFFF49,#246BFD,#FFFF49,#FF8A06,#43FF43,#FF4343",0.0,checked
333_zbll-h_12,12,checked,"L' R' U' R2 U' L U R2 L' U2 R2 U' L U R'
L' R' U' L2 U' R U L2 R' U2 L2 U' R U L'
D' U' R' U2 R' D R D' U2 R2 U2 R' D R U' R
R U' R D R' U2 R2 D' U2 R D R' U2 R' D' U'
L' U2 L R U' L' U R' U2 L R U2 R' U' R U' R'",R U' L' U R2 U2 L R2 U' L' U R2 U R L,3_zbll_h,ZBLL-H,333,,,"#FF8A06,#FF4343,#FF8A06,#FFFF49,#43FF43,#FFFF49,#246BFD,#FFFF49,#FF8A06,#FFFF49,#FFFF49,#FFFF49,#43FF43,#FFFF49,#43FF43,#FFFF49,#246BFD,#FFFF49,#FF4343,#246BFD,#FF4343",0.0,checked
333_zbll-s_36,36,checked,L' U' R' U2 L U2 L U2 L2 U2 R U L2 U' L',L U L2 U' R' U2 L2 U2 L' U2 L' U2 R U L,3_zbll_s,ZBLL-S,333,,,"#FFFF49,#FF4343,#FF8A06,#43FF43,#FF8A06,#FFFF49,#246BFD,#FFFF49,#43FF43,#FFFF49,#FFFF49,#FFFF49,#246BFD,#FFFF49,#43FF43,#FFFF49,#FFFF49,#FF4343,#FF4343,#FF8A06,#246BFD",0.0,checked
333_zbll-s_61,61,checked,L' U R' U L2 U L2 U L2 U2 x M,M' x' U2 L2 U' L2 U' L2 U' R U' L,3_zbll_s,ZBLL-S,333,,,"#FFFF49,#FF8A06,#FF4343,#FF8A06,#246BFD,#FFFF49,#43FF43,#FFFF49,#43FF43,#FFFF49,#FFFF49,#FFFF49,#FF4343,#FFFF49,#FF8A06,#FFFF49,#FFFF49,#FF4343,#43FF43,#246BFD,#246BFD",0.0,checked
333_zbll-s_38,38,checked,L2 D' L U2 L' D L U L U' L' U2 L,L' U2 L U L' U' L' D' L U2 L' D L2,3_zbll_s,ZBLL-S,333,,,"#FFFF49,#FF8A06,#43FF43,#FF8A06,#246BFD,#FFFF49,#FF8A06,#FFFF49,#FF4343,#FFFF49,#FFFF49,#FFFF49,#43FF43,#FFFF49,#43FF43,#FFFF49,#FFFF49,#FF4343,#FF4343,#246BFD,#246BFD",0.0,checked
333_zbll-s_23,23,checked,"R' U' R U2 F' R' F U2 F' R F R' U R
B' R' F R B R' F' R2 U2 R' U' R U' R'",R' U' R F' R' F U2 F' R F U2 R' U R,3_zbll_s,ZBLL-S,333,,,"#FFFF49,#246BFD,#FF8A06,#FF4343,#43FF43,#FFFF49,#246BFD,#FFFF49,#FF8A06,#FFFF49,#FFFF49,#FFFF49,#43FF43,#FFFF49,#FF8A06,#FFFF49,#FFFF49,#FF4343,#43FF43,#FF4343,#246BFD",0.0,checked
333_zbll-s_12,12,checked,R2 U' R U R U R' U2 R U R2 U R2,R2 U' R2 U' R' U2 R U' R' U' R' U R2,3_zbll_s,ZBLL-S,333,,,"#FFFF49,#43FF43,#FF4343,#43FF43,#FF8A06,#FFFF49,#43FF43,#FFFF49,#FF4343,#FFFF49,#FFFF49,#FFFF49,#246BFD,#FFFF49,#246BFD,#FFFF49,#FFFF49,#FF4343,#FF8A06,#FF8A06,#246BFD",0.0,checked
333_zbll-s_63,63,checked,M U' L U2 R' U L' U2 L U' R U' R',R U R' U L' U2 L U' R U2 L' U M',3_zbll_s,ZBLL-S,333,,,"#FFFF49,#43FF43,#FF4343,#FF8A06,#246BFD,#FFFF49,#43FF43,#FFFF49,#FF4343,#FFFF49,#FFFF49,#FFFF49,#FF8A06,#FFFF49,#FF8A06,#FFFF49,#FFFF49,#FF4343,#43FF43,#246BFD,#246BFD",0.0,checked
333_zbll-s_45,45,checked,L' U R U' L R U R U R U' R' U' R2,R2 U R U R' U' R' U' R' L' U R' U' L,3_zbll_s,ZBLL-S,333,,,"#FFFF49,#FF4343,#43FF43,#FF8A06,#246BFD,#FFFF49,#FF8A06,#FFFF49,#FF8A06,#FFFF49,#FFFF49,#FFFF49,#246BFD,#FFFF49,#43FF43,#FFFF49,#FFFF49,#FF4343,#FF4343,#43FF43,#246BFD",0.0,checked
333_zbll-s_52,52,checked,L U2 L' U2 R' U L U' x M,M' x' U L' U' R U2 L U2 L',3_zbll_s,ZBLL-S,333,,,"#FFFF49,#43FF43,#43FF43,#FF4343,#43FF43,#FFFF49,#FF8A06,#FFFF49,#FF8A06,#FFFF49,#FFFF49,#FFFF49,#246BFD,#FFFF49,#246BFD,#FFFF49,#FFFF49,#FF4343,#FF8A06,#FF4343,#246BFD",0.0,checked
333_zbll-s_59,59,checked,"R U R' U R' F U' R2 U' R2 U F' U R
R U2 R D' R U' R' D R' U' R' U R' U R
R U R' U2 R' D' R U' R' D U' R2 U' R2 U2 R",R' U' F U' R2 U R2 U F' R U' R U' R',3_zbll_s,ZBLL-S,333,,,"#FFFF49,#FF8A06,#43FF43,#FF4343,#43FF43,#FFFF49,#FF8A06,#FFFF49,#246BFD,#FFFF49,#FFFF49,#FFFF49,#43FF43,#FFFF49,#246BFD,#FFFF49,#FFFF49,#FF4343,#FF8A06,#FF4343,#246BFD",0.0,checked
333_zbll-s_9,9,checked,"R2 U R2 U R U2 R' U R U R U' R2
R U R U R' U R2 U' R' U R' U2 R' U' R'
R U R U2 R2 U' R' U R' U' R' U' R' U' R'",R2 U R' U' R' U' R U2 R' U' R2 U' R2,3_zbll_s,ZBLL-S,333,,,"#FFFF49,#FF4343,#FF4343,#43FF43,#FF8A06,#FFFF49,#43FF43,#FFFF49,#FF8A06,#FFFF49,#FFFF49,#FFFF49,#246BFD,#FFFF49,#246BFD,#FFFF49,#FFFF49,#FF4343,#FF8A06,#43FF43,#246BFD",0.0,checked
333_zbll-s_47,47,checked,L U2 F L' U' L U L F' L' U2 L',L U2 L F L' U' L' U L F' U2 L',3_zbll_s,ZBLL-S,333,,,"#FFFF49,#246BFD,#43FF43,#FF8A06,#246BFD,#FFFF49,#FF8A06,#FFFF49,#FF8A06,#FFFF49,#FFFF49,#FFFF49,#43FF43,#FFFF49,#43FF43,#FFFF49,#FFFF49,#FF4343,#FF4343,#FF4343,#246BFD",0.0,checked
333_zbll-s_29,29,checked,L' U R' U R2 U' L U R' U2 L' U' R' U2 L R,R' L' U2 R U L U2 R U' L' U R2 U' R U' L,3_zbll_s,ZBLL-S,333,,,"#FFFF49,#246BFD,#FF8A06,#43FF43,#FF8A06,#FFFF49,#246BFD,#FFFF49,#43FF43,#FFFF49,#FFFF49,#FFFF49,#FF8A06,#FFFF49,#43FF43,#FFFF49,#FFFF49,#FF4343,#FF4343,#FF4343,#246BFD",0.0,checked
333_zbll-s_70,70,checked,R U2 R' U R U L U' R' U L' U R U' R',R U R' U' L U' R U L' U' R' U' R U2 R',3_zbll_s,ZBLL-S,333,,,"#FFFF49,#246BFD,#FF4343,#FF8A06,#246BFD,#FFFF49,#43FF43,#FFFF49,#FF4343,#FFFF49,#FFFF49,#FFFF49,#43FF43,#FFFF49,#FF8A06,#FFFF49,#FFFF49,#FF4343,#43FF43,#FF8A06,#246BFD",0.0,checked
333_zbll-s_48,48,checked,L2 U' L' U' L U L U L R U' L U R',R U' L' U R' L' U' L' U' L' U L U L2,3_zbll_s,ZBLL-S,333,,,"#FFFF49,#43FF43,#43FF43,#FF8A06,#246BFD,#FFFF49,#FF8A06,#FFFF49,#FF4343,#FFFF49,#FFFF49,#FFFF49,#246BFD,#FFFF49,#43FF43,#FFFF49,#FFFF49,#FF4343,#FF4343,#FF8A06,#246BFD",0.0,checked
333_zbll-s_22,22,checked,"R2 F' R2 U R2 D' F' D U' F' U F2 R2
B2 L2 U L' D U' L' u' L2 U L2 F' L2",R2 F2 U' F U D' F D R2 U' R2 F R2,3_zbll_s,ZBLL-S,333,,,"#FFFF49,#FF4343,#FF8A06,#FF4343,#43FF43,#FFFF49,#246BFD,#FFFF49,#246BFD,#FFFF49,#FFFF49,#FFFF49,#43FF43,#FFFF49,#FF8A06,#FFFF49,#FFFF49,#FF4343,#43FF43,#FF8A06,#246BFD",0.0,checked
333_zbll-s_69,69,checked,R' U' R U' R U R D R' U' R D' R U2 R,R' U2 R' D R' U R D' R' U' R' U R' U R,3_zbll_s,ZBLL-S,333,,,"#FFFF49,#FF8A06,#FF4343,#FF8A06,#246BFD,#FFFF49,#43FF43,#FFFF49,#FF4343,#FFFF49,#FFFF49,#FFFF49,#246BFD,#FFFF49,#FF8A06,#FFFF49,#FFFF49,#FF4343,#43FF43,#43FF43,#246BFD",0.0,checked
333_zbll-s_10,10,checked,"R' U' R2 U R U R' U' R' U' R2 U2 R
L U L' U L U2 L' y L' U2 L U L' U L
R U R' U R U2 R' U R' U2 R U R' U R",R' U2 R2 U R U R U' R' U' R2 U R,3_zbll_s,ZBLL-S,333,,,"#FFFF49,#FF4343,#FF4343,#43FF43,#FF8A06,#FFFF49,#43FF43,#FFFF49,#246BFD,#FFFF49,#FFFF49,#FFFF49,#43FF43,#FFFF49,#246BFD,#FFFF49,#FFFF49,#FF4343,#FF8A06,#FF8A06,#246BFD",0.0,checked
333_zbll-s_31,31,checked,R U L' U R U' L U' R U' R U R' U2 R2,R2 U2 R U' R' U R' U L' U R' U' L U' R',3_zbll_s,ZBLL-S,333,,,"#FFFF49,#FF4343,#FF8A06,#43FF43,#FF8A06,#FFFF49,#246BFD,#FFFF49,#246BFD,#FFFF49,#FFFF49,#FFFF49,#FF8A06,#FFFF49,#43FF43,#FFFF49,#FFFF49,#FF4343,#FF4343,#43FF43,#246BFD",0.0,checked
333_zbll-s_42,42,checked,"R' U2 R' F' R U R U' R' F U2 R
L' U x M U' L' U' L' U L U L2 U R'",R' U2 F' R U R' U' R' F R U2 R,3_zbll_s,ZBLL-S,333,,,"#FFFF49,#43FF43,#43FF43,#FF8A06,#246BFD,#FFFF49,#FF8A06,#FFFF49,#246BFD,#FFFF49,#FFFF49,#FFFF49,#FF8A06,#FFFF49,#43FF43,#FFFF49,#FFFF49,#FF4343,#FF4343,#FF4343,#246BFD",0.0,checked
333_zbll-s_34,34,checked,L U L' U R' U2 L U2 L' U2 L R U2 L',L U2 R' L' U2 L U2 L' U2 R U' L U' L',3_zbll_s,ZBLL-S,333,,,"#FFFF49,#246BFD,#FF8A06,#43FF43,#FF8A06,#FFFF49,#246BFD,#FFFF49,#FF4343,#FFFF49,#FFFF49,#FFFF49,#43FF43,#FFFF49,#43FF43,#FFFF49,#FFFF49,#FF4343,#FF4343,#FF8A06,#246BFD",0.0,checked
333_zbll-s_56,56,checked,R' U' R U' L U2 L' U R' U2 L U' x M,M' x' U L' U2 R U' L U2 L' U R' U R,3_zbll_s,ZBLL-S,333,,,"#FFFF49,#246BFD,#43FF43,#FF4343,#43FF43,#FFFF49,#FF8A06,#FFFF49,#FF8A06,#FFFF49,#FFFF49,#FFFF49,#FF4343,#FFFF49,#246BFD,#FFFF49,#FFFF49,#FF4343,#FF8A06,#43FF43,#246BFD",0.0,checked
333_zbll-s_51,51,checked,R2 U R U2 R2 U x' M' U' R2 U L' U R,R' U' L U' R2 U M x U' R2 U2 R' U' R2,3_zbll_s,ZBLL-S,333,,,"#FFFF49,#43FF43,#43FF43,#FF4343,#43FF43,#FFFF49,#FF8A06,#FFFF49,#FF4343,#FFFF49,#FFFF49,#FFFF49,#FF8A06,#FFFF49,#246BFD,#FFFF49,#FFFF49,#FF4343,#FF8A06,#246BFD,#246BFD",0.0,checked
333_zbll-s_24,24,checked,L U F2 U L2 U' L2 U' F2 L2 U2 L,L' U2 L2 F2 U L2 U L2 U' F2 U' L',3_zbll_s,ZBLL-S,333,,,"#FFFF49,#43FF43,#FF8A06,#FF4343,#43FF43,#FFFF49,#246BFD,#FFFF49,#FF4343,#FFFF49,#FFFF49,#FFFF49,#246BFD,#FFFF49,#FF8A06,#FFFF49,#FFFF49,#FF4343,#43FF43,#FF8A06,#246BFD",0.0,checked
333_zbll-s_21,21,checked,L' U2 L U' R U2 L' U' L U2 R' U' L' U L,L' U' L U R U2 L' U L U2 R' U L' U2 L,3_zbll_s,ZBLL-S,333,,,"#FFFF49,#FF4343,#FF8A06,#FF4343,#43FF43,#FFFF49,#246BFD,#FFFF49,#FF8A06,#FFFF49,#FFFF49,#FFFF49,#246BFD,#FFFF49,#FF8A06,#FFFF49,#FFFF49,#FF4343,#43FF43,#43FF43,#246BFD",0.0,checked
333_zbll-s_18,18,checked,L' F2 L2 U' L' U2 L U' L' U' L' F2 L,L' F2 L U L U L' U2 L U L2 F2 L,3_zbll_s,ZBLL-S,333,,,"#FFFF49,#43FF43,#FF8A06,#FF4343,#43FF43,#FFFF49,#246BFD,#FFFF49,#246BFD,#FFFF49,#FFFF49,#FFFF49,#FF8A06,#FFFF49,#FF8A06,#FFFF49,#FFFF49,#FF4343,#43FF43,#FF4343,#246BFD",0.0,checked
333_zbll-s_57,57,checked,"R' u' R U' R' U R' u R2 f R2 f' U' R'
L U2 R' U L2 U' L R U2 L' U' L U L U' L'",R U f R2 f' R2 u' R U' R U R' u R,3_zbll_s,ZBLL-S,333,,,"#FFFF49,#FF8A06,#43FF43,#FF4343,#43FF43,#FFFF49,#FF8A06,#FFFF49,#FF4343,#FFFF49,#FFFF49,#FFFF49,#246BFD,#FFFF49,#246BFD,#FFFF49,#FFFF49,#FF4343,#FF8A06,#43FF43,#246BFD",0.0,checked
333_zbll-s_1,1,checked,"L2 U' L U' L' U2 L' U2 L' U' L U' L2 U' L
R2 U' R U' R' U2 R' U2 R' U' R U' R2 U' R
L2 U' r B' r' U2 r' x2 B2 r' U' r B' r2 F' r
R' U2 R2 U R2 U R2 U2 R' U R U R' U R U2 R'
M2 U' M U2 M' U' M2 U R U2 R' U' R U' R'
R' D' R D R' D' R D U' R' D' R D R' D' R D U' R' D' R D R' D' R D",L' U L2 U L' U L U2 L U2 L U L' U L2,3_zbll_s,ZBLL-S,333,,,"#FFFF49,#43FF43,#FF4343,#43FF43,#FF8A06,#FFFF49,#43FF43,#FFFF49,#FF8A06,#FFFF49,#FFFF49,#FFFF49,#FF4343,#FFFF49,#246BFD,#FFFF49,#FFFF49,#FF4343,#FF8A06,#246BFD,#246BFD",0.0,checked
333_zbll-s_3,3,checked,R U2 R' U' R U' R',R U R' U R U2 R',3_zbll_s,ZBLL-S,333,,,"#FFFF49,#FF4343,#FF4343,#43FF43,#FF8A06,#FFFF49,#43FF43,#FFFF49,#43FF43,#FFFF49,#FFFF49,#FFFF49,#FF8A06,#FFFF49,#246BFD,#FFFF49,#FFFF49,#FF4343,#FF8A06,#246BFD,#246BFD",0.0,checked
333_zbll-s_67,67,checked,R2 D R' U2 R D' R2 U' R U' R',R U R' U R2 D R' U2 R D' R2,3_zbll_s,ZBLL-S,333,,,"#FFFF49,#FF4343,#FF4343,#FF8A06,#246BFD,#FFFF49,#43FF43,#FFFF49,#246BFD,#FFFF49,#FFFF49,#FFFF49,#FF8A06,#FFFF49,#FF8A06,#FFFF49,#FFFF49,#FF4343,#43FF43,#43FF43,#246BFD",0.0,checked
333_zbll-s_33,33,checked,F' U' L F' L' F L' U L U' L' U L F,F' L' U' L U L' U' L F' L F L' U F,3_zbll_s,ZBLL-S,333,,,"#FFFF49,#FF8A06,#FF8A06,#43FF43,#FF8A06,#FFFF49,#246BFD,#FFFF49,#FF4343,#FFFF49,#FFFF49,#FFFF49,#246BFD,#FFFF49,#43FF43,#FFFF49,#FFFF49,#FF4343,#FF4343,#43FF43,#246BFD",0.0,checked
333_zbll-s_26,26,checked,R U2 L' U R' U' L U' R U' R',R U R' U L' U R U' L U2 R',3_zbll_s,ZBLL-S,333,,,"#FFFF49,#FF4343,#FF8A06,#43FF43,#FF8A06,#FFFF49,#246BFD,#FFFF49,#FF8A06,#FFFF49,#FFFF49,#FFFF49,#43FF43,#FFFF49,#43FF43,#FFFF49,#FFFF49,#FF4343,#FF4343,#246BFD,#246BFD",0.0,checked
333_zbll-s_28,28,checked,"F R U R' U' F' y' r' U' R U' R' U2 r
R' F R F' U2 R U' R' U' F R' F' R
r U' r' F U' r' F' r U2 F' r U r'
F R U' R2 U' R U' R' U2 R2 U R' F'
F' L' U L2 U2 L' U' L U' L2 U' L F
R2 U R' F' U2 R' U' R U' F R U' R2
f U R U' R' f' U r' U' R U' R' U2 r
F R U R' U' F' U' r' U' R U' R' U2 r
R2 U' R U' L R U' R' U L' U R' U R2",r' U2 R U R' U r y F U R U' R' F',3_zbll_s,ZBLL-S,333,,,"#FFFF49,#43FF43,#FF8A06,#43FF43,#FF8A06,#FFFF49,#246BFD,#FFFF49,#FF8A06,#FFFF49,#FFFF49,#FFFF49,#246BFD,#FFFF49,#43FF43,#FFFF49,#FFFF49,#FF4343,#FF4343,#FF4343,#246BFD",0.0,checked
333_zbll-s_35,35,checked,L' U' L U R U' L' U R' U R U' L U R',R U' L' U R' U' R U' L U R' U' L' U L,3_zbll_s,ZBLL-S,333,,,"#FFFF49,#FF8A06,#FF8A06,#43FF43,#FF8A06,#FFFF49,#246BFD,#FFFF49,#246BFD,#FFFF49,#FFFF49,#FFFF49,#43FF43,#FFFF49,#43FF43,#FFFF49,#FFFF49,#FF4343,#FF4343,#FF4343,#246BFD",0.0,checked
333_zbll-s_39,39,checked,R U R U' R2 D U2 R' U' R D' U R,R' U' D R' U R U2 D' R2 U R' U' R',3_zbll_s,ZBLL-S,333,,,"#FFFF49,#FF4343,#43FF43,#FF8A06,#246BFD,#FFFF49,#FF8A06,#FFFF49,#43FF43,#FFFF49,#FFFF49,#FFFF49,#FF8A06,#FFFF49,#43FF43,#FFFF49,#FFFF49,#FF4343,#FF4343,#246BFD,#246BFD",0.0,checked
333_zbll-s_30,30,checked,R' U' R U' L U' R' U L' U2 R,R' U2 L U' R U L' U R' U R,3_zbll_s,ZBLL-S,333,,,"#FFFF49,#43FF43,#FF8A06,#43FF43,#FF8A06,#FFFF49,#246BFD,#FFFF49,#246BFD,#FFFF49,#FFFF49,#FFFF49,#FF4343,#FFFF49,#43FF43,#FFFF49,#FFFF49,#FF4343,#FF4343,#FF8A06,#246BFD",0.0,checked
333_zbll-s_49,49,checked,"R U2 R' U2 R U' x' M' U' R U L' R'
R U2 R2 F' R U R U' R' F R U R' U2 R U' R'",R L U' R' U M x U R' U2 R U2 R',3_zbll_s,ZBLL-S,333,,,"#FFFF49,#FF8A06,#43FF43,#FF4343,#43FF43,#FFFF49,#FF8A06,#FFFF49,#43FF43,#FFFF49,#FFFF49,#FFFF49,#FF4343,#FFFF49,#246BFD,#FFFF49,#FFFF49,#FF4343,#FF8A06,#246BFD,#246BFD",0.0,checked
333_zbll-s_43,43,checked,R U R' U R2 D' R U' R' D R' U' R2 U2 R,R' U2 R2 U R D' R U R' D R2 U' R U' R',3_zbll_s,ZBLL-S,333,,,"#FFFF49,#246BFD,#43FF43,#FF8A06,#246BFD,#FFFF49,#FF8A06,#FFFF49,#FF4343,#FFFF49,#FFFF49,#FFFF49,#FF8A06,#FFFF49,#43FF43,#FFFF49,#FFFF49,#FF4343,#FF4343,#43FF43,#246BFD",0.0,checked
333_zbll-s_53,53,checked,L' U' L U' L' U' R' U2 L U' L' U2 L R,R' L' U2 L U L' U2 R U L U L' U L,3_zbll_s,ZBLL-S,333,,,"#FFFF49,#43FF43,#43FF43,#FF4343,#43FF43,#FFFF49,#FF8A06,#FFFF49,#246BFD,#FFFF49,#FFFF49,#FFFF49,#FF4343,#FFFF49,#246BFD,#FFFF49,#FFFF49,#FF4343,#FF8A06,#FF8A06,#246BFD",0.0,checked
333_zbll-s_8,8,checked,R U2 R2 U2 R2 U R2 U R2 U' R',R U R2 U' R2 U' R2 U2 R2 U2 R',3_zbll_s,ZBLL-S,333,,,"#FFFF49,#FF8A06,#FF4343,#43FF43,#FF8A06,#FFFF49,#43FF43,#FFFF49,#246BFD,#FFFF49,#FFFF49,#FFFF49,#FF4343,#FFFF49,#246BFD,#FFFF49,#FFFF49,#FF4343,#FF8A06,#43FF43,#246BFD",0.0,checked
333_zbll-s_6,6,checked,R2 U' R' U R U R' U2 R' U R2 U R2,R2 U' R2 U' R U2 R U' R' U' R U R2,3_zbll_s,ZBLL-S,333,,,"#FFFF49,#43FF43,#FF4343,#43FF43,#FF8A06,#FFFF49,#43FF43,#FFFF49,#246BFD,#FFFF49,#FFFF49,#FFFF49,#FF8A06,#FFFF49,#246BFD,#FFFF49,#FFFF49,#FF4343,#FF8A06,#FF4343,#246BFD",0.0,checked
333_zbll-s_55,55,checked,L' U' L U R' U L' U' R U L U L' U2 L,L' U2 L U' L' U' R' U L U' R U' L' U L,3_zbll_s,ZBLL-S,333,,,"#FFFF49,#FF4343,#43FF43,#FF4343,#43FF43,#FFFF49,#FF8A06,#FFFF49,#246BFD,#FFFF49,#FFFF49,#FFFF49,#FF8A06,#FFFF49,#246BFD,#FFFF49,#FFFF49,#FF4343,#FF8A06,#43FF43,#246BFD",0.0,checked
333_zbll-s_62,62,checked,L R U2 L' U' L U2 R' U' L' U' L U' L',L U L' U L U R U2 L' U L U2 R' L',3_zbll_s,ZBLL-S,333,,,"#FFFF49,#FF4343,#FF4343,#FF8A06,#246BFD,#FFFF49,#43FF43,#FFFF49,#FF8A06,#FFFF49,#FFFF49,#FFFF49,#43FF43,#FFFF49,#FF8A06,#FFFF49,#FFFF49,#FF4343,#43FF43,#246BFD,#246BFD",0.0,checked
333_zbll-s_64,64,checked,M U' L U R' U2 L' U2 L,L' U2 L U2 R U' L' U M',3_zbll_s,ZBLL-S,333,,,"#FFFF49,#43FF43,#FF4343,#FF8A06,#246BFD,#FFFF49,#43FF43,#FFFF49,#FF8A06,#FFFF49,#FFFF49,#FFFF49,#246BFD,#FFFF49,#FF8A06,#FFFF49,#FFFF49,#FF4343,#43FF43,#FF4343,#246BFD",0.0,checked
333_zbll-s_37,37,checked,"L' U R U' L U R'
R U R' F R U' R' U R U R2 F' R2 U' R'",R U' L' U R' U' L,3_zbll_s,ZBLL-S,333,,,"#FFFF49,#43FF43,#43FF43,#FF8A06,#246BFD,#FFFF49,#FF8A06,#FFFF49,#FF8A06,#FFFF49,#FFFF49,#FFFF49,#FF4343,#FFFF49,#43FF43,#FFFF49,#FFFF49,#FF4343,#FF4343,#246BFD,#246BFD",0.0,checked
333_zbll-s_44,44,checked,R' U R U2 x' U' L' U2 L F U R U' R',R U R' U' F' L' U2 L U x U2 R' U' R,3_zbll_s,ZBLL-S,333,,,"#FFFF49,#FF8A06,#43FF43,#FF8A06,#246BFD,#FFFF49,#FF8A06,#FFFF49,#246BFD,#FFFF49,#FFFF49,#FFFF49,#FF4343,#FFFF49,#43FF43,#FFFF49,#FFFF49,#FF4343,#FF4343,#43FF43,#246BFD",0.0,checked
333_zbll-s_16,16,checked,"F R' F' U2 R U R2 U' R' U F R U R U' F'
R U2 R' D R2 D' R' D R2 U R D' U R U' R2",F U R' U' R' F' U' R U R2 U' R' U2 F R F',3_zbll_s,ZBLL-S,333,,,"#FFFF49,#FF8A06,#FF8A06,#FF4343,#43FF43,#FFFF49,#246BFD,#FFFF49,#43FF43,#FFFF49,#FFFF49,#FFFF49,#246BFD,#FFFF49,#FF8A06,#FFFF49,#FFFF49,#FF4343,#43FF43,#FF4343,#246BFD",0.0,checked
333_zbll-s_71,71,checked,R U B' U R2 U' R2 U' B R' U R' U R,R' U' R U' R B' U R2 U R2 U' B U' R',3_zbll_s,ZBLL-S,333,,,"#FFFF49,#FF8A06,#FF4343,#FF8A06,#246BFD,#FFFF49,#43FF43,#FFFF49,#246BFD,#FFFF49,#FFFF49,#FFFF49,#43FF43,#FFFF49,#FF8A06,#FFFF49,#FFFF49,#FF4343,#43FF43,#FF4343,#246BFD",0.0,checked
333_zbll-s_4,4,checked,R' U' R U' R2 U' R' U' R2 U R U R2,R2 U' R' U' R2 U R U R2 U R' U R,3_zbll_s,ZBLL-S,333,,,"#FFFF49,#FF8A06,#FF4343,#43FF43,#FF8A06,#FFFF49,#43FF43,#FFFF49,#43FF43,#FFFF49,#FFFF49,#FFFF49,#246BFD,#FFFF49,#246BFD,#FFFF49,#FFFF49,#FF4343,#FF8A06,#FF4343,#246BFD",0.0,checked
333_zbll-s_11,11,checked,R2 U R2 U R' U2 R' U R U R' U' R2,R2 U R U' R' U' R U2 R U' R2 U' R2,3_zbll_s,ZBLL-S,333,,,"#FFFF49,#246BFD,#FF4343,#43FF43,#FF8A06,#FFFF49,#43FF43,#FFFF49,#FF8A06,#FFFF49,#FFFF49,#FFFF49,#43FF43,#FFFF49,#246BFD,#FFFF49,#FFFF49,#FF4343,#FF8A06,#FF4343,#246BFD",0.0,checked
333_zbll-s_50,50,checked,R' U L' U' R2 U' L U R' U2 L' U' L,L' U L U2 R U' L' U R2 U L U' R,3_zbll_s,ZBLL-S,333,,,"#FFFF49,#FF4343,#43FF43,#FF4343,#43FF43,#FFFF49,#FF8A06,#FFFF49,#FF8A06,#FFFF49,#FFFF49,#FFFF49,#43FF43,#FFFF49,#246BFD,#FFFF49,#FFFF49,#FF4343,#FF8A06,#246BFD,#246BFD",0.0,checked
333_zbll-s_60,60,checked,L R' U' R U L' U' R' U2 L U' R U L',L U' R' U L' U2 R U L U' R' U R L',3_zbll_s,ZBLL-S,333,,,"#FFFF49,#FF4343,#43FF43,#FF4343,#43FF43,#FFFF49,#FF8A06,#FFFF49,#43FF43,#FFFF49,#FFFF49,#FFFF49,#246BFD,#FFFF49,#246BFD,#FFFF49,#FFFF49,#FF4343,#FF8A06,#FF8A06,#246BFD",0.0,checked
333_zbll-s_25,25,checked,R U' L U' L2 R' U R U' L2 U L' U R',R U' L U' L2 U R' U' R L2 U L' U R',3_zbll_s,ZBLL-S,333,,,"#FFFF49,#FF8A06,#FF8A06,#43FF43,#FF8A06,#FFFF49,#246BFD,#FFFF49,#43FF43,#FFFF49,#FFFF49,#FFFF49,#FF4343,#FFFF49,#43FF43,#FFFF49,#FFFF49,#FF4343,#FF4343,#246BFD,#246BFD",0.0,checked
333_zbll-s_2,2,checked,"R' U' R2 U R2 U R2 U2 R2 U2 R
R U R2 U' R' U' R U R' U' R2 U2 R",R' U2 R2 U2 R2 U' R2 U' R2 U R,3_zbll_s,ZBLL-S,333,,,"#FFFF49,#FF8A06,#FF4343,#43FF43,#FF8A06,#FFFF49,#43FF43,#FFFF49,#FF4343,#FFFF49,#FFFF49,#FFFF49,#43FF43,#FFFF49,#246BFD,#FFFF49,#FFFF49,#FF4343,#FF8A06,#246BFD,#246BFD",0.0,checked
333_zbll-s_17,17,checked,F U2 F L2 u R' F2 R u' L2 F2,F2 L2 u R' F2 R u' L2 F' U2 F',3_zbll_s,ZBLL-S,333,,,"#FFFF49,#246BFD,#FF8A06,#FF4343,#43FF43,#FFFF49,#246BFD,#FFFF49,#43FF43,#FFFF49,#FFFF49,#FFFF49,#FF4343,#FFFF49,#FF8A06,#FFFF49,#FFFF49,#FF4343,#43FF43,#FF8A06,#246BFD",0.0,checked
333_zbll-s_14,14,checked,"R2 D R' U R D' R' U R' U' R U' R'
L U L' U L U2 L' R U' L' U R' U' L",R U R' U R U' R D R' U' R D' R2,3_zbll_s,ZBLL-S,333,,,"#FFFF49,#FF8A06,#FF8A06,#FF4343,#43FF43,#FFFF49,#246BFD,#FFFF49,#FF4343,#FFFF49,#FFFF49,#FFFF49,#43FF43,#FFFF49,#FF8A06,#FFFF49,#FFFF49,#FF4343,#43FF43,#246BFD,#246BFD",0.0,checked
333_zbll-s_41,41,checked,L' U R' U2 L2 U' R U L2 R' U2 L R,R' L' U2 R L2 U' R' U L2 U2 R U' L,3_zbll_s,ZBLL-S,333,,,"#FFFF49,#246BFD,#43FF43,#FF8A06,#246BFD,#FFFF49,#FF8A06,#FFFF49,#43FF43,#FFFF49,#FFFF49,#FFFF49,#FF4343,#FFFF49,#43FF43,#FFFF49,#FFFF49,#FF4343,#FF4343,#FF8A06,#246BFD",0.0,checked
333_zbll-s_46,46,checked,R U R' U R U L' U R' U L U L' U L,L' U' L U' L' U' R U' L U' R' U' R U' R',3_zbll_s,ZBLL-S,333,,,"#FFFF49,#FF4343,#43FF43,#FF8A06,#246BFD,#FFFF49,#FF8A06,#FFFF49,#246BFD,#FFFF49,#FFFF49,#FFFF49,#43FF43,#FFFF49,#43FF43,#FFFF49,#FFFF49,#FF4343,#FF4343,#FF8A06,#246BFD",0.0,checked
333_zbll-s_27,27,checked,L' U2 R U' L U L' R' U L U' L' U2 L,L' U2 L U L' U' R L U' L' U R' U2 L,3_zbll_s,ZBLL-S,333,,,"#FFFF49,#43FF43,#FF8A06,#43FF43,#FF8A06,#FFFF49,#246BFD,#FFFF49,#FF4343,#FFFF49,#FFFF49,#FFFF49,#FF8A06,#FFFF49,#43FF43,#FFFF49,#FFFF49,#FF4343,#FF4343,#246BFD,#246BFD",0.0,checked
333_zbll-s_54,54,checked,R U2 R' U2 L' U R2 U' L U R' U' R',R U R U' L' U R2 U' L U2 R U2 R',3_zbll_s,ZBLL-S,333,,,"#FFFF49,#246BFD,#43FF43,#FF4343,#43FF43,#FFFF49,#FF8A06,#FFFF49,#43FF43,#FFFF49,#FFFF49,#FFFF49,#FF8A06,#FFFF49,#246BFD,#FFFF49,#FFFF49,#FF4343,#FF8A06,#FF4343,#246BFD",0.0,checked
333_zbll-s_65,65,checked,L' U2 L2 U L2 U L2 U R' U L' U' R,R' U L U' R U' L2 U' L2 U' L2 U2 L,3_zbll_s,ZBLL-S,333,,,"#FFFF49,#43FF43,#FF4343,#FF8A06,#246BFD,#FFFF49,#43FF43,#FFFF49,#246BFD,#FFFF49,#FFFF49,#FFFF49,#FF4343,#FFFF49,#FF8A06,#FFFF49,#FFFF49,#FF4343,#43FF43,#FF8A06,#246BFD",0.0,checked
333_zbll-s_68,68,checked,R U L' U R2 U' x' M' U R2 U2 R U R2,R2 U' R' U2 R2 U' M x U R2 U' L U' R',3_zbll_s,ZBLL-S,333,,,"#FFFF49,#246BFD,#FF4343,#FF8A06,#246BFD,#FFFF49,#43FF43,#FFFF49,#FF8A06,#FFFF49,#FFFF49,#FFFF49,#FF4343,#FFFF49,#FF8A06,#FFFF49,#FFFF49,#FF4343,#43FF43,#43FF43,#246BFD",0.0,checked
333_zbll-s_72,72,checked,"R' U' R F R' U2 L U' R U L' U2 F'
R' U' R U L U' R' U2 L U' R U L' U' L'
B' F' U2 B U B' U2 F U' B U' R U2 R' U' R U' R'",F U2 L U' R' U L' U2 R F' R' U R,3_zbll_s,ZBLL-S,333,,,"#FFFF49,#FF4343,#FF4343,#FF8A06,#246BFD,#FFFF49,#43FF43,#FFFF49,#43FF43,#FFFF49,#FFFF49,#FFFF49,#246BFD,#FFFF49,#FF8A06,#FFFF49,#FFFF49,#FF4343,#43FF43,#FF8A06,#246BFD",0.0,checked
333_zbll-s_5,5,checked,R' U' R U' R' U2 R,R' U2 R U R' U R,3_zbll_s,ZBLL-S,333,,,"#FFFF49,#246BFD,#FF4343,#43FF43,#FF8A06,#FFFF49,#43FF43,#FFFF49,#43FF43,#FFFF49,#FFFF49,#FFFF49,#FF4343,#FFFF49,#246BFD,#FFFF49,#FFFF49,#FF4343,#FF8A06,#FF8A06,#246BFD",0.0,checked
333_zbll-s_58,58,checked,R' U' R U' R2 D' R U2 R' D R2,R2 D' R U2 R' D R2 U R' U R,3_zbll_s,ZBLL-S,333,,,"#FFFF49,#246BFD,#43FF43,#FF4343,#43FF43,#FFFF49,#FF8A06,#FFFF49,#FF4343,#FFFF49,#FFFF49,#FFFF49,#43FF43,#FFFF49,#246BFD,#FFFF49,#FFFF49,#FF4343,#FF8A06,#FF8A06,#246BFD",0.0,checked
333_zbll-s_32,32,checked,R U2 R' U' R U L' R' U R U' L U2 R',R U2 L' U R' U' R L U' R' U R U2 R',3_zbll_s,ZBLL-S,333,,,"#FFFF49,#246BFD,#FF8A06,#43FF43,#FF8A06,#FFFF49,#246BFD,#FFFF49,#FF8A06,#FFFF49,#FFFF49,#FFFF49,#FF4343,#FFFF49,#43FF43,#FFFF49,#FFFF49,#FF4343,#FF4343,#43FF43,#246BFD",0.0,checked
333_zbll-s_7,7,checked,"R U2 R2 U' R2 U' R' U R' U R
R U R' U R' U' R2 U' R2 U2 R
R' U2 R U R' U R U' R U R' U R U2 R'",R' U' R U' R U R2 U R2 U2 R',3_zbll_s,ZBLL-S,333,,,"#FFFF49,#246BFD,#FF4343,#43FF43,#FF8A06,#FFFF49,#43FF43,#FFFF49,#FF4343,#FFFF49,#FFFF49,#FFFF49,#FF8A06,#FFFF49,#246BFD,#FFFF49,#FFFF49,#FF4343,#FF8A06,#43FF43,#246BFD",0.0,checked
333_zbll-s_20,20,checked,"L' D L U' L2 D' L2 x' U' L' U L F
L U' R' U L' U' R L' U2 L U L' U L
L' U2 L U L' U L y R U' L' U R' U' L
R U' L' U R' U' L R' U2 R U R' U R
R U' L' U R' U' x' M' U2 R U R' U R",F' L' U' L U x L2 D L2 U L' D' L,3_zbll_s,ZBLL-S,333,,,"#FFFF49,#FF8A06,#FF8A06,#FF4343,#43FF43,#FFFF49,#246BFD,#FFFF49,#246BFD,#FFFF49,#FFFF49,#FFFF49,#FF4343,#FFFF49,#FF8A06,#FFFF49,#FFFF49,#FF4343,#43FF43,#43FF43,#246BFD",0.0,checked
333_zbll-s_15,15,checked,R2 D2 F' L U2 L' F D2 l U2 R,R' U2 l' D2 F' L U2 L' F D2 R2,3_zbll_s,ZBLL-S,333,,,"#FFFF49,#FF4343,#FF8A06,#FF4343,#43FF43,#FFFF49,#246BFD,#FFFF49,#43FF43,#FFFF49,#FFFF49,#FFFF49,#FF8A06,#FFFF49,#FF8A06,#FFFF49,#FFFF49,#FF4343,#43FF43,#246BFD,#246BFD",0.0,checked
333_zbll-s_19,19,checked,R' F U' F' U' R F U' R' U' R F',F R' U R U F' R' U F U F' R,3_zbll_s,ZBLL-S,333,,,"#FFFF49,#246BFD,#FF8A06,#FF4343,#43FF43,#FFFF49,#246BFD,#FFFF49,#FF4343,#FFFF49,#FFFF49,#FFFF49,#FF8A06,#FFFF49,#FF8A06,#FFFF49,#FFFF49,#FF4343,#43FF43,#43FF43,#246BFD",0.0,checked
333_zbll-s_13,13,checked,R' F U2 F' R F R' U2 R F',F R' U2 R F' R' F U2 F' R,3_zbll_s,ZBLL-S,333,,,"#FFFF49,#43FF43,#FF8A06,#FF4343,#43FF43,#FFFF49,#246BFD,#FFFF49,#FF8A06,#FFFF49,#FFFF49,#FFFF49,#FF4343,#FFFF49,#FF8A06,#FFFF49,#FFFF49,#FF4343,#43FF43,#246BFD,#246BFD",0.0,checked
333_zbll-s_66,66,checked,R2 B' R' U' R' U R B R' U R U' R',R U R' U' R B' R' U' R U R B R2,3_zbll_s,ZBLL-S,333,,,"#FFFF49,#246BFD,#FF4343,#FF8A06,#246BFD,#FFFF49,#43FF43,#FFFF49,#43FF43,#FFFF49,#FFFF49,#FFFF49,#FF8A06,#FFFF49,#FF8A06,#FFFF49,#FFFF49,#FF4343,#43FF43,#FF4343,#246BFD",0.0,checked
333_zbll-s_40,40,checked,D R' U' R D' R U' R' U R2 U R' U' R2,R2 U R U' R2 U' R U R' D R' U R D',3_zbll_s,ZBLL-S,333,,,"#FFFF49,#FF8A06,#43FF43,#FF8A06,#246BFD,#FFFF49,#FF8A06,#FFFF49,#43FF43,#FFFF49,#FFFF49,#FFFF49,#246BFD,#FFFF49,#43FF43,#FFFF49,#FFFF49,#FF4343,#FF4343,#FF4343,#246BFD",0.0,checked
333_zbll-as_10,10,checked,"L' U' L U' L U L2 U L2 U2 L'
R' U' R U' R U R2 U R2 U2 R'
R U2 R' U' R U' R' U R' U' R U' R' U2 R",L U2 L2 U' L2 U' L' U L' U L,3_zbll_as,ZBLL-AS,333,,,"#FF8A06,#246BFD,#FFFF49,#FFFF49,#43FF43,#FFFF49,#FF4343,#43FF43,#FF4343,#FFFF49,#FFFF49,#FFFF49,#FF8A06,#FF8A06,#FFFF49,#FFFF49,#246BFD,#FFFF49,#246BFD,#43FF43,#FF4343",0.0,checked
333_zbll-as_51,51,checked,R' L U L' U' R U L U2 R' U L' U' R,R' U L U' R U2 L' U' R' U L U' L' R,3_zbll_as,ZBLL-AS,333,,,"#43FF43,#FF8A06,#FFFF49,#FFFF49,#FF4343,#FFFF49,#43FF43,#FF8A06,#246BFD,#FFFF49,#FFFF49,#FFFF49,#43FF43,#FF8A06,#FFFF49,#FFFF49,#246BFD,#FFFF49,#246BFD,#FF4343,#FF4343",0.0,checked
333_zbll-as_46,46,checked,R U' L' U R' U' L,L' U R U' L U R',3_zbll_as,ZBLL-AS,333,,,"#246BFD,#246BFD,#FFFF49,#FFFF49,#FF8A06,#FFFF49,#43FF43,#FF8A06,#FF4343,#FFFF49,#FFFF49,#FFFF49,#FF8A06,#FF4343,#FFFF49,#FFFF49,#246BFD,#FFFF49,#43FF43,#43FF43,#FF4343",0.0,checked
333_zbll-as_67,67,checked,M U R' U2 L U' R U2 R' U L' U L,L' U' L U' R U2 R' U L' U2 R U' M',3_zbll_as,ZBLL-AS,333,,,"#43FF43,#FF4343,#FFFF49,#FFFF49,#FF4343,#FFFF49,#FF8A06,#246BFD,#246BFD,#FFFF49,#FFFF49,#FFFF49,#43FF43,#43FF43,#FFFF49,#FFFF49,#246BFD,#FFFF49,#FF8A06,#FF8A06,#FF4343",0.0,checked
333_zbll-as_61,61,checked,L' U' R U' L2 U x' M' U' L2 U2 L' U' L2,L2 U L U2 L2 U M x U' L2 U R' U L,3_zbll_as,ZBLL-AS,333,,,"#43FF43,#FF8A06,#FFFF49,#FFFF49,#FF4343,#FFFF49,#FF8A06,#246BFD,#43FF43,#FFFF49,#FFFF49,#FFFF49,#246BFD,#43FF43,#FFFF49,#FFFF49,#246BFD,#FFFF49,#FF8A06,#FF4343,#FF4343",0.0,checked
333_zbll-as_72,72,checked,L2 B L U L U' L' B' L U' L' U L,L' U' L U L' B L U L' U' L' B' L2,3_zbll_as,ZBLL-AS,333,,,"#43FF43,#FF8A06,#FFFF49,#FFFF49,#FF4343,#FFFF49,#FF8A06,#246BFD,#246BFD,#FFFF49,#FFFF49,#FFFF49,#FF4343,#43FF43,#FFFF49,#FFFF49,#246BFD,#FFFF49,#FF8A06,#43FF43,#FF4343",0.0,checked
333_zbll-as_17,17,checked,L U L' U2 F L F' U2 F L' F' L U' L',L U L' F L F' U2 F L' F' U2 L U' L',3_zbll_as,ZBLL-AS,333,,,"#246BFD,#FF8A06,#FFFF49,#FFFF49,#FF8A06,#FFFF49,#FF4343,#43FF43,#FF4343,#FFFF49,#FFFF49,#FFFF49,#246BFD,#43FF43,#FFFF49,#FFFF49,#246BFD,#FFFF49,#FF8A06,#43FF43,#FF4343",0.0,checked
333_zbll-as_22,22,checked,R F2 R2 U R U2 R' U R U R F2 R',R F2 R' U' R' U' R U2 R' U' R2 F2 R',3_zbll_as,ZBLL-AS,333,,,"#246BFD,#FF4343,#FFFF49,#FFFF49,#FF8A06,#FFFF49,#FF4343,#43FF43,#246BFD,#FFFF49,#FFFF49,#FFFF49,#FF8A06,#43FF43,#FFFF49,#FFFF49,#246BFD,#FFFF49,#FF8A06,#43FF43,#FF4343",0.0,checked
333_zbll-as_52,52,checked,L U' R U L2 U R' U' L U2 R U R',R U' R' U2 L' U R U' L2 U' R' U L',3_zbll_as,ZBLL-AS,333,,,"#43FF43,#FF8A06,#FFFF49,#FFFF49,#FF4343,#FFFF49,#43FF43,#FF8A06,#43FF43,#FFFF49,#FFFF49,#FFFF49,#FF4343,#FF8A06,#FFFF49,#FFFF49,#246BFD,#FFFF49,#246BFD,#246BFD,#FF4343",0.0,checked
333_zbll-as_19,19,checked,L2 D' L U' L' D L U' L U L' U L,L' U' L U' L' U L' D' L U L' D L2,3_zbll_as,ZBLL-AS,333,,,"#246BFD,#246BFD,#FFFF49,#FFFF49,#FF8A06,#FFFF49,#FF4343,#43FF43,#FF4343,#FFFF49,#FFFF49,#FFFF49,#43FF43,#43FF43,#FFFF49,#FFFF49,#246BFD,#FFFF49,#FF8A06,#FF8A06,#FF4343",0.0,checked
333_zbll-as_28,28,checked,F U R' F R F' R U' R' U R U' R' F',F R U R' U' R U R' F R' F' R U' F',3_zbll_as,ZBLL-AS,333,,,"#FF8A06,#FF8A06,#FFFF49,#FFFF49,#43FF43,#FFFF49,#FF8A06,#246BFD,#43FF43,#FFFF49,#FFFF49,#FFFF49,#FF4343,#FF4343,#FFFF49,#FFFF49,#246BFD,#FFFF49,#43FF43,#246BFD,#FF4343",0.0,checked
333_zbll-as_49,49,checked,"R U2 R D R' U' R D' R2 U R U2 R'
R U R' U R U L U2 R' U R U2 R' L'",R U2 R' U' R2 D R' U R D' R' U2 R',3_zbll_as,ZBLL-AS,333,,,"#43FF43,#43FF43,#FFFF49,#FFFF49,#FF4343,#FFFF49,#43FF43,#FF8A06,#FF8A06,#FFFF49,#FFFF49,#FFFF49,#246BFD,#FF8A06,#FFFF49,#FFFF49,#246BFD,#FFFF49,#246BFD,#FF4343,#FF4343",0.0,checked
333_zbll-as_66,66,checked,L' U2 L U' L' U' R' U L U' R U' L' U L,L' U' L U R' U L' U' R U L U L' U2 L,3_zbll_as,ZBLL-AS,333,,,"#43FF43,#FF8A06,#FFFF49,#FFFF49,#FF4343,#FFFF49,#FF8A06,#246BFD,#FF4343,#FFFF49,#FFFF49,#FFFF49,#43FF43,#43FF43,#FFFF49,#FFFF49,#246BFD,#FFFF49,#FF8A06,#246BFD,#FF4343",0.0,checked
333_zbll-as_33,33,checked,R' U' R U' L U2 R' U2 R U2 L' R' U2 R,R' U2 R L U2 R' U2 R U2 L' U R' U R,3_zbll_as,ZBLL-AS,333,,,"#FF8A06,#43FF43,#FFFF49,#FFFF49,#43FF43,#FFFF49,#FF8A06,#246BFD,#246BFD,#FFFF49,#FFFF49,#FFFF49,#FF4343,#FF4343,#FFFF49,#FFFF49,#246BFD,#FFFF49,#43FF43,#FF8A06,#FF4343",0.0,checked
333_zbll-as_34,34,checked,"R' U2 L U' R U L' U R' U R
L' U2 R U' L U R' U L' U L",R' U' R U' L U' R' U L' U2 R,3_zbll_as,ZBLL-AS,333,,,"#FF8A06,#FF4343,#FFFF49,#FFFF49,#43FF43,#FFFF49,#FF8A06,#246BFD,#246BFD,#FFFF49,#FFFF49,#FFFF49,#FF8A06,#FF4343,#FFFF49,#FFFF49,#246BFD,#FFFF49,#43FF43,#43FF43,#FF4343",0.0,checked
333_zbll-as_71,71,checked,R U2 R2 U' R2 U' R2 U' L U' R U L',L U' R' U L' U R2 U R2 U R2 U2 R',3_zbll_as,ZBLL-AS,333,,,"#43FF43,#FF4343,#FFFF49,#FFFF49,#FF4343,#FFFF49,#FF8A06,#246BFD,#43FF43,#FFFF49,#FFFF49,#FFFF49,#FF8A06,#43FF43,#FFFF49,#FFFF49,#246BFD,#FFFF49,#FF8A06,#246BFD,#FF4343",0.0,checked
333_zbll-as_5,5,checked,"R' U2 R2 U2 R2 U' R2 U' R2 U R
R' U2 R2 U R' U R U2 R' U2 R' U2 R",R' U' R2 U R2 U R2 U2 R2 U2 R,3_zbll_as,ZBLL-AS,333,,,"#FF8A06,#FF4343,#FFFF49,#FFFF49,#43FF43,#FFFF49,#FF4343,#43FF43,#FF8A06,#FFFF49,#FFFF49,#FFFF49,#246BFD,#FF8A06,#FFFF49,#FFFF49,#246BFD,#FFFF49,#246BFD,#43FF43,#FF4343",0.0,checked
333_zbll-as_35,35,checked,L' U2 L U L' U' R L U' L' U R' U2 L,L' U2 R U' L U L' R' U L U' L' U2 L,3_zbll_as,ZBLL-AS,333,,,"#FF8A06,#43FF43,#FFFF49,#FFFF49,#43FF43,#FFFF49,#FF8A06,#246BFD,#FF4343,#FFFF49,#FFFF49,#FFFF49,#FF8A06,#FF4343,#FFFF49,#FFFF49,#246BFD,#FFFF49,#43FF43,#246BFD,#FF4343",0.0,checked
333_zbll-as_3,3,checked,"L U L' U L U2 L'
L U L' U L U2 L'
R U R' U R U2 R'",L U2 L' U' L U' L',3_zbll_as,ZBLL-AS,333,,,"#FF8A06,#246BFD,#FFFF49,#FFFF49,#43FF43,#FFFF49,#FF4343,#43FF43,#FF8A06,#FFFF49,#FFFF49,#FFFF49,#43FF43,#FF8A06,#FFFF49,#FFFF49,#246BFD,#FFFF49,#246BFD,#FF4343,#FF4343",0.0,checked
333_zbll-as_32,32,checked,R U L U2 R' U2 R' U2 R2 U2 L' U' R2 U R,R' U' R2 U L U2 R2 U2 R U2 R U2 L' U' R',3_zbll_as,ZBLL-AS,333,,,"#FF8A06,#FF4343,#FFFF49,#FFFF49,#43FF43,#FFFF49,#FF8A06,#246BFD,#43FF43,#FFFF49,#FFFF49,#FFFF49,#246BFD,#FF4343,#FFFF49,#FFFF49,#246BFD,#FFFF49,#43FF43,#FF8A06,#FF4343",0.0,checked
333_zbll-as_44,44,checked,R U' L U2 R2 U L' U' R2 L U2 L' R',R L U2 L' R2 U L U' R2 U2 L' U R',3_zbll_as,ZBLL-AS,333,,,"#246BFD,#43FF43,#FFFF49,#FFFF49,#FF8A06,#FFFF49,#43FF43,#FF8A06,#FF4343,#FFFF49,#FFFF49,#FFFF49,#246BFD,#FF4343,#FFFF49,#FFFF49,#246BFD,#FFFF49,#43FF43,#FF8A06,#FF4343",0.0,checked
333_zbll-as_15,15,checked,L F' U F U L' F' U L U L' F,F' L U' L' U' F L U' F' U' F L',3_zbll_as,ZBLL-AS,333,,,"#246BFD,#FF8A06,#FFFF49,#FFFF49,#FF8A06,#FFFF49,#FF4343,#43FF43,#246BFD,#FFFF49,#FFFF49,#FFFF49,#43FF43,#43FF43,#FFFF49,#FFFF49,#246BFD,#FFFF49,#FF8A06,#FF4343,#FF4343",0.0,checked
333_zbll-as_8,8,checked,R2 U' R2 U' R U R2 U' R2 U R' U R2,R2 U' R U' R2 U R2 U' R' U R2 U R2,3_zbll_as,ZBLL-AS,333,,,"#FF8A06,#43FF43,#FFFF49,#FFFF49,#43FF43,#FFFF49,#FF4343,#43FF43,#FF4343,#FFFF49,#FFFF49,#FFFF49,#246BFD,#FF8A06,#FFFF49,#FFFF49,#246BFD,#FFFF49,#246BFD,#FF8A06,#FF4343",0.0,checked
333_zbll-as_2,2,checked,"L2 U L' U' L' U' L U2 L' U' L2 U' L2
R2 U R' U' R' U' R U2 R' U' R2 U' R2
R U R U R U R U' R U R2 U2 R' U' R'
R U R U2 R U' R U R2 U' R U' R' U' R'",L2 U L2 U L U2 L' U L U L U' L2,3_zbll_as,ZBLL-AS,333,,,"#FF8A06,#43FF43,#FFFF49,#FFFF49,#43FF43,#FFFF49,#FF4343,#43FF43,#246BFD,#FFFF49,#FFFF49,#FFFF49,#FF8A06,#FF8A06,#FFFF49,#FFFF49,#246BFD,#FFFF49,#246BFD,#FF4343,#FF4343",0.0,checked
333_zbll-as_53,53,checked,R U R' U' L U' R U L' U' R' U' R U2 R',R U2 R' U R U L U' R' U L' U R U' R',3_zbll_as,ZBLL-AS,333,,,"#43FF43,#FF8A06,#FFFF49,#FFFF49,#FF4343,#FFFF49,#43FF43,#FF8A06,#FF4343,#FFFF49,#FFFF49,#FFFF49,#246BFD,#FF8A06,#FFFF49,#FFFF49,#246BFD,#FFFF49,#246BFD,#43FF43,#FF4343",0.0,checked
333_zbll-as_55,55,checked,L' U2 L U2 R U' L2 U R' U' L U L,L' U' L' U R U' L2 U R' U2 L' U2 L,3_zbll_as,ZBLL-AS,333,,,"#43FF43,#246BFD,#FFFF49,#FFFF49,#FF4343,#FFFF49,#43FF43,#FF8A06,#FF4343,#FFFF49,#FFFF49,#FFFF49,#43FF43,#FF8A06,#FFFF49,#FFFF49,#246BFD,#FFFF49,#246BFD,#FF8A06,#FF4343",0.0,checked
333_zbll-as_16,16,checked,F' U2 F' R2 u' L F2 L' u R2 F2,F2 R2 u' L F2 L' u R2 F U2 F,3_zbll_as,ZBLL-AS,333,,,"#246BFD,#FF8A06,#FFFF49,#FFFF49,#FF8A06,#FFFF49,#FF4343,#43FF43,#43FF43,#FFFF49,#FFFF49,#FFFF49,#FF4343,#43FF43,#FFFF49,#FFFF49,#246BFD,#FFFF49,#FF8A06,#246BFD,#FF4343",0.0,checked
333_zbll-as_36,36,checked,"R U2 L' U R' U' R L U' R' U R U2 R'
R U F' U2 R' U' R U' F R' U R U2 R'
R' U' R U' R' U R U' L U' R' U L' U2 R",R U2 R' U' R U L' R' U R U' L U2 R',3_zbll_as,ZBLL-AS,333,,,"#FF8A06,#246BFD,#FFFF49,#FFFF49,#43FF43,#FFFF49,#FF8A06,#246BFD,#FF8A06,#FFFF49,#FFFF49,#FFFF49,#FF4343,#FF4343,#FFFF49,#FFFF49,#246BFD,#FFFF49,#43FF43,#43FF43,#FF4343",0.0,checked
333_zbll-as_39,39,checked,R U' x M U R U R U' R' U' R2 U' L,L' U R2 U R U R' U' R' U' M' x' U R',3_zbll_as,ZBLL-AS,333,,,"#246BFD,#246BFD,#FFFF49,#FFFF49,#FF8A06,#FFFF49,#43FF43,#FF8A06,#FF8A06,#FFFF49,#FFFF49,#FFFF49,#43FF43,#FF4343,#FFFF49,#FFFF49,#246BFD,#FFFF49,#43FF43,#FF4343,#FF4343",0.0,checked
333_zbll-as_69,69,checked,R U' L U' R2 U' R2 U' R2 U2 x M,M' x' U2 R2 U R2 U R2 U L' U R',3_zbll_as,ZBLL-AS,333,,,"#43FF43,#246BFD,#FFFF49,#FFFF49,#FF4343,#FFFF49,#FF8A06,#246BFD,#43FF43,#FFFF49,#FFFF49,#FFFF49,#FF4343,#43FF43,#FFFF49,#FFFF49,#246BFD,#FFFF49,#FF8A06,#FF8A06,#FF4343",0.0,checked
333_zbll-as_4,4,checked,"L2 U L' U L U2 L U2 L U L' U L2 U L'
R2 U R' U R U2 R U2 R U R' U R2 U R'
R2 U l' B l U2 l x2 B2 l U l' B l2 F l'
R2 U2 R' U2 R2 U2 R2 U2 R' U2 R U' R U' R U R2 U R2 U2 R'",L U' L2 U' L U' L' U2 L' U2 L' U' L U' L2,3_zbll_as,ZBLL-AS,333,,,"#FF8A06,#43FF43,#FFFF49,#FFFF49,#43FF43,#FFFF49,#FF4343,#43FF43,#FF8A06,#FFFF49,#FFFF49,#FFFF49,#FF4343,#FF8A06,#FFFF49,#FFFF49,#246BFD,#FFFF49,#246BFD,#246BFD,#FF4343",0.0,checked
333_zbll-as_24,24,checked,F' L F U2 L' U' L2 U L U' F' L' U' L' U F,F' U' L U L F U L' U' L2 U L U2 F' L' F,3_zbll_as,ZBLL-AS,333,,,"#246BFD,#246BFD,#FFFF49,#FFFF49,#FF8A06,#FFFF49,#FF4343,#43FF43,#FF8A06,#FFFF49,#FFFF49,#FFFF49,#FF4343,#43FF43,#FFFF49,#FFFF49,#246BFD,#FFFF49,#FF8A06,#43FF43,#FF4343",0.0,checked
333_zbll-as_21,21,checked,L2 D2 F R' U2 R F' D2 r' U2 L',L U2 r D2 F R' U2 R F' D2 L2,3_zbll_as,ZBLL-AS,333,,,"#246BFD,#43FF43,#FFFF49,#FFFF49,#FF8A06,#FFFF49,#FF4343,#43FF43,#246BFD,#FFFF49,#FFFF49,#FFFF49,#FF4343,#43FF43,#FFFF49,#FFFF49,#246BFD,#FFFF49,#FF8A06,#FF8A06,#FF4343",0.0,checked
333_zbll-as_62,62,checked,L2 D' L U2 L' D L2 U L' U L,L' U' L U' L2 D' L U2 L' D L2,3_zbll_as,ZBLL-AS,333,,,"#43FF43,#43FF43,#FFFF49,#FFFF49,#FF4343,#FFFF49,#FF8A06,#246BFD,#246BFD,#FFFF49,#FFFF49,#FFFF49,#FF8A06,#43FF43,#FFFF49,#FFFF49,#246BFD,#FFFF49,#FF8A06,#FF4343,#FF4343",0.0,checked
333_zbll-as_23,23,checked,B2 R2 U' R D' U R u R2 U' R2 F R2,R2 F' R2 U R2 u' R' U' D R' U R2 B2,3_zbll_as,ZBLL-AS,333,,,"#246BFD,#43FF43,#FFFF49,#FFFF49,#FF8A06,#FFFF49,#FF4343,#43FF43,#FF4343,#FFFF49,#FFFF49,#FFFF49,#FF8A06,#43FF43,#FFFF49,#FFFF49,#246BFD,#FFFF49,#FF8A06,#246BFD,#FF4343",0.0,checked
333_zbll-as_27,27,checked,"F R F' r D U R' U' R D' r' R'
L U L' D L R U' L' U R' D' U'
R U R' U' L' U R U' L U' L' U R' U' L
D R D' R' U' R D R' U R' U' R D' R' U",R r D R' U R U' D' r' F R' F',3_zbll_as,ZBLL-AS,333,,,"#FF8A06,#FF8A06,#FFFF49,#FFFF49,#43FF43,#FFFF49,#FF8A06,#246BFD,#246BFD,#FFFF49,#FFFF49,#FFFF49,#43FF43,#FF4343,#FFFF49,#FFFF49,#246BFD,#FFFF49,#43FF43,#FF4343,#FF4343",0.0,checked
333_zbll-as_13,13,checked,R U2 R' U L' U2 R U R' U2 L U R U' R',R U R' U' L' U2 R U' R' U2 L U' R U2 R',3_zbll_as,ZBLL-AS,333,,,"#246BFD,#43FF43,#FFFF49,#FFFF49,#FF8A06,#FFFF49,#FF4343,#43FF43,#FF8A06,#FFFF49,#FFFF49,#FFFF49,#246BFD,#43FF43,#FFFF49,#FFFF49,#246BFD,#FFFF49,#FF8A06,#FF4343,#FF4343",0.0,checked
333_zbll-as_42,42,checked,L U' L' U2 x' U R U2 R' F' U' L' U L,L' U' L U F R U2 R' U' x U2 L U L',3_zbll_as,ZBLL-AS,333,,,"#246BFD,#FF8A06,#FFFF49,#FFFF49,#FF8A06,#FFFF49,#43FF43,#FF8A06,#FF4343,#FFFF49,#FFFF49,#FFFF49,#43FF43,#FF4343,#FFFF49,#FFFF49,#246BFD,#FFFF49,#43FF43,#246BFD,#FF4343",0.0,checked
333_zbll-as_65,65,checked,M U R' U' L U2 R U2 R',R U2 R' U2 L' U R U' M',3_zbll_as,ZBLL-AS,333,,,"#43FF43,#FF4343,#FFFF49,#FFFF49,#FF4343,#FFFF49,#FF8A06,#246BFD,#FF8A06,#FFFF49,#FFFF49,#FFFF49,#246BFD,#43FF43,#FFFF49,#FFFF49,#246BFD,#FFFF49,#FF8A06,#43FF43,#FF4343",0.0,checked
333_zbll-as_30,30,checked,L' U' R U' L' U R' U L' U L' U' L U2 L2,L2 U2 L' U L U' L U' R U' L U R' U L,3_zbll_as,ZBLL-AS,333,,,"#FF8A06,#FF4343,#FFFF49,#FFFF49,#43FF43,#FFFF49,#FF8A06,#246BFD,#FF8A06,#FFFF49,#FFFF49,#FFFF49,#43FF43,#FF4343,#FFFF49,#FFFF49,#246BFD,#FFFF49,#43FF43,#246BFD,#FF4343",0.0,checked
333_zbll-as_26,26,checked,"r' U2 R U R' U r y F U R U' R' F'
R' F R F' U R U R' U2 F R' F' R
r U' r' F U2 r' F r U F' r U r'
F R U' R2 U2 R U R' U R2 U R' F'
F' L' U L2 U L' U L U2 L2 U' L F
R2 U R' F' U R' U R U2 F R U' R2
L2 U L' U R' L' U L U' R U' L U' L2",F R U R' U' F' y' r' U' R U' R' U2 r,3_zbll_as,ZBLL-AS,333,,,"#FF8A06,#246BFD,#FFFF49,#FFFF49,#43FF43,#FFFF49,#FF8A06,#246BFD,#43FF43,#FFFF49,#FFFF49,#FFFF49,#FF8A06,#FF4343,#FFFF49,#FFFF49,#246BFD,#FFFF49,#43FF43,#FF4343,#FF4343",0.0,checked
333_zbll-as_31,31,checked,L U L' U R' U L U' R U2 L',L U2 R' U L' U' R U' L U' L',3_zbll_as,ZBLL-AS,333,,,"#FF8A06,#246BFD,#FFFF49,#FFFF49,#43FF43,#FFFF49,#FF8A06,#246BFD,#FF4343,#FFFF49,#FFFF49,#FFFF49,#43FF43,#FF4343,#FFFF49,#FFFF49,#246BFD,#FFFF49,#43FF43,#FF8A06,#FF4343",0.0,checked
333_zbll-as_6,6,checked,R' U2 R U R' U R,R' U' R U' R' U2 R,3_zbll_as,ZBLL-AS,333,,,"#FF8A06,#FF8A06,#FFFF49,#FFFF49,#43FF43,#FFFF49,#FF4343,#43FF43,#FF4343,#FFFF49,#FFFF49,#FFFF49,#43FF43,#FF8A06,#FFFF49,#FFFF49,#246BFD,#FFFF49,#246BFD,#246BFD,#FF4343",0.0,checked
333_zbll-as_29,29,checked,L' U R' U R2 L U' L' U R2 U' R U' L,L' U R' U R2 U' L U L' R2 U' R U' L,3_zbll_as,ZBLL-AS,333,,,"#FF8A06,#FF8A06,#FFFF49,#FFFF49,#43FF43,#FFFF49,#FF8A06,#246BFD,#FF4343,#FFFF49,#FFFF49,#FFFF49,#246BFD,#FF4343,#FFFF49,#FFFF49,#246BFD,#FFFF49,#43FF43,#43FF43,#FF4343",0.0,checked
333_zbll-as_50,50,checked,L U L' U L2 D L' U2 L D' L2,L2 D L' U2 L D' L2 U' L U' L',3_zbll_as,ZBLL-AS,333,,,"#43FF43,#246BFD,#FFFF49,#FFFF49,#FF4343,#FFFF49,#43FF43,#FF8A06,#43FF43,#FFFF49,#FFFF49,#FFFF49,#FF8A06,#FF8A06,#FFFF49,#FFFF49,#246BFD,#FFFF49,#246BFD,#FF4343,#FF4343",0.0,checked
333_zbll-as_45,45,checked,R2 U R U R' U' R' U' R' L' U R' U' L,L' U R U' L R U R U R U' R' U' R2,3_zbll_as,ZBLL-AS,333,,,"#246BFD,#246BFD,#FFFF49,#FFFF49,#FF8A06,#FFFF49,#43FF43,#FF8A06,#43FF43,#FFFF49,#FFFF49,#FFFF49,#FF4343,#FF4343,#FFFF49,#FFFF49,#246BFD,#FFFF49,#43FF43,#FF8A06,#FF4343",0.0,checked
333_zbll-as_56,56,checked,L' U2 L' D L' U L D' L U L U' L U' L',L U L' U L' U' L' D L' U' L D' L U2 L,3_zbll_as,ZBLL-AS,333,,,"#43FF43,#FF4343,#FFFF49,#FFFF49,#FF4343,#FFFF49,#43FF43,#FF8A06,#43FF43,#FFFF49,#FFFF49,#FFFF49,#246BFD,#FF8A06,#FFFF49,#FFFF49,#246BFD,#FFFF49,#246BFD,#FF8A06,#FF4343",0.0,checked
333_zbll-as_64,64,checked,"R' F' r U2 R D2 R' U' R D2 U' r' F
L U L' U' R' U L U2 R' U L' U' R U R",F' r U D2 R' U R D2 R' U2 r' F R,3_zbll_as,ZBLL-AS,333,,,"#43FF43,#43FF43,#FFFF49,#FFFF49,#FF4343,#FFFF49,#FF8A06,#246BFD,#FF8A06,#FFFF49,#FFFF49,#FFFF49,#FF4343,#43FF43,#FFFF49,#FFFF49,#246BFD,#FFFF49,#FF8A06,#246BFD,#FF4343",0.0,checked
333_zbll-as_7,7,checked,"L U L' U L2 U L U L2 U' L' U' L2
R U R' U R2 U R U R2 U' R' U' R2",L2 U L U L2 U' L' U' L2 U' L U' L',3_zbll_as,ZBLL-AS,333,,,"#FF8A06,#FF4343,#FFFF49,#FFFF49,#43FF43,#FFFF49,#FF4343,#43FF43,#246BFD,#FFFF49,#FFFF49,#FFFF49,#43FF43,#FF8A06,#FFFF49,#FFFF49,#246BFD,#FFFF49,#246BFD,#FF8A06,#FF4343",0.0,checked
333_zbll-as_58,58,checked,R' U2 L U' R2 U L' R' U2 R U R' U' R' U R,R' U' R U R U' R' U2 R L U' R2 U L' U2 R,3_zbll_as,ZBLL-AS,333,,,"#43FF43,#FF4343,#FFFF49,#FFFF49,#FF4343,#FFFF49,#43FF43,#FF8A06,#246BFD,#FFFF49,#FFFF49,#FFFF49,#FF8A06,#FF8A06,#FFFF49,#FFFF49,#246BFD,#FFFF49,#246BFD,#43FF43,#FF4343",0.0,checked
333_zbll-as_41,41,checked,L' U' L' U L2 D' U2 L U L' D U' L',L U D' L U' L' U2 D L2 U' L U L,3_zbll_as,ZBLL-AS,333,,,"#246BFD,#FF4343,#FFFF49,#FFFF49,#FF8A06,#FFFF49,#43FF43,#FF8A06,#FF8A06,#FFFF49,#FFFF49,#FFFF49,#246BFD,#FF4343,#FFFF49,#FFFF49,#246BFD,#FFFF49,#43FF43,#43FF43,#FF4343",0.0,checked
333_zbll-as_20,20,checked,L F' U2 F L' F' L U2 L' F,F' L U2 L' F L F' U2 F L',3_zbll_as,ZBLL-AS,333,,,"#246BFD,#FF4343,#FFFF49,#FFFF49,#FF8A06,#FFFF49,#FF4343,#43FF43,#43FF43,#FFFF49,#FFFF49,#FFFF49,#246BFD,#43FF43,#FFFF49,#FFFF49,#246BFD,#FFFF49,#FF8A06,#FF8A06,#FF4343",0.0,checked
333_zbll-as_63,63,checked,L U L' U L' U' L' D' L U L' D L' U2 L',L U2 L D' L U' L' D L U L U' L U' L',3_zbll_as,ZBLL-AS,333,,,"#43FF43,#246BFD,#FFFF49,#FFFF49,#FF4343,#FFFF49,#FF8A06,#246BFD,#FF8A06,#FFFF49,#FFFF49,#FFFF49,#43FF43,#43FF43,#FFFF49,#FFFF49,#246BFD,#FFFF49,#FF8A06,#FF4343,#FF4343",0.0,checked
333_zbll-as_11,11,checked,"R' U' R2 U R U R' U' R U R2 U2 R'
L' U' L2 U L U L' U' L U L2 U2 L'",R U2 R2 U' R' U R U' R' U' R2 U R,3_zbll_as,ZBLL-AS,333,,,"#FF8A06,#FF4343,#FFFF49,#FFFF49,#43FF43,#FFFF49,#FF4343,#43FF43,#43FF43,#FFFF49,#FFFF49,#FFFF49,#FF8A06,#FF8A06,#FFFF49,#FFFF49,#246BFD,#FFFF49,#246BFD,#246BFD,#FF4343",0.0,checked
333_zbll-as_18,18,checked,R' U' F2 U' R2 U R2 U F2 R2 U2 R',R U2 R2 F2 U' R2 U' R2 U F2 U R,3_zbll_as,ZBLL-AS,333,,,"#246BFD,#FF4343,#FFFF49,#FFFF49,#FF8A06,#FFFF49,#FF4343,#43FF43,#FF8A06,#FFFF49,#FFFF49,#FFFF49,#43FF43,#43FF43,#FFFF49,#FFFF49,#246BFD,#FFFF49,#FF8A06,#246BFD,#FF4343",0.0,checked
333_zbll-as_47,47,checked,R U' L' U R' L' U' L' U' L' U L U L2,L2 U' L' U' L U L U L R U' L U R',3_zbll_as,ZBLL-AS,333,,,"#246BFD,#FF4343,#FFFF49,#FFFF49,#FF8A06,#FFFF49,#43FF43,#FF8A06,#43FF43,#FFFF49,#FFFF49,#FFFF49,#FF8A06,#FF4343,#FFFF49,#FFFF49,#246BFD,#FFFF49,#43FF43,#246BFD,#FF4343",0.0,checked
333_zbll-as_12,12,checked,"R2 U' R2 U' R' U2 R U' R' U' R' U R2
L2 U' L2 U' L' U2 L U' L' U' L' U L2",R2 U' R U R U R' U2 R U R2 U R2,3_zbll_as,ZBLL-AS,333,,,"#FF8A06,#FF8A06,#FFFF49,#FFFF49,#43FF43,#FFFF49,#FF4343,#43FF43,#246BFD,#FFFF49,#FFFF49,#FFFF49,#FF4343,#FF8A06,#FFFF49,#FFFF49,#246BFD,#FFFF49,#246BFD,#43FF43,#FF4343",0.0,checked
333_zbll-as_25,25,checked,R U' L U' L2 U R' U' L U2 R U L U2 L' R',R L U2 L' U' R' U2 L' U R U' L2 U L' U R',3_zbll_as,ZBLL-AS,333,,,"#FF8A06,#43FF43,#FFFF49,#FFFF49,#43FF43,#FFFF49,#FF8A06,#246BFD,#FF8A06,#FFFF49,#FFFF49,#FFFF49,#246BFD,#FF4343,#FFFF49,#FFFF49,#246BFD,#FFFF49,#43FF43,#FF4343,#FF4343",0.0,checked
333_zbll-as_37,37,checked,"R2 D' F D U' F U F2 R2 U R2 F R2
R2 U R U' R2 U' R U R' D R' U R D'
D' R2 U R U' R2 U' R U R' D R' U R
R U R' D R' U R U' R2 U' R U R2 D'
D' L U L' D L' U L U' L2 U' L U L2",R2 F' R2 U' R2 F2 U' F' U D' F' D R2,3_zbll_as,ZBLL-AS,333,,,"#246BFD,#FF8A06,#FFFF49,#FFFF49,#FF8A06,#FFFF49,#43FF43,#FF8A06,#43FF43,#FFFF49,#FFFF49,#FFFF49,#246BFD,#FF4343,#FFFF49,#FFFF49,#246BFD,#FFFF49,#43FF43,#FF4343,#FF4343",0.0,checked
333_zbll-as_48,48,checked,R2 D R' U2 R D' R' U' R' U R U2 R',R U2 R' U' R U R D R' U2 R D' R2,3_zbll_as,ZBLL-AS,333,,,"#246BFD,#FF8A06,#FFFF49,#FFFF49,#FF8A06,#FFFF49,#43FF43,#FF8A06,#246BFD,#FFFF49,#FFFF49,#FFFF49,#FF4343,#FF4343,#FFFF49,#FFFF49,#246BFD,#FFFF49,#43FF43,#43FF43,#FF4343",0.0,checked
333_zbll-as_14,14,checked,R D' R' U R2 D R2 x' U R U' R' F',F R U R' U' x R2 D' R2 U' R D R',3_zbll_as,ZBLL-AS,333,,,"#246BFD,#246BFD,#FFFF49,#FFFF49,#FF8A06,#FFFF49,#FF4343,#43FF43,#43FF43,#FFFF49,#FFFF49,#FFFF49,#FF8A06,#43FF43,#FFFF49,#FFFF49,#246BFD,#FFFF49,#FF8A06,#FF4343,#FF4343",0.0,checked
333_zbll-as_60,60,checked,L U L' U R' U2 R U' L U2 R' U x M,M' x' U' R U2 L' U R' U2 R U' L U' L',3_zbll_as,ZBLL-AS,333,,,"#43FF43,#246BFD,#FFFF49,#FFFF49,#FF4343,#FFFF49,#43FF43,#FF8A06,#FF8A06,#FFFF49,#FFFF49,#FFFF49,#FF4343,#FF8A06,#FFFF49,#FFFF49,#246BFD,#FFFF49,#246BFD,#43FF43,#FF4343",0.0,checked
333_zbll-as_43,43,checked,L' U' L U' L' U' R U' L U' R' U' R U' R',R U R' U R U L' U R' U L U L' U L,3_zbll_as,ZBLL-AS,333,,,"#246BFD,#FF4343,#FFFF49,#FFFF49,#FF8A06,#FFFF49,#43FF43,#FF8A06,#246BFD,#FFFF49,#FFFF49,#FFFF49,#43FF43,#FF4343,#FFFF49,#FFFF49,#246BFD,#FFFF49,#43FF43,#FF8A06,#FF4343",0.0,checked
333_zbll-as_57,57,checked,R' U2 R U2 L U' R' U x M,M' x' U' R U L' U2 R' U2 R,3_zbll_as,ZBLL-AS,333,,,"#43FF43,#43FF43,#FFFF49,#FFFF49,#FF4343,#FFFF49,#43FF43,#FF8A06,#246BFD,#FFFF49,#FFFF49,#FFFF49,#FF4343,#FF8A06,#FFFF49,#FFFF49,#246BFD,#FFFF49,#246BFD,#FF8A06,#FF4343",0.0,checked
333_zbll-as_54,54,checked,L' U2 L U2 L' U x' M' U L' U' L R,R' L' U L U' M x U' L U2 L' U2 L,3_zbll_as,ZBLL-AS,333,,,"#43FF43,#FF4343,#FFFF49,#FFFF49,#FF4343,#FFFF49,#43FF43,#FF8A06,#FF8A06,#FFFF49,#FFFF49,#FFFF49,#43FF43,#FF8A06,#FFFF49,#FFFF49,#246BFD,#FFFF49,#246BFD,#246BFD,#FF4343",0.0,checked
333_zbll-as_40,40,checked,L' U' L U' L2 D L' U L D' L U L2 U2 L',L U2 L2 U' L' D L' U' L D' L2 U L' U L,3_zbll_as,ZBLL-AS,333,,,"#246BFD,#43FF43,#FFFF49,#FFFF49,#FF8A06,#FFFF49,#43FF43,#FF8A06,#FF8A06,#FFFF49,#FFFF49,#FFFF49,#FF4343,#FF4343,#FFFF49,#FFFF49,#246BFD,#FFFF49,#43FF43,#246BFD,#FF4343",0.0,checked
333_zbll-as_9,9,checked,"L2 U' L2 U' L U2 L U' L' U' L U L2
R2 U' R2 U' R U2 R U' R' U' R U R2",L2 U' L' U L U L' U2 L' U L2 U L2,3_zbll_as,ZBLL-AS,333,,,"#FF8A06,#246BFD,#FFFF49,#FFFF49,#43FF43,#FFFF49,#FF4343,#43FF43,#43FF43,#FFFF49,#FFFF49,#FFFF49,#FF4343,#FF8A06,#FFFF49,#FFFF49,#246BFD,#FFFF49,#246BFD,#FF8A06,#FF4343",0.0,checked
333_zbll-as_68,68,checked,R' L' U2 R U R' U2 L U R U R' U R,R' U' R U' R' U' L' U2 R U' R' U2 L R,3_zbll_as,ZBLL-AS,333,,,"#43FF43,#43FF43,#FFFF49,#FFFF49,#FF4343,#FFFF49,#FF8A06,#246BFD,#FF4343,#FFFF49,#FFFF49,#FFFF49,#246BFD,#43FF43,#FFFF49,#FFFF49,#246BFD,#FFFF49,#FF8A06,#FF8A06,#FF4343",0.0,checked
333_zbll-as_1,1,checked,"R U R2 U' R' U' R U R U R2 U2 R'
L U L2 U' L' U' L U L U L2 U2 L'
L U L2 U' L' U' L U L U L2 U2 L'
R' U' R U' R' U2 R y' R U2 R' U' R U' R'
R' U' R U' R' U2 R U' R U2 R' U' R U' R'",R U2 R2 U' R' U' R' U R U R2 U' R',3_zbll_as,ZBLL-AS,333,,,"#FF8A06,#FF8A06,#FFFF49,#FFFF49,#43FF43,#FFFF49,#FF4343,#43FF43,#43FF43,#FFFF49,#FFFF49,#FFFF49,#246BFD,#FF8A06,#FFFF49,#FFFF49,#246BFD,#FFFF49,#246BFD,#FF4343,#FF4343",0.0,checked
333_zbll-as_38,38,checked,R' U2 F' R U R' U' R' F R U2 R,R' U2 R' F' R U R U' R' F U2 R,3_zbll_as,ZBLL-AS,333,,,"#246BFD,#43FF43,#FFFF49,#FFFF49,#FF8A06,#FFFF49,#43FF43,#FF8A06,#246BFD,#FFFF49,#FFFF49,#FFFF49,#FF8A06,#FF4343,#FFFF49,#FFFF49,#246BFD,#FFFF49,#43FF43,#FF4343,#FF4343",0.0,checked
333_zbll-as_59,59,checked,L2 U' L' U2 L2 U' x' M' U L2 U' R U' L',L U R' U L2 U' M x U L2 U2 L U L2,3_zbll_as,ZBLL-AS,333,,,"#43FF43,#43FF43,#FFFF49,#FFFF49,#FF4343,#FFFF49,#43FF43,#FF8A06,#FF4343,#FFFF49,#FFFF49,#FFFF49,#FF8A06,#FF8A06,#FFFF49,#FFFF49,#246BFD,#FFFF49,#246BFD,#246BFD,#FF4343",0.0,checked
333_zbll-as_70,70,checked,"R' U' F U' R2 U R2 U F' R U' R U' R'
L' U' B U' L2 U L2 U B' L U' L U' L'",R U R' U R' F U' R2 U' R2 U F' U R,3_zbll_as,ZBLL-AS,333,,,"#43FF43,#246BFD,#FFFF49,#FFFF49,#FF4343,#FFFF49,#FF8A06,#246BFD,#FF4343,#FFFF49,#FFFF49,#FFFF49,#FF8A06,#43FF43,#FFFF49,#FFFF49,#246BFD,#FFFF49,#FF8A06,#43FF43,#FF4343",0.0,checked
333_ell_15,15,checked,"R' L' F' L2 U2 L2 U2 L2 U2 F R L
B2 M' B2 U' M2 U F2 M' F2
B2 M' B2 U M2 U' F2 M' F2
r' u M2 u' r U2 r' u M2 u' r
R2 U2 R F' R2 U2 R2 F2 U2 R2 U2 x' D' l' U2 R2
M' U' M U2 M' U' M2 U M' U2 M U M'
M U M' U2 M U M2 U' M U2 M' U' M",L' R' F' U2 L2 U2 L2 U2 L2 F L R,3_ell,ELL,333,,,"#43FF43,#FFFF49,#43FF43,#FF8A06,#FFFF49,#FF4343,#FFFF49,#FF4343,#FFFF49,#246BFD,#FFFF49,#43FF43,#FFFF49,#FF8A06,#FFFF49,#FF8A06,#FFFF49,#FF4343,#246BFD,#FFFF49,#246BFD",0.0,checked
333_ell_7,7,checked,"R L2 u' L u L2 R' F R U' R' F'
L' R2 u R' u' R2 L F' L' U L F
M F' U' F U F U F U' F' M'
S R' U' R U R U R U' R' S'
R' r d R U' R' U' R' U' R y U R r'
R L' U B U' B' U' B' U' B U L R'
B F' U L U' L' U' L' U' L U F B'
r' U' R U R2 r2 U' R' U R U R r'
r U R' U' R2 r2 U R U' R' U' R' r
M U R U R' U' M2 U R U' r'",F R U R' F' R L2 u' L' u L2 R',3_ell,ELL,333,,,"#43FF43,#FFFF49,#43FF43,#FF8A06,#FFFF49,#43FF43,#FFFF49,#FF4343,#FFFF49,#FF8A06,#FFFF49,#FF4343,#FFFF49,#FF8A06,#FFFF49,#246BFD,#FFFF49,#FF4343,#246BFD,#FFFF49,#246BFD",0.0,checked
333_ell_1,1,checked,"r' U' R U M' U' R' U R
L' U L E' L' U' L E
U' R U M' U' R' U M
U' R U M' U' R' U R L'
M U R U R' U' M' U R U' R'
R' U2 R2 U x' U' x' R' U' R2 U x U x R U' R'
R' U2 R2 U B' R' D' R2 D B R U' R'
R' U F U R' F' U' F2 U R F' U' F2 R
r U r' U2 R2 U2 R2 U' R2 U' R2 r U' r'
M' U' F2 M2 U' M U F2 U M2",R' U' R U M U' R' U r,3_ell,ELL,333,,,"#43FF43,#FFFF49,#43FF43,#FF8A06,#FFFF49,#FF4343,#FFFF49,#FF4343,#FF8A06,#FFFF49,#FFFF49,#FFFF49,#246BFD,#FF8A06,#FFFF49,#43FF43,#FFFF49,#FF4343,#246BFD,#FFFF49,#246BFD",0.0,checked
333_ell_8,8,checked,"R2 d' R' r d2 R' r d' R2
R2 U S' U2 S U R2
F2 U' M' U2 M U' F2
R2 U' S' U2 S U' R2
B2 U M U2 M' U B2
L2 d' r' R d2 r' R d' L2
B2 U' M U2 M' U' B2
F2 U M' U2 M U F2
B2 U' L' R B2 L R' U' B2
R2 U B' F R2 B F' U R2",R2 d r' R d2 r' R d R2,3_ell,ELL,333,,,"#43FF43,#43FF43,#43FF43,#FF8A06,#FFFF49,#FFFF49,#FFFF49,#FF4343,#FF4343,#FFFF49,#FFFF49,#FFFF49,#246BFD,#FF8A06,#FFFF49,#FFFF49,#FFFF49,#FF4343,#246BFD,#FF8A06,#246BFD",0.0,checked
333_ell_13,13,checked,"R2 U' F R U R2 U' F' R U R2 U' R
R' U R2 U' R' F U R2 U' R' F' U R2
M' U M' U2 M U M2 U M'
M U M2 U M' U2 M U M
M U M U2 M' U M2 U M
M U' M U2 M' U' M2 U' M
M U M2 U M' U2 M U M
M U' M2 U' M' U2 M U' M",R' U R2 U' R' F U R2 U' R' F' U R2,3_ell,ELL,333,,,"#FF4343,#FFFF49,#FF4343,#43FF43,#FFFF49,#FF4343,#FFFF49,#246BFD,#FFFF49,#246BFD,#FFFF49,#FFFF49,#FF8A06,#43FF43,#FFFF49,#FFFF49,#FFFF49,#246BFD,#FF8A06,#43FF43,#FF8A06",0.0,checked
333_ell_9,9,checked,"R2 B' L' B L R' B R' L' B L B'
F2 R' B' R F' B R F' B' R B R'
F2 R' B' R F' B R B' F' R B R'
F2 R' B' R B F' R F' B' R B R'
l2 y' l' U' R U z' R' U R' z U' R U l'
R2 U' L' U R' z U R D' U' R U R'
D2 R U R' D U' R' D U R' U' l
S M2 S' D S2 D' M2
S2 D M2 D' M S2 M'
S' M2 S U S2 U' M2",B L' B' L R B' R L' B' L B R2,3_ell,ELL,333,,,"#43FF43,#FF4343,#43FF43,#FF8A06,#FFFF49,#FFFF49,#FFFF49,#FF4343,#246BFD,#FFFF49,#FFFF49,#FFFF49,#43FF43,#FF8A06,#FFFF49,#FFFF49,#FFFF49,#FF4343,#246BFD,#FF8A06,#246BFD",0.0,checked
333_ell_10,10,checked,"R' U' R U M U' R' U r
E' L' U L E L' U' L
R U R' U' M U R U' R' U' M'
F U R U' R' F' U2 F U R U' R' F'
M2 U' F2 U' M' U M2 F2 U M
r2 U' M2 U2 M U R2 U M U' R2 U2 r2
M2 U' M' U M U M U' M U' M U M'
M2 U' M' U2 M U M' U' M U2 M U M",r' U' R U M' U' R' U R,3_ell,ELL,333,,,"#FF8A06,#FF8A06,#FF8A06,#246BFD,#FFFF49,#FFFF49,#FFFF49,#43FF43,#FF4343,#FFFF49,#FFFF49,#246BFD,#FFFF49,#246BFD,#FFFF49,#43FF43,#FFFF49,#43FF43,#FF4343,#FFFF49,#FF4343",0.0,checked
333_ell_6,6,checked,"B U L U2 L' B' U' R' U2 R
F U R U2 R' F' U' L' U2 L
R' U2 R2 U R' U' R' U2 r U R U' r'
r U R' U' r' U2 R U R U' R2 U2 R
L F R' F' L' U2 R U R U' R2 U2 R
M' U' M U' F2 U2 M' U M d R2
M' U' R U M U2 M2 U R' U' M2 U2
M' U' M U' M' U' M U' M' U' M
M' U M U M' U M U M' U M
R' U2 R M U R' U R U R U2 R' M' U' R U' R'",R' U2 R U B L U2 L' U' B',3_ell,ELL,333,,,"#43FF43,#43FF43,#43FF43,#FF8A06,#FFFF49,#FFFF49,#FFFF49,#FF4343,#FF8A06,#FFFF49,#FFFF49,#FF4343,#FFFF49,#FF8A06,#FFFF49,#246BFD,#FFFF49,#FF4343,#246BFD,#FFFF49,#246BFD",0.0,checked
333_ell_5,5,checked,"R u2 R2 F R2 u2 R2 F R
F D2 B2 L U2 B2 D2 R F
F' L' B' U2 B L F R U2 R'
M U M' U2 M U M'
M' U' M U2 M' U' M
M U' M' U2 M U' M'
R' r U' r' R U2 R' r U' r' R
M' U M U2 M' U M
r R' U' R r' U2 r R' U' R r'
L' R B' R' L U2 L' R B' R' L",R' F' R2 u2 R2 F' R2 u2 R',3_ell,ELL,333,,,"#43FF43,#FFFF49,#43FF43,#FF8A06,#FFFF49,#FF4343,#FFFF49,#FF4343,#FFFF49,#43FF43,#FFFF49,#FFFF49,#FF8A06,#FF8A06,#FFFF49,#FFFF49,#FFFF49,#FF4343,#246BFD,#246BFD,#246BFD",0.0,checked
333_ell_2,2,checked,"F R' F' M F R F' M'
r U R' U' M U R U' R'
R B' R' S R B R' S'
F R' F' L' R U R U' L R'
L F R' F' R L' U R U' R'
R B' R' B F' U B U' F B'
R U2 R2 U' x U x R U R2 U' x' U' x' R' U R
R U2 R2 U' F R D R2 D' F' R' U R
F U' R' U' F R U R2 U' F' R U R2 F'
M' U F2 M2 U M U' F2 U' M2",M F R' F' M' F R F',3_ell,ELL,333,,,"#43FF43,#FFFF49,#43FF43,#FF8A06,#FFFF49,#246BFD,#FFFF49,#FF4343,#FF8A06,#FFFF49,#FFFF49,#FFFF49,#43FF43,#FF8A06,#FFFF49,#FF4343,#FFFF49,#FF4343,#246BFD,#FFFF49,#246BFD",0.0,checked
333_ell_11,11,checked,"R U R' U' r R' U R U' r'
R U R' U' R' r U R U' r'
E L U' L' E' L U L'
M' U L' U' M U L U'
R U R' U' M' U R U' r'
L' R U R' U' L R' F R F'
R' U' R F D R2 D' R' F' U R2 U2 R'
M2 U F2 U M' U' M2 F2 U' M
r' U' r R2 U' R2 U' r' R' U2 R2 U2 R' U r
M2 U M' U' M U' M U M U M U' M'",r U R' U' R r' U R U' R',3_ell,ELL,333,,,"#FF8A06,#FF8A06,#FF8A06,#246BFD,#FFFF49,#FFFF49,#FFFF49,#43FF43,#FFFF49,#43FF43,#FFFF49,#FFFF49,#FF4343,#246BFD,#FFFF49,#246BFD,#FFFF49,#43FF43,#FF4343,#FFFF49,#FF4343",0.0,checked
333_ell_4,4,checked,"L U' R' U F' L2 U' L U' F' R' F2 R2
F M' F' M' U2 F2 M F' M F'
F2 M' U M' U' F2 U M U M
R2 F R U R U' R2 F' R U R U R' U2 R
R2 U M U' R2 U M' d' M' U2 M
F M' F U' M2 U2 M2 U' F' M F'
R' U R U R' U2 R2 y U F' R F R U' R' F' R'
R' U' R U' r U R2 U R U2 M U R U' R'
M' U M' U M' U2 M U M U M
U' R U M' U' R' U x U' M U2 M' U' M",R2 F2 R F U L' U L2 F U' R U L',3_ell,ELL,333,,,"#43FF43,#FFFF49,#43FF43,#FF8A06,#FFFF49,#246BFD,#FFFF49,#FF4343,#FF4343,#FFFF49,#FFFF49,#FFFF49,#FF8A06,#FF8A06,#FFFF49,#43FF43,#FFFF49,#FF4343,#246BFD,#FFFF49,#246BFD",0.0,checked
333_ell_3,3,checked,"R2 U' F U R' U' R2 F' R' U R U' R2
R2 U R' U' R F R2 U R U' F' U R2
L2 U F' U' L U L2 F L U' L' U L2
F2 U' M' U M F2 U' M' U M
M' U' M U F2 M' U' M U F2
F2 M' U' M U' M' U M U F2
F2 U' M' U' M U M' U M F2
F2 U M' U' M F2 U M' U' M
M' U2 M U' M' U' M U M' U' M
M' U2 M U M' U M U' M' U M",R2 U R' U' R F R2 U R U' F' U R2,3_ell,ELL,333,,,"#43FF43,#FFFF49,#43FF43,#FF8A06,#FFFF49,#FF8A06,#FFFF49,#FF4343,#43FF43,#FFFF49,#FFFF49,#FFFF49,#246BFD,#FF8A06,#FFFF49,#FF4343,#FFFF49,#FF4343,#246BFD,#FFFF49,#246BFD",0.0,checked
333_ell_14,14,checked,"B' R' U' R U z' f2 U R U' R' f'
F' U' L' U L F2 U R U' R' F'
F U F' R' U F L F' L' U2 F' U R
R' U' F R' F' R U R F U R U' R' F'
M' U M U M' U2 M U' M' U' M
r R2 U R U' M U R2 U' R' U' R' U R U R2
M2 U M' U2 M U M' U M' U2 M U M'",f R U R' U' f2 z U' R' U R B,3_ell,ELL,333,,,"#43FF43,#FF4343,#43FF43,#FF8A06,#FFFF49,#FFFF49,#FFFF49,#FF4343,#FFFF49,#246BFD,#FFFF49,#FFFF49,#43FF43,#FF8A06,#FFFF49,#FF8A06,#FFFF49,#FF4343,#246BFD,#FFFF49,#246BFD",0.0,checked
333_ell_12,12,checked,"R' F2 U' R2 F' R U R U F2 B' R B
B' R' B F2 U' R' U' R' F R2 U F2 R
L' U' L' S' L U L d' M2 U M'
R U R S R' U' R' d M2 U' M'
R' U' F R' F' R U R z R2 b R U R' U' F'
M' U2 M d' L2 d' M U' M' y' U2 L2
M' U2 M d R2 d M U M' y U2 R2
R' U' R U' M U R' U r U2 M U M'
R U R' U M' U' R U' r' U2 M' U' M
R' y' U' R U R2 U R2 U2 R2 U2 R y F R' F' R U R",B' R' B F2 U' R' U' R' F R2 U F2 R,3_ell,ELL,333,,,"#43FF43,#FFFF49,#43FF43,#FF8A06,#FFFF49,#43FF43,#FFFF49,#FF4343,#FFFF49,#FF4343,#FFFF49,#246BFD,#FFFF49,#FF8A06,#FFFF49,#FF8A06,#FFFF49,#FF4343,#246BFD,#FFFF49,#246BFD",0.0,checked
333_zbll-pi_27,27,checked,"R D' R' U R2 D R U R U2 r' U2 L
L U' R' U L' U' R F' L2 F' R2 F L2 F' R2 F2
R' U L U' R U L' F' L2 F' R2 F L2 F' R2 F2",L' U2 r U2 R' U' R' D' R2 U' R D R',3_zbll_pi,ZBLL-PI,333,,,"#246BFD,#FF8A06,#FFFF49,#FFFF49,#FF8A06,#FFFF49,#FF4343,#43FF43,#246BFD,#FFFF49,#FFFF49,#FFFF49,#43FF43,#FFFF49,#FF8A06,#FFFF49,#FF4343,#246BFD,#43FF43,#FF4343,#FFFF49",0.0,checked
333_zbll-pi_30,30,checked,"R U2 R2 U' R' D R' U' R D' R U2 R
L2 D' L U2 L' D L' U L2 U L2 U2 L'",R' U2 R' D R' U R D' R U R2 U2 R',3_zbll_pi,ZBLL-PI,333,,,"#246BFD,#FF4343,#FFFF49,#FFFF49,#FF8A06,#FFFF49,#FF4343,#43FF43,#FF8A06,#FFFF49,#FFFF49,#FFFF49,#43FF43,#FFFF49,#FF8A06,#FFFF49,#FF4343,#246BFD,#43FF43,#246BFD,#FFFF49",0.0,checked
333_zbll-pi_43,43,checked,F R U' R' U R U2 R' U' R U R' y' U' R',R U y R U' R' U R U2 R' U' R U R' F',3_zbll_pi,ZBLL-PI,333,,,"#43FF43,#FF4343,#FFFF49,#FFFF49,#FF4343,#FFFF49,#FF8A06,#246BFD,#246BFD,#FFFF49,#FFFF49,#FFFF49,#43FF43,#FFFF49,#FF8A06,#FFFF49,#FF4343,#246BFD,#43FF43,#FF8A06,#FFFF49",0.0,checked
333_zbll-pi_36,36,checked,"R2 D' r U2 r' D R' U R2 U R2 U2 R'
L2 D' l U2 l' D L' U L2 U L2 U2 L'
L2 D' R B2 R' D L' U L2 U L2 U2 L'
R2 D L' B2 L D' R U' R2 U' R2 U2 R",R U2 R2 U' R2 U' R D' r U2 r' D R2,3_zbll_pi,ZBLL-PI,333,,,"#246BFD,#246BFD,#FFFF49,#FFFF49,#FF8A06,#FFFF49,#FF4343,#43FF43,#FF8A06,#FFFF49,#FFFF49,#FFFF49,#FF4343,#FFFF49,#FF8A06,#FFFF49,#FF4343,#246BFD,#43FF43,#43FF43,#FFFF49",0.0,checked
333_zbll-pi_65,65,checked,"R U' L' U R' U' L2 U L' U L U2 L'
L U' R' U L' U' R2 U R' U R U2 R'",L U2 L' U' L U' L2 U R U' L U R',3_zbll_pi,ZBLL-PI,333,,,"#43FF43,#FF8A06,#FFFF49,#FFFF49,#FF4343,#FFFF49,#43FF43,#FF8A06,#FF4343,#FFFF49,#FFFF49,#FFFF49,#246BFD,#FFFF49,#246BFD,#FFFF49,#FF4343,#246BFD,#FF8A06,#43FF43,#FFFF49",0.0,checked
333_zbll-pi_41,41,checked,"R' U2 R U F R' U R y' R' U R U2 R'
L U L' F' L U' L2 U L F2 R U R' y U' L'",R U2 R' U' R y R' U' R F' U' R' U2 R,3_zbll_pi,ZBLL-PI,333,,,"#43FF43,#FF4343,#FFFF49,#FFFF49,#FF4343,#FFFF49,#FF8A06,#246BFD,#FF8A06,#FFFF49,#FFFF49,#FFFF49,#246BFD,#FFFF49,#FF8A06,#FFFF49,#FF4343,#246BFD,#43FF43,#43FF43,#FFFF49",0.0,checked
333_zbll-pi_39,39,checked,"L' U2 L R' y U L2 U L2 U' L2 y' R
U' b2 E' R U2 L U2 l' y U2 l
L' U2 x' M' D R2 U R2 D' F2 R
F R B' R' F' R B U2 R2 U' R2 U' R2 U2 R",R' y L2 U L2 U' L2 U' y' R L' U2 L,3_zbll_pi,ZBLL-PI,333,,,"#43FF43,#246BFD,#FFFF49,#FFFF49,#FF4343,#FFFF49,#FF8A06,#246BFD,#FF8A06,#FFFF49,#FFFF49,#FFFF49,#43FF43,#FFFF49,#FF8A06,#FFFF49,#FF4343,#246BFD,#43FF43,#FF4343,#FFFF49",0.0,checked
333_zbll-pi_13,13,checked,"R U L U2 R2 U2 R U R' U R2 U2 L' U' R'
B U B' U F' U B U' F U2 B' L' U2 L U L' U L
B' U' B U' B' U2 B R' U' R U' L U' R' U L' U2 R",R U L U2 R2 U' R U' R' U2 R2 U2 L' U' R',3_zbll_pi,ZBLL-PI,333,,,"#FF8A06,#43FF43,#FFFF49,#FFFF49,#43FF43,#FFFF49,#FF8A06,#246BFD,#FF8A06,#FFFF49,#FFFF49,#FFFF49,#246BFD,#FFFF49,#43FF43,#FFFF49,#FF4343,#246BFD,#FF4343,#FF4343,#FFFF49",0.0,checked
333_zbll-pi_32,32,checked,"R' D R U' R2 D' R' U' R' U2 r U2 L'
L U' R' U L' U2 R U' R U R2 U R2 U2 R'
L' U R U' L U R' B L2 B R2 B' L2 B R2 B2
R U' L' U R' U' L B L2 B R2 B' L2 B R2 B2",L U2 r' U2 R U R D R2 U R' D' R,3_zbll_pi,ZBLL-PI,333,,,"#246BFD,#FF4343,#FFFF49,#FFFF49,#FF8A06,#FFFF49,#FF4343,#43FF43,#43FF43,#FFFF49,#FFFF49,#FFFF49,#246BFD,#FFFF49,#FF8A06,#FFFF49,#FF4343,#246BFD,#43FF43,#FF8A06,#FFFF49",0.0,checked
333_zbll-pi_2,2,checked,R U2 R2 U' R2 U' R2 U2 R,R' U2 R2 U R2 U R2 U2 R',3_zbll_pi,ZBLL-PI,333,,,"#FF8A06,#43FF43,#FFFF49,#FFFF49,#43FF43,#FFFF49,#FF4343,#43FF43,#246BFD,#FFFF49,#FFFF49,#FFFF49,#FF8A06,#FFFF49,#246BFD,#FFFF49,#FF4343,#246BFD,#FF8A06,#FF4343,#FFFF49",0.0,checked
333_zbll-pi_72,72,checked,"R2 U R' D R D' R' U' R2 D R2 D' U' R U2 R'
L2 U L2 U R' U2 R U' L2 U' L' U' R' U x M
F U2 F' U2 B' U F U' F' B R U2 R' U' R U' R'",R U2 R' U D R2 D' R2 U R D R' D' R U' R2,3_zbll_pi,ZBLL-PI,333,,,"#43FF43,#246BFD,#FFFF49,#FFFF49,#FF4343,#FFFF49,#43FF43,#FF8A06,#FF8A06,#FFFF49,#FFFF49,#FFFF49,#FF4343,#FFFF49,#246BFD,#FFFF49,#FF4343,#246BFD,#FF8A06,#43FF43,#FFFF49",0.0,checked
333_zbll-pi_6,6,checked,"R U2 R' U' R U' R2 U' R U' R' U2 R
L U2 L' U' L U' L2 U' L U' L' U2 L",R' U2 R U R' U R2 U R' U R U2 R',3_zbll_pi,ZBLL-PI,333,,,"#FF8A06,#FF8A06,#FFFF49,#FFFF49,#43FF43,#FFFF49,#FF4343,#43FF43,#FF4343,#FFFF49,#FFFF49,#FFFF49,#43FF43,#FFFF49,#246BFD,#FFFF49,#FF4343,#246BFD,#FF8A06,#246BFD,#FFFF49",0.0,checked
333_zbll-pi_53,53,checked,"B' U F U' B U F' R U2 R' U' R U' R'
R' U' R U' x' M' U2 L' U2 R U2 L U2 L'
L' U R U' L U R' U R U2 R' U' R U' R'",R U R' U R U2 R' F U' B' U F' U' B,3_zbll_pi,ZBLL-PI,333,,,"#246BFD,#FF4343,#FFFF49,#FFFF49,#FF8A06,#FFFF49,#43FF43,#FF8A06,#FF8A06,#FFFF49,#FFFF49,#FFFF49,#246BFD,#FFFF49,#43FF43,#FFFF49,#FF4343,#246BFD,#FF4343,#43FF43,#FFFF49",0.0,checked
333_zbll-pi_45,45,checked,L' U2 L2 F' U L2 U L2 U' F U' L',L U F' U L2 U' L2 U' F L2 U2 L,3_zbll_pi,ZBLL-PI,333,,,"#43FF43,#246BFD,#FFFF49,#FFFF49,#FF4343,#FFFF49,#FF8A06,#246BFD,#43FF43,#FFFF49,#FFFF49,#FFFF49,#FF4343,#FFFF49,#FF8A06,#FFFF49,#FF4343,#246BFD,#43FF43,#FF8A06,#FFFF49",0.0,checked
333_zbll-pi_63,63,checked,"R U2 R' U' F' R U2 R' U2 R' F R2 U' R'
R U2 R' D R2 U2 R2 U R2 U R2 D' R U' R'
L' U' L U L2 R U R' U' L2 U R U2 L' U x' M'
R' F2 R' B2 R F2 R' B2 R2 B' R' F R B R' F' R",R U R2 F' R U2 R U2 R' F U R U2 R',3_zbll_pi,ZBLL-PI,333,,,"#43FF43,#FF8A06,#FFFF49,#FFFF49,#FF4343,#FFFF49,#43FF43,#FF8A06,#246BFD,#FFFF49,#FFFF49,#FFFF49,#43FF43,#FFFF49,#246BFD,#FFFF49,#FF4343,#246BFD,#FF8A06,#FF4343,#FFFF49",0.0,checked
333_zbll-pi_34,34,checked,"R' U' R U' R' U' L U' R U L'
L' U' L U' L' U' R U' L U R'",L U' R' U L' U R U R' U R,3_zbll_pi,ZBLL-PI,333,,,"#246BFD,#FF4343,#FFFF49,#FFFF49,#FF8A06,#FFFF49,#FF4343,#43FF43,#246BFD,#FFFF49,#FFFF49,#FFFF49,#FF8A06,#FFFF49,#FF8A06,#FFFF49,#FF4343,#246BFD,#43FF43,#43FF43,#FFFF49",0.0,checked
333_zbll-pi_19,19,checked,"F' R U F2 U R' U' R F2 U' R' F
R' U R U2 x' M' U' R U L' U2 R' U' R
B2 D F' L2 F D' B' U2 B' L' U R U' L U R'",F' R U F2 R' U R U' F2 U' R' F,3_zbll_pi,ZBLL-PI,333,,,"#FF8A06,#246BFD,#FFFF49,#FFFF49,#43FF43,#FFFF49,#FF8A06,#246BFD,#FF4343,#FFFF49,#FFFF49,#FFFF49,#43FF43,#FFFF49,#43FF43,#FFFF49,#FF4343,#246BFD,#FF4343,#FF8A06,#FFFF49",0.0,checked
333_zbll-pi_64,64,checked,M' U' R U L' U2 R' U R U' R' U2 R,R' U2 R U R' U' R U2 L U' R' U M,3_zbll_pi,ZBLL-PI,333,,,"#43FF43,#FF8A06,#FFFF49,#FFFF49,#FF4343,#FFFF49,#43FF43,#FF8A06,#43FF43,#FFFF49,#FFFF49,#FFFF49,#FF4343,#FFFF49,#246BFD,#FFFF49,#FF4343,#246BFD,#FF8A06,#246BFD,#FFFF49",0.0,checked
333_zbll-pi_38,38,checked,"L B L2 U' L2 U' L2 U2 L2 U' B' L'
R' U2 R' D' L F2 L' D R2 L' U2 L U L' U L
R U2 R2 U2 R2 U R2 U R2 U' R' L' B L F' L' B' L F",L B U L2 U2 L2 U L2 U L2 B' L',3_zbll_pi,ZBLL-PI,333,,,"#43FF43,#43FF43,#FFFF49,#FFFF49,#FF4343,#FFFF49,#FF8A06,#246BFD,#246BFD,#FFFF49,#FFFF49,#FFFF49,#FF8A06,#FFFF49,#FF8A06,#FFFF49,#FF4343,#246BFD,#43FF43,#FF4343,#FFFF49",0.0,checked
333_zbll-pi_37,37,checked,"F R U R' U' R' F' U2 R U R' U R2 U2 R'
D' R' D R' U D' R' U' R2 D R' D' R U R' U' D
R' U' R U' x' M' U' L' U2 R U' R' U L U' x M",R U2 R2 U' R U' R' U2 F R U R U' R' F',3_zbll_pi,ZBLL-PI,333,,,"#43FF43,#FF8A06,#FFFF49,#FFFF49,#FF4343,#FFFF49,#FF8A06,#246BFD,#43FF43,#FFFF49,#FFFF49,#FFFF49,#246BFD,#FFFF49,#FF8A06,#FFFF49,#FF4343,#246BFD,#43FF43,#FF4343,#FFFF49",0.0,checked
333_zbll-pi_18,18,checked,"R U' R' U2 x M U R' U' L U2 R U R'
B2 D' F R2 F' D B U2 B R U' L' U R' U' L",R U' R' U2 L' U R U' M' x' U2 R U R',3_zbll_pi,ZBLL-PI,333,,,"#FF8A06,#FF4343,#FFFF49,#FFFF49,#43FF43,#FFFF49,#FF8A06,#246BFD,#FF8A06,#FFFF49,#FFFF49,#FFFF49,#43FF43,#FFFF49,#43FF43,#FFFF49,#FF4343,#246BFD,#FF4343,#246BFD,#FFFF49",0.0,checked
333_zbll-pi_3,3,checked,"L' U L U' L2 U2 L U L' U L2 U' L' U L
R' U R U' R2 U2 R U R' U R2 U' R' U R",L' U' L U L2 U' L U' L' U2 L2 U L' U' L,3_zbll_pi,ZBLL-PI,333,,,"#FF8A06,#246BFD,#FFFF49,#FFFF49,#43FF43,#FFFF49,#FF4343,#43FF43,#FF8A06,#FFFF49,#FFFF49,#FFFF49,#43FF43,#FFFF49,#246BFD,#FFFF49,#FF4343,#246BFD,#FF8A06,#FF4343,#FFFF49",0.0,checked
333_zbll-pi_46,46,checked,R' U2 R U' L U2 R' U2 R U2 L' R' U R,R' U' R L U2 R' U2 R U2 L' U R' U2 R,3_zbll_pi,ZBLL-PI,333,,,"#43FF43,#246BFD,#FFFF49,#FFFF49,#FF4343,#FFFF49,#FF8A06,#246BFD,#FF4343,#FFFF49,#FFFF49,#FFFF49,#FF8A06,#FFFF49,#FF8A06,#FFFF49,#FF4343,#246BFD,#43FF43,#43FF43,#FFFF49",0.0,checked
333_zbll-pi_22,22,checked,"L U' L' U2 R' U L U' x M U2 L U L'
R U' L' U R' U' R' L2 U L' U' R U2 L U2 L'
R U' L' U R' U' L R' L U L' U' R U2 L U2 L'",L U' L' U2 M' x' U L' U' R U2 L U L',3_zbll_pi,ZBLL-PI,333,,,"#FF8A06,#FF4343,#FFFF49,#FFFF49,#43FF43,#FFFF49,#FF8A06,#246BFD,#246BFD,#FFFF49,#FFFF49,#FFFF49,#FF8A06,#FFFF49,#43FF43,#FFFF49,#FF4343,#246BFD,#FF4343,#43FF43,#FFFF49",0.0,checked
333_zbll-pi_58,58,checked,"F U' B' U F' U' B L U' R' U L' U' R
M' U L' U2 R U' R' U' L U' R U2 L'
U R' D' R U' R' D R' U R' D' R U' R' D
L U' R' U L' U' R U' L U' R' U L' U' R",R' U L U' R U L' B' U F U' B U F',3_zbll_pi,ZBLL-PI,333,,,"#246BFD,#246BFD,#FFFF49,#FFFF49,#FF8A06,#FFFF49,#43FF43,#FF8A06,#FF4343,#FFFF49,#FFFF49,#FFFF49,#FF8A06,#FFFF49,#43FF43,#FFFF49,#FF4343,#246BFD,#FF4343,#43FF43,#FFFF49",0.0,checked
333_zbll-pi_57,57,checked,R U2 R' U' R U' R2 U L U' R U L',L U' R' U L' U' R2 U R' U R U2 R',3_zbll_pi,ZBLL-PI,333,,,"#246BFD,#246BFD,#FFFF49,#FFFF49,#FF8A06,#FFFF49,#43FF43,#FF8A06,#43FF43,#FFFF49,#FFFF49,#FFFF49,#FF4343,#FFFF49,#43FF43,#FFFF49,#FF4343,#246BFD,#FF4343,#FF8A06,#FFFF49",0.0,checked
333_zbll-pi_10,10,checked,"F L' D2 L F' U F L' D2 L F'
L' U R U' L U R2 U L U' R U L'
U L' D' L U' L' D2 L' U' L D' L' U
U' L D L' U L D2 L U L' D L U'
L U' R' U L' U' R2 U' L' U R' U' L
U' R D R' U R D2 R U R' D R U'
U R' D' R U' R' D2 R' U' R D' R' U
R U' L' U R' U' L2 U' R' U L' U' R
R U2 R' U' R U' R' U' R U2 R' U' R U' R'
R U2 R' U' R U' R' U R U2 R' U' R U' R'",F L' D2 L F' U' F L' D2 L F',3_zbll_pi,ZBLL-PI,333,,,"#FF8A06,#246BFD,#FFFF49,#FFFF49,#43FF43,#FFFF49,#FF4343,#43FF43,#FF4343,#FFFF49,#FFFF49,#FFFF49,#FF8A06,#FFFF49,#246BFD,#FFFF49,#FF4343,#246BFD,#FF8A06,#43FF43,#FFFF49",0.0,checked
333_zbll-pi_28,28,checked,"L' U2 R U' L U' L' U' L U L' U R' U2 L
B' U2 B U B' U B R U2 R D L' B2 L D' R2",L' U2 R U' L U' L' U L U L' U R' U2 L,3_zbll_pi,ZBLL-PI,333,,,"#246BFD,#FF8A06,#FFFF49,#FFFF49,#FF8A06,#FFFF49,#FF4343,#43FF43,#43FF43,#FFFF49,#FFFF49,#FFFF49,#FF4343,#FFFF49,#FF8A06,#FFFF49,#FF4343,#246BFD,#43FF43,#246BFD,#FFFF49",0.0,checked
333_zbll-pi_35,35,checked,"R U R' U' L' U2 R U2 R' U L U' L' U2 L
D' R' D R U R2 D' R2 D R' U' R U R2 U'
D R' U' R D' R U' R' U2 R U2 R U R U' R2
F' U2 F U F' U F L' R U R' U' L U2 R U2 R'
F U2 F' U' F U' F' R L' U' L U R' U2 L' U2 L",L' U2 L U L' U' R U2 R' U2 L U R U' R',3_zbll_pi,ZBLL-PI,333,,,"#246BFD,#43FF43,#FFFF49,#FFFF49,#FF8A06,#FFFF49,#FF4343,#43FF43,#FF4343,#FFFF49,#FFFF49,#FFFF49,#FF8A06,#FFFF49,#FF8A06,#FFFF49,#FF4343,#246BFD,#43FF43,#246BFD,#FFFF49",0.0,checked
333_zbll-pi_54,54,checked,M U R' U' L U2 R U' R' U R U2 R',R U2 R' U' R U R' U2 L' U R U' M',3_zbll_pi,ZBLL-PI,333,,,"#246BFD,#FF8A06,#FFFF49,#FFFF49,#FF8A06,#FFFF49,#43FF43,#FF8A06,#FF4343,#FFFF49,#FFFF49,#FFFF49,#43FF43,#FFFF49,#43FF43,#FFFF49,#FF4343,#246BFD,#FF4343,#246BFD,#FFFF49",0.0,checked
333_zbll-pi_68,68,checked,"F' U B U' F U B' R' U L U' R U L'
L' R U' L U2 R' U R U L' U R' U2 L
L' U R U' L U R' U L' U R U' L U R'",L U' R' U L' U' R B U' F' U B' U' F,3_zbll_pi,ZBLL-PI,333,,,"#43FF43,#FF4343,#FFFF49,#FFFF49,#FF4343,#FFFF49,#43FF43,#FF8A06,#43FF43,#FFFF49,#FFFF49,#FFFF49,#246BFD,#FFFF49,#246BFD,#FFFF49,#FF4343,#246BFD,#FF8A06,#FF8A06,#FFFF49",0.0,checked
333_zbll-pi_67,67,checked,"R' U2 R U R' U R2 U' L' U R' U' L
L' U2 L U L' U L2 U' R' U L' U' R",L' U R U' L U R2 U' R U' R' U2 R,3_zbll_pi,ZBLL-PI,333,,,"#43FF43,#246BFD,#FFFF49,#FFFF49,#FF4343,#FFFF49,#43FF43,#FF8A06,#FF4343,#FFFF49,#FFFF49,#FFFF49,#43FF43,#FFFF49,#246BFD,#FFFF49,#FF4343,#246BFD,#FF8A06,#FF8A06,#FFFF49",0.0,checked
333_zbll-pi_71,71,checked,"F' U' F R U R' F R' F' R2 U R' U' R U' R'
R' U2 R' U R2 U' R U2 R U2 L U' R U L' R'
R U R' U' R' U2 R U2 R' D' R U' R' U D R2 U2 R'
F' U' F U' F' U F U' F' U2 F R2 D L' B2 L D' R' U2 R'",R U R' U R U' R2 F R F' R U' R' F' U F,3_zbll_pi,ZBLL-PI,333,,,"#43FF43,#43FF43,#FFFF49,#FFFF49,#FF4343,#FFFF49,#43FF43,#FF8A06,#FF4343,#FFFF49,#FFFF49,#FFFF49,#FF8A06,#FFFF49,#246BFD,#FFFF49,#FF4343,#246BFD,#FF8A06,#246BFD,#FFFF49",0.0,checked
333_zbll-pi_51,51,checked,"M' U2 L2 U' L2 U' L' U' R U L' U2 L
L2 B2 L' F2 L B2 L' F2 L' R U2 R' U' R U' R'",L' U2 L U' R' U L U L2 U L2 U2 M,3_zbll_pi,ZBLL-PI,333,,,"#246BFD,#246BFD,#FFFF49,#FFFF49,#FF8A06,#FFFF49,#43FF43,#FF8A06,#FF8A06,#FFFF49,#FFFF49,#FFFF49,#43FF43,#FFFF49,#43FF43,#FFFF49,#FF4343,#246BFD,#FF4343,#FF4343,#FFFF49",0.0,checked
333_zbll-pi_11,11,checked,R' U2 R2 U R2 U R2 U2 R',R U2 R2 U' R2 U' R2 U2 R,3_zbll_pi,ZBLL-PI,333,,,"#FF8A06,#FF4343,#FFFF49,#FFFF49,#43FF43,#FFFF49,#FF4343,#43FF43,#43FF43,#FFFF49,#FFFF49,#FFFF49,#FF8A06,#FFFF49,#246BFD,#FFFF49,#FF4343,#246BFD,#FF8A06,#246BFD,#FFFF49",0.0,checked
333_zbll-pi_1,1,checked,"R' U' R U R U2 R' U' R U' R2 U2 R
R' U2 R2 U R' U R U2 R' U' R' U R
R U R' U R U2 R' U' R U R' U R U2 R'",R' U2 R2 U R' U R U2 R' U' R' U R,3_zbll_pi,ZBLL-PI,333,,,"#FF8A06,#FF8A06,#FFFF49,#FFFF49,#43FF43,#FFFF49,#FF4343,#43FF43,#43FF43,#FFFF49,#FFFF49,#FFFF49,#246BFD,#FFFF49,#246BFD,#FFFF49,#FF4343,#246BFD,#FF8A06,#FF4343,#FFFF49",0.0,checked
333_zbll-pi_25,25,checked,"R' U2 R2 U R D' R U R' D R' U2 R'
R2 D R' U2 R D' R U' R2 U' R2 U2 R",R U2 R D' R U' R' D R' U' R2 U2 R,3_zbll_pi,ZBLL-PI,333,,,"#246BFD,#43FF43,#FFFF49,#FFFF49,#FF8A06,#FFFF49,#FF4343,#43FF43,#FF8A06,#FFFF49,#FFFF49,#FFFF49,#246BFD,#FFFF49,#FF8A06,#FFFF49,#FF4343,#246BFD,#43FF43,#FF4343,#FFFF49",0.0,checked
333_zbll-pi_26,26,checked,L U L' U L U R' U L' U' R,R' U L U' R U' L' U' L U' L',3_zbll_pi,ZBLL-PI,333,,,"#246BFD,#246BFD,#FFFF49,#FFFF49,#FF8A06,#FFFF49,#FF4343,#43FF43,#43FF43,#FFFF49,#FFFF49,#FFFF49,#FF8A06,#FFFF49,#FF8A06,#FFFF49,#FF4343,#246BFD,#43FF43,#FF4343,#FFFF49",0.0,checked
333_zbll-pi_56,56,checked,"F' U' F U' F' U2 F R' U L U' R U L'
M' U' R U' R' U R U2 L2 U R' U' L U' R",L U' R' U L' U' R F' U2 F U F' U F,3_zbll_pi,ZBLL-PI,333,,,"#246BFD,#43FF43,#FFFF49,#FFFF49,#FF8A06,#FFFF49,#43FF43,#FF8A06,#FF4343,#FFFF49,#FFFF49,#FFFF49,#246BFD,#FFFF49,#43FF43,#FFFF49,#FF4343,#246BFD,#FF4343,#FF8A06,#FFFF49",0.0,checked
333_zbll-pi_55,55,checked,"R2 U' F' U F U R2 U' R2 U' R2 F R2 F'
R U2 R' D U R2 D' R2 U R D R' D' R U' R2
L2 U' L2 U' R U2 R' U L2 U L U R U' x' M'
F' U2 F U2 B U' F' U F B' L' U2 L U L' U L",F R2 F' R2 U R2 U R2 U' F' U' F U R2,3_zbll_pi,ZBLL-PI,333,,,"#246BFD,#FF4343,#FFFF49,#FFFF49,#FF8A06,#FFFF49,#43FF43,#FF8A06,#246BFD,#FFFF49,#FFFF49,#FFFF49,#43FF43,#FFFF49,#43FF43,#FFFF49,#FF4343,#246BFD,#FF4343,#FF8A06,#FFFF49",0.0,checked
333_zbll-pi_15,15,checked,"F' U' L U L2 U L2 U2 L' U2 L' U' L F
F R U' R' U2 R' U2 R2 U R2 U R U' F'
F U R' U' R2 U' R2 U2 R U2 R U R' F'
R F' R' B R F R' B' F L B' L' F' L B L'
L' B L F' L' B' L F B' R' F R B R' F' R
L F' L' B L F L' B' F R B' R' F' R B R'",F' L' U L U2 L U2 L2 U' L2 U' L' U F,3_zbll_pi,ZBLL-PI,333,,,"#FF8A06,#FF8A06,#FFFF49,#FFFF49,#43FF43,#FFFF49,#FF8A06,#246BFD,#246BFD,#FFFF49,#FFFF49,#FFFF49,#43FF43,#FFFF49,#43FF43,#FFFF49,#FF4343,#246BFD,#FF4343,#FF4343,#FFFF49",0.0,checked
333_zbll-pi_5,5,checked,"R U' R' U R2 U2 R' U' R U' R2 U R U' R'
L U' L' U L2 U2 L' U' L U' L2 U L U' L'",R U R' U' R2 U R' U R U2 R2 U' R U R',3_zbll_pi,ZBLL-PI,333,,,"#FF8A06,#FF4343,#FFFF49,#FFFF49,#43FF43,#FFFF49,#FF4343,#43FF43,#FF8A06,#FFFF49,#FFFF49,#FFFF49,#246BFD,#FFFF49,#246BFD,#FFFF49,#FF4343,#246BFD,#FF8A06,#43FF43,#FFFF49",0.0,checked
333_zbll-pi_44,44,checked,"R U2 R' U' B' R U' R' y R U' R' U2 R
R U2 R' d' R' F U' F' R U' R' U2 R
L' U' L B L' U L2 U' L' B2 R' U' R y' U L",R' U2 R U R' y' R U R' B U R U2 R',3_zbll_pi,ZBLL-PI,333,,,"#43FF43,#43FF43,#FFFF49,#FFFF49,#FF4343,#FFFF49,#FF8A06,#246BFD,#FF4343,#FFFF49,#FFFF49,#FFFF49,#246BFD,#FFFF49,#FF8A06,#FFFF49,#FF4343,#246BFD,#43FF43,#FF8A06,#FFFF49",0.0,checked
333_zbll-pi_66,66,checked,"R U2 R' U' R U R' U2 L' U R U' x' M'
R U R2 U' R2 U' R2 U2 R2 U L' U R' U' L",M x U R' U' L U2 R U' R' U R U2 R',3_zbll_pi,ZBLL-PI,333,,,"#43FF43,#FF4343,#FFFF49,#FFFF49,#FF4343,#FFFF49,#43FF43,#FF8A06,#FF8A06,#FFFF49,#FFFF49,#FFFF49,#43FF43,#FFFF49,#246BFD,#FFFF49,#FF4343,#246BFD,#FF8A06,#246BFD,#FFFF49",0.0,checked
333_zbll-pi_60,60,checked,"R' U2 R U R' U' R U2 L U' R' U x M
L' U' L2 U L2 U L2 U2 L2 U' R U' L U R'",M' x' U' R U L' U2 R' U R U' R' U2 R,3_zbll_pi,ZBLL-PI,333,,,"#246BFD,#FF8A06,#FFFF49,#FFFF49,#FF8A06,#FFFF49,#43FF43,#FF8A06,#246BFD,#FFFF49,#FFFF49,#FFFF49,#FF4343,#FFFF49,#43FF43,#FFFF49,#FF4343,#246BFD,#FF4343,#43FF43,#FFFF49",0.0,checked
333_zbll-pi_69,69,checked,"L' R U2 L2 U L2 U L U R' U' L U2 L'
R2 B2 R F2 R' B2 R F2 R L' U2 L U L' U L",L U2 L' U R U' L' U' L2 U' L2 U2 R' L,3_zbll_pi,ZBLL-PI,333,,,"#43FF43,#43FF43,#FFFF49,#FFFF49,#FF4343,#FFFF49,#43FF43,#FF8A06,#246BFD,#FFFF49,#FFFF49,#FFFF49,#FF4343,#FFFF49,#246BFD,#FFFF49,#FF4343,#246BFD,#FF8A06,#FF8A06,#FFFF49",0.0,checked
333_zbll-pi_12,12,checked,"L U L' U' L2 U L' U L U2 L2 U' L U L'
R U R' U' R2 U R' U R U2 R2 U' R U R'",L U' L' U L2 U2 L' U' L U' L2 U L U' L',3_zbll_pi,ZBLL-PI,333,,,"#FF8A06,#FF8A06,#FFFF49,#FFFF49,#43FF43,#FFFF49,#FF4343,#43FF43,#246BFD,#FFFF49,#FFFF49,#FFFF49,#FF4343,#FFFF49,#246BFD,#FFFF49,#FF4343,#246BFD,#FF8A06,#43FF43,#FFFF49",0.0,checked
333_zbll-pi_42,42,checked,"R U2 R' y' F U' R2 U' R2 U R2 F'
U f2 E R' U2 L' U2 l y' U2 l'
L U2 x M D' R2 U' R2 D B2 R'
F' L' B L F L' B' U2 L2 U L2 U L2 U2 L'",F R2 U' R2 U R2 U F' y R U2 R',3_zbll_pi,ZBLL-PI,333,,,"#43FF43,#FF8A06,#FFFF49,#FFFF49,#FF4343,#FFFF49,#FF8A06,#246BFD,#FF4343,#FFFF49,#FFFF49,#FFFF49,#43FF43,#FFFF49,#FF8A06,#FFFF49,#FF4343,#246BFD,#43FF43,#246BFD,#FFFF49",0.0,checked
333_zbll-pi_50,50,checked,R2 F2 R' B' R F2 R' B U2 R2 U' R2 U' R2 U2 R,R' U2 R2 U R2 U R2 U2 B' R F2 R' B R F2 R2,3_zbll_pi,ZBLL-PI,333,,,"#246BFD,#43FF43,#FFFF49,#FFFF49,#FF8A06,#FFFF49,#43FF43,#FF8A06,#246BFD,#FFFF49,#FFFF49,#FFFF49,#FF8A06,#FFFF49,#43FF43,#FFFF49,#FF4343,#246BFD,#FF4343,#FF4343,#FFFF49",0.0,checked
333_zbll-pi_70,70,checked,"B U' F' U B' U' F L' U2 L U L' U L
R U R' U L' R U2 L U2 R' U2 L' U2 L",L' U' L U' L' U2 L F' U B U' F U B',3_zbll_pi,ZBLL-PI,333,,,"#43FF43,#FF4343,#FFFF49,#FFFF49,#FF4343,#FFFF49,#43FF43,#FF8A06,#246BFD,#FFFF49,#FFFF49,#FFFF49,#FF8A06,#FFFF49,#246BFD,#FFFF49,#FF4343,#246BFD,#FF8A06,#43FF43,#FFFF49",0.0,checked
333_zbll-pi_9,9,checked,"L' U' L U L2 U' L U' L' U2 L2 U L' U' L
R' U' R U R2 U' R U' R' U2 R2 U R' U' R",L' U L U' L2 U2 L U L' U L2 U' L' U L,3_zbll_pi,ZBLL-PI,333,,,"#FF8A06,#246BFD,#FFFF49,#FFFF49,#43FF43,#FFFF49,#FF4343,#43FF43,#43FF43,#FFFF49,#FFFF49,#FFFF49,#FF4343,#FFFF49,#246BFD,#FFFF49,#FF4343,#246BFD,#FF8A06,#FF8A06,#FFFF49",0.0,checked
333_zbll-pi_29,29,checked,"L' U R U' L2 U L' R' U2 L U L'
R U' R U R2 x U r U' r' U r U r'
B U2 B' U' B U' B' R' U L U' R U L'",L U' L' U2 R L U' L2 U R' U' L,3_zbll_pi,ZBLL-PI,333,,,"#246BFD,#FF8A06,#FFFF49,#FFFF49,#FF8A06,#FFFF49,#FF4343,#43FF43,#FF4343,#FFFF49,#FFFF49,#FFFF49,#246BFD,#FFFF49,#FF8A06,#FFFF49,#FF4343,#246BFD,#43FF43,#43FF43,#FFFF49",0.0,checked
333_zbll-pi_16,16,checked,"L' U2 L2 U L2 U L R' U L U' R U2 L'
R' U2 L U' R U x M U R2 U R2 U2 R'",L U2 R' U L' U' R L' U' L2 U' L2 U2 L,3_zbll_pi,ZBLL-PI,333,,,"#FF8A06,#FF8A06,#FFFF49,#FFFF49,#43FF43,#FFFF49,#FF8A06,#246BFD,#43FF43,#FFFF49,#FFFF49,#FFFF49,#FF4343,#FFFF49,#43FF43,#FFFF49,#FF4343,#246BFD,#FF4343,#246BFD,#FFFF49",0.0,checked
333_zbll-pi_20,20,checked,"R U2 R' U' R U L' U R' U' L U' R U' R'
R U R' U L' U R U' L U' R' U R U2 R'",R U R' U L' U R U' L U' R' U R U2 R',3_zbll_pi,ZBLL-PI,333,,,"#FF8A06,#FF4343,#FFFF49,#FFFF49,#43FF43,#FFFF49,#FF8A06,#246BFD,#43FF43,#FFFF49,#FFFF49,#FFFF49,#246BFD,#FFFF49,#43FF43,#FFFF49,#FF4343,#246BFD,#FF4343,#FF8A06,#FFFF49",0.0,checked
333_zbll-pi_48,48,checked,"R' B' R2 U R2 U R2 U2 R2 U B R
L U2 L D R' F2 R D' L2 R U2 R' U' R U' R'
L' U2 L2 U2 L2 U' L2 U' L2 U L R B' R' F R B R' F'",R' B' U' R2 U2 R2 U' R2 U' R2 B R,3_zbll_pi,ZBLL-PI,333,,,"#43FF43,#FF8A06,#FFFF49,#FFFF49,#FF4343,#FFFF49,#FF8A06,#246BFD,#246BFD,#FFFF49,#FFFF49,#FFFF49,#FF4343,#FFFF49,#FF8A06,#FFFF49,#FF4343,#246BFD,#43FF43,#43FF43,#FFFF49",0.0,checked
333_zbll-pi_24,24,checked,"R U R' U r' F R F r U r' F r R'
M F' r U' r' F' R' F' r U' R U' R'
R U R' U L' U R U L U L' U x' M'
R U2 R' L' U R U' L R2 U' R2 U' R2 U2 R
R' U2 R2 U R2 U R2 r' F R' F' r R U2 R'",R r' F' r U' r' F' R' F' r U' R U' R',3_zbll_pi,ZBLL-PI,333,,,"#FF8A06,#246BFD,#FFFF49,#FFFF49,#43FF43,#FFFF49,#FF8A06,#246BFD,#FF8A06,#FFFF49,#FFFF49,#FFFF49,#FF4343,#FFFF49,#43FF43,#FFFF49,#FF4343,#246BFD,#FF4343,#43FF43,#FFFF49",0.0,checked
333_zbll-pi_62,62,checked,"B U B' U B U2 B' R U' L' U R' U' L
L' R U R' U R U' R' U2 L2 U' R U L' U R'",L' U R U' L U R' B U2 B' U' B U' B',3_zbll_pi,ZBLL-PI,333,,,"#43FF43,#246BFD,#FFFF49,#FFFF49,#FF4343,#FFFF49,#43FF43,#FF8A06,#43FF43,#FFFF49,#FFFF49,#FFFF49,#FF8A06,#FFFF49,#246BFD,#FFFF49,#FF4343,#246BFD,#FF8A06,#FF4343,#FFFF49",0.0,checked
333_zbll-pi_61,61,checked,"R' U2 R U' L' U R U R2 U R2 U2 x' M'
L2 F2 L B L' F2 L B' U2 L2 U L2 U L2 U2 L'",M x U2 R2 U' R2 U' R' U' L U R' U2 R,3_zbll_pi,ZBLL-PI,333,,,"#43FF43,#43FF43,#FFFF49,#FFFF49,#FF4343,#FFFF49,#43FF43,#FF8A06,#FF8A06,#FFFF49,#FFFF49,#FFFF49,#246BFD,#FFFF49,#246BFD,#FFFF49,#FF4343,#246BFD,#FF8A06,#FF4343,#FFFF49",0.0,checked
333_zbll-pi_23,23,checked,"R' U' R U' L U' R' U' L' U' L U' x M
L' U2 L R U' L' U R' L2 U L2 U L2 U2 L'
R' U2 R L U' R' U L' R2 U R2 U R2 U2 R'",M' x' U L' U L U R U L' U R' U R,3_zbll_pi,ZBLL-PI,333,,,"#FF8A06,#43FF43,#FFFF49,#FFFF49,#43FF43,#FFFF49,#FF8A06,#246BFD,#FF4343,#FFFF49,#FFFF49,#FFFF49,#FF8A06,#FFFF49,#43FF43,#FFFF49,#FF4343,#246BFD,#FF4343,#246BFD,#FFFF49",0.0,checked
333_zbll-pi_4,4,checked,"R' U' R2 U R2 U R2 U2 R2 U R U' R' U2 R
R U R2 U' R2 U' R2 U2 R2 U' R' U R U2 R'
R U2 R' U' R U R2 U2 R2 U R2 U R2 U' R'
R U M2 B U' M2 B' U M2 B U' M2 B' R'",R' U2 R U R' U' R2 U2 R2 U' R2 U' R2 U R,3_zbll_pi,ZBLL-PI,333,,,"#FF8A06,#43FF43,#FFFF49,#FFFF49,#43FF43,#FFFF49,#FF4343,#43FF43,#FF8A06,#FFFF49,#FFFF49,#FFFF49,#FF4343,#FFFF49,#246BFD,#FFFF49,#FF4343,#246BFD,#FF8A06,#246BFD,#FFFF49",0.0,checked
333_zbll-pi_7,7,checked,"F U R U' R' F' f U R U' R' f'
R U2 R2 U' R U' R' U2 R U R U' R'
R U2 R2 U' R U' R' U2 R U R U' R'
R' U' R U' R' U2 R U R' U' R U' R' U2 R",f R U R' U' f' F R U R' U' F',3_zbll_pi,ZBLL-PI,333,,,"#FF8A06,#FF4343,#FFFF49,#FFFF49,#43FF43,#FFFF49,#FF4343,#43FF43,#246BFD,#FFFF49,#FFFF49,#FFFF49,#43FF43,#FFFF49,#246BFD,#FFFF49,#FF4343,#246BFD,#FF8A06,#FF8A06,#FFFF49",0.0,checked
333_zbll-pi_59,59,checked,L' U R U' L U R2 U' R U' R' U2 R,R' U2 R U R' U R2 U' L' U R' U' L,3_zbll_pi,ZBLL-PI,333,,,"#246BFD,#FF4343,#FFFF49,#FFFF49,#FF8A06,#FFFF49,#43FF43,#FF8A06,#43FF43,#FFFF49,#FFFF49,#FFFF49,#FF8A06,#FFFF49,#43FF43,#FFFF49,#FF4343,#246BFD,#FF4343,#246BFD,#FFFF49",0.0,checked
333_zbll-pi_17,17,checked,"B' R2 U R' U2 R' U' R U' R U' R2 B
F' L2 U L' U2 L' U' L U' L U' L2 F
R' F2 D R' U2 R' U' R U' R D' F2 R
R' U' L' U2 R2 U2 R' U' R U' R2 U2 L U R
B' U' B U' F U' B' U F' U2 B R U2 R' U' R U' R'
F U F' U F U2 F' R U R' U L' U R U' L U2 R'",B' R2 U R' U R' U R U2 R U' R2 B,3_zbll_pi,ZBLL-PI,333,,,"#FF8A06,#FF8A06,#FFFF49,#FFFF49,#43FF43,#FFFF49,#FF8A06,#246BFD,#FF4343,#FFFF49,#FFFF49,#FFFF49,#246BFD,#FFFF49,#43FF43,#FFFF49,#FF4343,#246BFD,#FF4343,#43FF43,#FFFF49",0.0,checked
333_zbll-pi_14,14,checked,"R U2 R2 U' R2 U' R' L U' R' U L' U2 R
R U2 R2 U' R2 U' x' M' U' R' U L' U2 R",R' U2 L U' R U L' R U R2 U R2 U2 R',3_zbll_pi,ZBLL-PI,333,,,"#FF8A06,#246BFD,#FFFF49,#FFFF49,#43FF43,#FFFF49,#FF8A06,#246BFD,#43FF43,#FFFF49,#FFFF49,#FFFF49,#FF8A06,#FFFF49,#43FF43,#FFFF49,#FF4343,#246BFD,#FF4343,#FF4343,#FFFF49",0.0,checked
333_zbll-pi_49,49,checked,"R U2 R U' R2 U R' U2 R' U2 L' U R' U' L R
R U2 R2 D' U' R U R' D R U2 R' U2 R U R U' R'
B U B' U B U' B' U B U2 B' R2 D' L F2 L' D R U2 R",R' L' U R U' L U2 R U2 R U' R2 U R' U2 R',3_zbll_pi,ZBLL-PI,333,,,"#246BFD,#FF8A06,#FFFF49,#FFFF49,#FF8A06,#FFFF49,#43FF43,#FF8A06,#43FF43,#FFFF49,#FFFF49,#FFFF49,#246BFD,#FFFF49,#43FF43,#FFFF49,#FF4343,#246BFD,#FF4343,#FF4343,#FFFF49",0.0,checked
333_zbll-pi_47,47,checked,R U2 R2 F U' R2 U' R2 U F' U R,R' U' F U' R2 U R2 U F' R2 U2 R',3_zbll_pi,ZBLL-PI,333,,,"#43FF43,#FF4343,#FFFF49,#FFFF49,#FF4343,#FFFF49,#FF8A06,#246BFD,#43FF43,#FFFF49,#FFFF49,#FFFF49,#FF8A06,#FFFF49,#FF8A06,#FFFF49,#FF4343,#246BFD,#43FF43,#246BFD,#FFFF49",0.0,checked
333_zbll-pi_31,31,checked,"L U' R' U L2 U' L R U2 L' U' L
B' U2 B U B' U B L U' R' U L' U' R",L' U L U2 R' L' U L2 U' R U L',3_zbll_pi,ZBLL-PI,333,,,"#246BFD,#246BFD,#FFFF49,#FFFF49,#FF8A06,#FFFF49,#FF4343,#43FF43,#FF4343,#FFFF49,#FFFF49,#FFFF49,#43FF43,#FFFF49,#FF8A06,#FFFF49,#FF4343,#246BFD,#43FF43,#FF8A06,#FFFF49",0.0,checked
333_zbll-pi_33,33,checked,"L U2 R' U L' U L U L' U' L U' R U2 L'
F U2 F' U' F U' F' R' U2 R' D' L F2 L' D R2",L U2 R' U L' U L U' L' U' L U' R U2 L',3_zbll_pi,ZBLL-PI,333,,,"#246BFD,#43FF43,#FFFF49,#FFFF49,#FF8A06,#FFFF49,#FF4343,#43FF43,#246BFD,#FFFF49,#FFFF49,#FFFF49,#FF4343,#FFFF49,#FF8A06,#FFFF49,#FF4343,#246BFD,#43FF43,#FF8A06,#FFFF49",0.0,checked
333_zbll-pi_21,21,checked,"L' U L U2 R U' L' U x' M' U2 L' U' L
L' U R U' L U L R2 U' R U L' U2 R' U2 R
L' U R U' L U R' L R' U' R U L' U2 R' U2 R",L' U L U2 M x U' L U R' U2 L' U' L,3_zbll_pi,ZBLL-PI,333,,,"#FF8A06,#43FF43,#FFFF49,#FFFF49,#43FF43,#FFFF49,#FF8A06,#246BFD,#246BFD,#FFFF49,#FFFF49,#FFFF49,#FF4343,#FFFF49,#43FF43,#FFFF49,#FF4343,#246BFD,#FF4343,#FF8A06,#FFFF49",0.0,checked
333_zbll-pi_40,40,checked,"D R2 D' R U' R2 D R2 D' R2 U D R' z' R'
D R2 D' R U' R2 D R2 D' R2 U D R' D' R",R z R D' U' R2 D R2 D' R2 U R' D R2 D',3_zbll_pi,ZBLL-PI,333,,,"#43FF43,#43FF43,#FFFF49,#FFFF49,#FF4343,#FFFF49,#FF8A06,#246BFD,#FF8A06,#FFFF49,#FFFF49,#FFFF49,#FF4343,#FFFF49,#FF8A06,#FFFF49,#FF4343,#246BFD,#43FF43,#246BFD,#FFFF49",0.0,checked
333_zbll-pi_8,8,checked,"R' U2 R U R' U R2 U R' U R U2 R'
R' U2 R U R' U R2 U R' U R U2 R'",R U2 R' U' R U' R2 U' R U' R' U2 R,3_zbll_pi,ZBLL-PI,333,,,"#FF8A06,#43FF43,#FFFF49,#FFFF49,#43FF43,#FFFF49,#FF4343,#43FF43,#FF4343,#FFFF49,#FFFF49,#FFFF49,#246BFD,#FFFF49,#246BFD,#FFFF49,#FF4343,#246BFD,#FF8A06,#FF8A06,#FFFF49",0.0,checked
333_zbll-pi_52,52,checked,"R' D R2 U2 R D' R2 U2 R' D R' D' R' U2 R'
L U L' U' L2 R' U' R U L2 U' R' U2 L U' x M
L F2 L B2 L' F2 L B2 L2 B L F' L' B' L F L'",R U2 R D R D' R U2 R2 D R' U2 R2 D' R,3_zbll_pi,ZBLL-PI,333,,,"#246BFD,#43FF43,#FFFF49,#FFFF49,#FF8A06,#FFFF49,#43FF43,#FF8A06,#FF8A06,#FFFF49,#FFFF49,#FFFF49,#FF4343,#FFFF49,#43FF43,#FFFF49,#FF4343,#246BFD,#FF4343,#246BFD,#FFFF49",0.0,checked